main,id,temp,pressure,humidity,temp_min,temp_max,wind_speed,clouds,sunset,sunrise,clothing_advice
Clear,857,7.8,1031.7,67.5,6.0,10.2,7.1,0.8,1704127188,1704098353,medium_coat_scarf
Clouds,853,12.4,1016.5,47.2,11.0,15.4,20.8,72.6,1704126234,1704089523,windproof_jacket
Clouds,823,27.5,992.4,77.7,26.7,28.7,4.0,55.1,1704131938,1704091045,tshirt_shorts
Clouds,817,13.1,1007.7,52.4,10.2,15.6,14.6,69.3,1704129708,1704090543,windproof_jacket
Clouds,846,15.8,1018.3,43.8,14.8,17.1,12.3,87.3,1704141117,1704090622,windproof_jacket
Snow,691,8.6,1026.8,59.7,6.7,10.2,4.0,42.7,1704128199,1704091417,medium_coat_scarf
Clear,885,37.0,1001.8,67.7,35.8,38.3,5.4,28.1,1704138575,1704096368,hot_summer
Rain,578,21.5,1009.4,86.3,20.4,23.9,9.7,78.6,1704136314,1704095808,light_rain_jacket
Snow,636,6.6,1033.2,77.8,4.8,8.5,7.5,7.0,1704126903,1704096241,medium_coat_scarf
Clear,870,38.0,993.9,69.0,35.2,39.6,1.1,26.1,1704125509,1704089346,hot_summer
Clear,851,15.9,990.6,60.6,13.6,16.9,5.8,21.7,1704126186,1704090511,light_jacket_jeans
Snow,628,-1.8,994.8,49.9,-4.4,-0.1,2.2,64.5,1704136277,1704090891,warm_winter_coat
Rain,558,27.5,1005.3,82.1,26.9,28.4,3.4,87.7,1704132276,1704098473,light_rain_jacket
Rain,510,18.1,1033.4,70.9,15.1,20.6,4.0,16.9,1704138261,1704093726,light_rain_jacket
Rain,533,18.5,1000.7,99.8,18.0,20.9,9.6,24.0,1704135719,1704091321,raincoat_umbrella
Clear,830,6.2,991.0,52.8,5.4,7.4,1.1,5.9,1704138379,1704092449,medium_coat_scarf
Clear,842,28.5,1005.2,44.7,25.7,30.8,7.8,15.1,1704139160,1704095086,hot_summer
Clear,845,-10.5,1013.8,62.4,-11.4,-8.7,6.6,22.1,1704131578,1704094274,extreme_cold_gear
Clear,808,-3.2,1038.5,48.2,-5.5,-2.7,11.9,8.5,1704136032,1704095990,warm_winter_coat
Drizzle,303,-2.2,1016.9,77.2,-4.0,0.1,10.9,85.4,1704142511,1704093525,winter_wet_gear
Clear,843,-11.9,994.4,68.9,-14.7,-10.2,14.5,29.6,1704134005,1704089174,extreme_cold_gear
Drizzle,319,17.9,1016.3,82.8,16.1,19.0,9.8,24.3,1704131765,1704097526,light_jacket_jeans
Clouds,819,9.6,1000.4,43.7,6.8,11.2,22.9,43.2,1704141683,1704088837,windproof_jacket
Snow,695,-27.7,1009.0,77.3,-28.8,-26.0,10.6,36.3,1704125810,1704094051,extreme_cold_gear
Clouds,808,17.5,1033.0,43.2,16.0,19.7,17.3,38.6,1704125212,1704095988,windproof_jacket
Snow,619,-18.3,997.6,33.5,-19.1,-17.3,14.8,11.4,1704133294,1704095589,extreme_cold_gear
Clear,800,25.3,981.1,60.6,23.0,26.1,5.7,21.3,1704135030,1704094958,tshirt_shorts
Snow,671,-0.8,1002.5,97.7,-3.5,2.0,12.8,36.7,1704138428,1704097423,winter_wet_gear
Clear,846,7.2,1039.6,74.7,4.7,8.6,4.6,11.0,1704130860,1704091159,medium_coat_scarf
Snow,691,-6.2,996.2,79.0,-7.6,-4.5,8.6,42.7,1704136093,1704094184,winter_wet_gear
Clear,801,38.0,1026.3,43.3,37.2,40.7,5.5,19.6,1704129884,1704094622,hot_summer
Clear,897,10.5,1024.8,71.3,8.6,11.0,5.7,24.2,1704138279,1704095672,light_jacket_jeans
Clouds,838,10.3,1010.3,47.9,8.2,12.1,15.3,39.1,1704139380,1704090780,windproof_jacket
Clouds,868,10.4,993.0,60.5,8.8,11.2,19.8,88.4,1704134517,1704091100,windproof_jacket
Snow,611,-8.7,1009.6,97.6,-9.8,-5.9,9.7,52.1,1704127644,1704091113,winter_wet_gear
Rain,570,14.5,1038.3,99.6,13.9,15.1,7.1,14.6,1704126294,1704093820,raincoat_umbrella
Drizzle,311,27.5,986.1,75.5,26.3,29.8,3.6,45.3,1704137773,1704092121,light_rain_jacket
Clear,843,33.2,1033.6,61.0,31.2,35.3,4.8,13.3,1704137447,1704095190,hot_summer
Rain,561,15.7,1004.5,88.5,14.4,18.0,7.6,43.3,1704142214,1704090154,raincoat_umbrella
Clear,824,1.3,991.3,71.1,-1.6,2.1,3.3,22.8,1704128746,1704090570,medium_coat_scarf
Drizzle,330,25.4,1009.8,74.7,23.2,26.2,2.4,34.7,1704132073,1704090232,light_rain_jacket
Clear,800,36.4,989.4,46.4,34.5,38.6,1.4,7.5,1704129838,1704095930,hot_summer
Snow,617,-4.4,983.7,76.1,-7.2,-1.5,14.2,39.1,1704133591,1704093825,winter_wet_gear
Clouds,810,24.2,1009.0,40.7,21.6,26.3,0.3,29.8,1704132142,1704093702,tshirt_shorts
Clear,805,-14.0,991.3,30.5,-16.7,-11.8,18.3,8.5,1704126381,1704092816,extreme_cold_gear
Clear,854,38.3,984.2,56.3,37.7,40.2,1.3,19.3,1704135158,1704098954,hot_summer
Clouds,833,8.5,1007.0,64.0,6.2,9.3,18.8,11.2,1704127075,1704090877,windproof_jacket
Rain,560,11.0,1016.4,95.9,9.5,11.5,14.7,14.5,1704139588,1704095309,raincoat_umbrella
Clouds,820,25.8,1001.9,77.4,23.8,28.1,3.2,4.5,1704127496,1704097154,tshirt_shorts
Clear,889,14.5,992.8,51.3,12.5,16.9,4.6,26.0,1704136392,1704099133,light_jacket_jeans
Rain,554,15.4,999.0,88.0,13.8,17.5,5.3,9.2,1704136150,1704090080,raincoat_umbrella
Drizzle,392,-2.6,1026.5,81.2,-3.4,-2.0,5.1,38.8,1704132264,1704093270,winter_wet_gear
Clouds,864,10.7,1031.4,60.8,8.8,12.0,20.7,87.9,1704131266,1704094519,windproof_jacket
Drizzle,318,-8.6,1014.2,97.9,-10.5,-7.1,12.0,53.2,1704141162,1704097474,winter_wet_gear
Rain,579,18.2,1029.5,77.0,15.9,19.4,9.6,98.6,1704137503,1704096355,raincoat_umbrella
Clear,848,-6.0,1024.9,66.4,-8.8,-3.6,8.9,22.3,1704135126,1704098038,warm_winter_coat
Rain,590,13.1,989.9,92.7,10.9,13.7,11.8,75.0,1704136432,1704089435,raincoat_umbrella
Clear,856,-17.1,998.6,71.2,-18.0,-16.5,6.9,17.6,1704127649,1704091436,extreme_cold_gear
Clear,826,18.1,1027.2,62.4,16.6,19.4,11.0,2.2,1704132185,1704097279,light_jacket_jeans
Clouds,821,16.3,1021.4,64.6,14.5,19.2,6.0,74.0,1704132223,1704099121,light_jacket_jeans
Clouds,895,29.6,1028.6,47.7,27.9,31.9,8.8,96.8,1704128118,1704092803,tshirt_shorts
Snow,674,-1.7,1037.4,50.5,-3.8,0.5,7.4,28.0,1704133625,1704093688,warm_winter_coat
Snow,662,8.5,994.9,65.9,7.5,11.2,2.6,12.6,1704126798,1704093985,medium_coat_scarf
Clear,887,32.7,1023.1,41.5,30.8,34.4,2.8,8.9,1704141662,1704095967,hot_summer
Clear,834,21.0,985.6,63.5,20.5,23.0,7.8,5.2,1704136871,1704098376,tshirt_shorts
Snow,606,-2.0,1006.4,87.3,-3.1,-0.5,2.9,39.8,1704132883,1704090834,winter_wet_gear
Drizzle,373,14.6,1017.8,73.7,12.4,15.6,7.4,59.7,1704132719,1704091702,light_jacket_jeans
Snow,685,-12.9,1026.8,69.7,-14.3,-12.1,2.0,64.1,1704139914,1704095305,extreme_cold_gear
Clear,801,7.7,1034.0,57.0,5.3,8.7,7.3,18.6,1704131376,1704089609,medium_coat_scarf
Clouds,832,14.6,998.8,73.2,13.0,17.5,5.0,12.5,1704134365,1704091881,light_jacket_jeans
Rain,563,24.1,1008.8,78.1,22.9,24.8,4.7,71.7,1704125788,1704093383,light_rain_jacket
Clear,897,33.8,1028.8,50.2,33.0,36.3,1.4,16.3,1704141851,1704098870,hot_summer
Rain,591,6.1,1001.7,85.7,5.4,8.0,5.6,26.0,1704142194,1704089091,raincoat_umbrella
Clouds,851,15.4,1011.3,69.2,13.8,17.3,4.5,2.4,1704129418,1704090765,light_jacket_jeans
Clear,884,12.1,991.8,59.1,9.3,12.7,3.8,27.2,1704134956,1704095210,light_jacket_jeans
Snow,659,-1.6,1024.0,79.7,-3.6,-0.5,9.2,5.2,1704131710,1704094176,winter_wet_gear
Clear,839,35.1,1005.9,54.0,33.3,36.9,3.4,1.6,1704126669,1704090415,hot_summer
Clear,823,1.5,1032.4,59.4,0.2,4.1,8.6,1.2,1704142368,1704091496,medium_coat_scarf
Drizzle,398,-3.2,1019.3,95.8,-5.0,-1.1,12.8,25.1,1704127674,1704098408,winter_wet_gear
Drizzle,338,18.8,992.5,53.8,18.0,19.4,2.4,28.6,1704127756,1704096960,light_jacket_jeans
Clear,892,-28.4,1038.3,59.0,-30.4,-25.5,0.5,6.4,1704134029,1704089127,extreme_cold_gear
Clear,851,33.4,1003.3,41.0,32.2,36.0,3.1,8.6,1704136997,1704089554,hot_summer
Rain,504,21.6,999.0,71.4,19.8,22.7,9.6,85.0,1704137309,1704090889,light_rain_jacket
Rain,500,10.7,1008.1,75.3,9.2,12.5,6.1,69.4,1704127769,1704094462,raincoat_umbrella
Rain,584,20.2,1014.5,90.7,18.3,20.9,5.1,55.2,1704125996,1704092066,light_rain_jacket
Rain,548,18.4,1021.7,85.3,17.8,20.3,3.3,78.4,1704131616,1704095154,raincoat_umbrella
Rain,545,18.5,1029.1,84.7,15.7,19.1,5.1,21.4,1704135405,1704098749,raincoat_umbrella
Rain,588,16.2,1005.0,76.6,14.7,17.9,5.2,46.3,1704131446,1704096502,raincoat_umbrella
Snow,673,-16.5,992.2,31.3,-17.5,-15.5,15.5,56.0,1704141387,1704092409,extreme_cold_gear
Snow,609,-6.0,1020.3,49.1,-7.2,-4.6,2.1,33.0,1704127714,1704094791,warm_winter_coat
Clear,813,-4.2,996.7,57.6,-4.9,-3.2,8.3,3.6,1704129048,1704094014,warm_winter_coat
Snow,622,-8.0,1034.4,46.5,-8.8,-7.2,7.7,36.1,1704134317,1704098883,warm_winter_coat
Snow,693,-25.6,1024.0,63.9,-27.0,-22.8,9.3,85.6,1704141659,1704093858,extreme_cold_gear
Clear,897,23.8,1016.5,58.5,22.9,25.6,0.9,8.6,1704126165,1704094548,tshirt_shorts
Rain,532,15.3,993.7,80.1,14.8,18.0,7.1,24.5,1704126354,1704091996,raincoat_umbrella
Rain,547,18.3,1025.4,83.0,17.4,20.0,11.1,33.1,1704129596,1704092653,raincoat_umbrella
Clear,803,-11.2,987.9,36.1,-13.7,-9.9,14.4,10.2,1704132206,1704098599,extreme_cold_gear
Snow,611,-2.7,1021.7,40.2,-3.4,-1.5,1.2,27.9,1704133271,1704097849,warm_winter_coat
Clear,896,-1.7,1035.5,59.2,-3.6,1.0,5.7,23.0,1704142323,1704095298,warm_winter_coat
Snow,663,-3.3,1014.8,44.6,-4.1,-2.1,8.9,48.6,1704129008,1704091989,warm_winter_coat
Clear,834,30.3,995.9,37.6,29.3,31.6,6.2,23.0,1704141777,1704093827,hot_summer
Drizzle,305,26.1,1012.3,76.1,25.1,28.9,8.9,90.0,1704135929,1704096229,light_rain_jacket
Clouds,843,16.4,1019.3,58.9,15.2,17.5,15.6,69.6,1704136340,1704093086,windproof_jacket
Drizzle,334,-9.7,1004.2,80.9,-11.1,-7.7,3.7,89.4,1704131276,1704098499,winter_wet_gear
Clear,843,5.0,995.0,74.0,3.3,7.6,1.3,2.7,1704134166,1704094953,medium_coat_scarf
Drizzle,335,12.8,1010.7,84.0,10.0,15.7,3.8,24.0,1704130466,1704097598,light_jacket_jeans
Clouds,831,25.2,1035.3,60.2,23.4,27.7,0.6,17.7,1704134292,1704091126,tshirt_shorts
Snow,686,-8.8,1013.9,71.1,-9.8,-6.9,3.3,10.5,1704129655,1704095654,warm_winter_coat
Clear,800,-26.3,1025.6,64.4,-28.3,-24.3,5.2,14.4,1704136508,1704090385,extreme_cold_gear
Clouds,805,14.4,1002.8,66.5,12.4,16.5,4.8,59.9,1704130484,1704092599,light_jacket_jeans
Drizzle,366,23.0,1003.6,78.0,22.2,24.7,3.7,70.1,1704131615,1704091766,light_rain_jacket
Clouds,822,3.8,1009.2,54.1,1.3,5.4,7.8,3.2,1704138400,1704096953,medium_coat_scarf
Clouds,830,13.8,1039.6,44.2,13.3,16.7,19.1,56.5,1704137193,1704091336,windproof_jacket
Clouds,801,25.1,995.8,52.8,22.9,26.8,1.7,3.6,1704127890,1704089817,tshirt_shorts
Drizzle,365,-4.8,999.2,96.4,-5.8,-2.1,14.9,3.6,1704140159,1704093837,winter_wet_gear
Clouds,862,8.2,1031.3,52.6,6.2,9.9,14.3,75.0,1704133349,1704091563,windproof_jacket
Clear,884,-0.0,1014.2,67.0,-2.9,2.4,5.4,18.6,1704142398,1704092576,warm_winter_coat
Clear,855,39.2,989.0,38.3,37.5,41.9,2.9,15.3,1704131704,1704098844,hot_summer
Clouds,822,17.8,1018.3,52.0,17.2,19.4,6.8,68.7,1704125988,1704095105,light_jacket_jeans
Clouds,871,15.8,1024.9,64.5,14.8,16.4,24.9,3.4,1704125905,1704090851,windproof_jacket
Snow,643,-2.9,1036.1,49.5,-5.4,-1.1,5.4,74.9,1704135442,1704091101,warm_winter_coat
Clouds,846,11.3,1030.8,57.6,9.4,12.4,15.2,36.7,1704127926,1704089246,windproof_jacket
Clear,814,-2.6,1029.8,72.8,-3.2,-2.1,4.8,5.9,1704127575,1704095908,warm_winter_coat
Drizzle,311,20.7,996.4,90.2,19.3,21.7,8.5,56.0,1704142646,1704097504,light_rain_jacket
Rain,526,9.4,991.6,81.5,6.9,11.1,13.1,80.8,1704128884,1704091325,raincoat_umbrella
Clouds,848,15.6,1026.1,59.9,14.7,18.4,22.9,63.9,1704142157,1704092765,windproof_jacket
Rain,557,8.5,1028.6,81.6,6.6,11.1,12.8,49.5,1704125703,1704092176,raincoat_umbrella
Clouds,825,16.1,1009.6,69.8,13.6,17.3,13.1,52.1,1704130447,1704089549,windproof_jacket
Snow,687,-10.3,981.9,47.2,-10.9,-8.7,4.1,49.4,1704133763,1704098548,extreme_cold_gear
Clear,887,26.7,1037.2,77.3,26.1,29.5,4.0,21.1,1704133085,1704094032,tshirt_shorts
Snow,634,4.9,1008.3,77.8,3.9,5.8,5.2,7.9,1704130532,1704094904,medium_coat_scarf
Rain,590,13.6,1012.1,84.3,11.3,14.4,4.7,38.7,1704132656,1704095502,raincoat_umbrella
Clear,842,34.9,998.7,38.3,32.8,37.3,4.0,12.8,1704132095,1704091308,hot_summer
Rain,586,20.7,983.9,91.7,18.1,22.7,3.7,25.0,1704124810,1704095129,light_rain_jacket
Snow,638,-5.7,989.0,80.8,-7.7,-4.4,12.4,63.0,1704126898,1704093435,winter_wet_gear
Snow,658,-17.3,1010.7,58.8,-18.8,-14.6,11.9,61.5,1704141658,1704095178,extreme_cold_gear
Clear,868,32.8,990.9,52.4,29.9,34.2,1.2,25.9,1704136391,1704091724,hot_summer
Snow,624,3.2,1022.5,75.0,2.0,6.2,6.4,11.4,1704131259,1704093483,medium_coat_scarf
Clouds,810,22.3,1033.3,56.9,21.5,24.0,5.6,32.6,1704126777,1704096864,tshirt_shorts
Drizzle,374,-3.3,1033.0,94.6,-6.1,-0.9,10.0,70.9,1704140287,1704096778,winter_wet_gear
Clear,872,30.8,1039.3,31.7,29.3,33.0,0.1,12.8,1704141899,1704091157,hot_summer
Clear,809,-3.9,980.1,40.4,-5.6,-2.1,5.0,5.0,1704138213,1704090451,warm_winter_coat
Clear,881,0.4,981.5,73.4,-0.5,3.1,6.4,13.3,1704140515,1704088937,medium_coat_scarf
Clear,875,30.6,983.1,54.9,28.7,32.7,0.7,15.9,1704142365,1704096641,hot_summer
Clear,839,-8.9,1016.6,58.1,-10.6,-6.8,2.7,5.9,1704130559,1704093746,warm_winter_coat
Clear,836,5.9,992.8,59.3,3.5,7.0,3.3,16.6,1704137766,1704092388,medium_coat_scarf
Drizzle,308,24.1,1034.0,86.8,21.7,25.6,9.8,56.7,1704132060,1704095125,light_rain_jacket
Clouds,852,29.0,1031.6,44.2,26.2,31.3,9.8,68.8,1704132758,1704090856,tshirt_shorts
Clouds,888,29.7,996.2,53.1,27.6,31.4,9.2,98.9,1704129705,1704095424,tshirt_shorts
Clouds,850,14.3,986.8,59.8,11.5,15.6,14.5,2.1,1704133184,1704089726,windproof_jacket
Clouds,871,2.5,1002.4,65.9,1.3,4.7,5.1,96.3,1704128346,1704097483,medium_coat_scarf
Clear,817,6.0,991.6,71.4,5.3,8.6,4.9,25.8,1704135077,1704097836,medium_coat_scarf
Rain,529,5.0,1024.7,89.7,3.4,6.4,10.3,88.9,1704130863,1704089905,raincoat_umbrella
Snow,643,-3.7,1032.8,98.5,-6.1,-2.1,8.3,62.0,1704126763,1704090610,winter_wet_gear
Rain,517,23.7,1039.3,94.8,22.9,26.2,6.3,74.7,1704134381,1704090541,light_rain_jacket
Clear,820,2.4,1019.5,77.4,0.6,4.0,6.5,27.4,1704134772,1704095638,medium_coat_scarf
Rain,564,27.1,991.7,94.7,24.4,29.7,6.0,46.1,1704125651,1704092428,light_rain_jacket
Clear,828,37.5,1002.5,65.6,35.6,38.1,2.7,2.8,1704134567,1704093828,hot_summer
Drizzle,367,24.4,1007.0,87.6,23.3,26.3,2.1,48.9,1704130624,1704090469,light_rain_jacket
Clouds,831,9.3,982.5,53.7,6.5,11.8,12.5,65.8,1704125805,1704093866,windproof_jacket
Clear,869,39.9,1032.6,35.6,37.6,42.1,4.1,22.2,1704130084,1704092682,hot_summer
Clouds,872,9.3,1007.7,52.8,7.2,10.0,12.2,52.3,1704135839,1704090754,windproof_jacket
Snow,687,-6.9,1018.1,61.5,-9.4,-6.3,6.6,47.5,1704134867,1704092518,warm_winter_coat
Clear,869,36.7,1010.1,38.0,36.0,38.3,3.0,21.8,1704134534,1704094038,hot_summer
Clouds,890,16.4,1030.0,61.4,13.6,18.3,8.3,17.1,1704128539,1704098767,light_jacket_jeans
Clear,828,33.0,982.8,45.3,30.7,33.7,4.2,5.0,1704129216,1704095314,hot_summer
Snow,641,-28.1,1009.5,32.9,-30.6,-26.9,11.7,81.0,1704138403,1704094332,extreme_cold_gear
Drizzle,322,-1.4,1039.0,93.1,-3.4,-0.4,13.7,96.2,1704142690,1704089948,winter_wet_gear
Drizzle,335,-6.3,990.5,94.4,-8.8,-5.1,5.8,44.6,1704129798,1704091985,winter_wet_gear
Clouds,854,15.0,1024.7,67.5,13.5,17.1,9.1,72.8,1704132388,1704095031,light_jacket_jeans
Clear,876,38.7,1007.7,45.6,36.1,41.5,2.5,11.7,1704140350,1704092077,hot_summer
Clear,853,-10.7,1013.8,31.2,-12.9,-8.0,8.7,10.7,1704135048,1704096327,extreme_cold_gear
Clear,839,-3.7,1001.2,40.8,-4.6,-2.4,11.2,19.5,1704142313,1704096870,warm_winter_coat
Clouds,857,7.1,1011.4,58.3,4.9,9.1,6.7,89.9,1704140330,1704092181,medium_coat_scarf
Clear,861,33.0,1021.8,47.2,32.1,34.7,4.3,21.1,1704140469,1704093249,hot_summer
Clear,824,39.9,984.5,51.8,38.8,40.9,7.7,11.0,1704136003,1704090320,hot_summer
Clouds,827,14.5,1025.6,84.6,12.8,15.7,8.7,11.9,1704128063,1704098456,light_jacket_jeans
Drizzle,389,-8.4,981.1,89.4,-10.7,-6.1,5.6,98.7,1704127387,1704095959,winter_wet_gear
Clouds,884,15.2,981.1,54.4,13.7,15.9,12.8,21.3,1704140766,1704092339,windproof_jacket
Rain,546,25.6,987.5,94.8,23.2,26.8,4.8,57.3,1704139244,1704091351,light_rain_jacket
Snow,678,-1.1,1014.6,83.2,-3.2,0.1,4.3,55.5,1704129073,1704092255,winter_wet_gear
Rain,565,11.8,1033.7,93.7,10.8,12.6,4.8,15.3,1704134743,1704092144,raincoat_umbrella
Rain,533,18.8,993.8,92.0,17.8,19.9,4.5,73.1,1704142131,1704089919,light_rain_jacket
Rain,529,15.6,1019.0,94.3,14.6,18.3,4.5,96.1,1704135437,1704095345,raincoat_umbrella
Rain,513,23.7,1020.0,79.6,22.9,26.2,7.3,24.8,1704127977,1704094521,light_rain_jacket
Clear,823,-7.7,1016.7,46.1,-8.8,-6.1,10.2,15.3,1704126093,1704095496,warm_winter_coat
Clear,856,35.7,984.0,42.5,34.3,37.4,4.2,29.2,1704137085,1704092637,hot_summer
Clear,839,-2.9,1020.9,41.6,-5.1,-1.8,11.9,29.1,1704136080,1704098804,warm_winter_coat
Clouds,877,18.0,1019.0,51.3,15.7,20.4,8.7,94.1,1704136950,1704098569,light_jacket_jeans
Clear,856,39.0,1039.3,60.5,38.3,40.1,4.0,14.0,1704127624,1704093509,hot_summer
Snow,637,-9.2,1036.6,81.7,-11.9,-6.3,10.3,62.1,1704142299,1704098346,winter_wet_gear
Clouds,865,11.9,1016.2,74.3,9.6,12.5,7.4,75.5,1704134388,1704097467,light_jacket_jeans
Clouds,836,12.1,982.1,50.5,9.3,15.0,13.6,29.7,1704131114,1704097575,windproof_jacket
Clear,878,11.9,1026.9,74.3,10.9,13.8,6.1,21.3,1704136194,1704096823,light_jacket_jeans
Snow,618,-7.8,1016.2,86.0,-10.0,-5.3,12.7,57.1,1704125140,1704091311,winter_wet_gear
Clouds,879,13.1,1035.7,59.4,10.9,16.0,13.7,32.2,1704133935,1704094293,windproof_jacket
Clear,862,28.6,996.4,55.7,26.1,29.5,0.0,17.9,1704141397,1704089993,tshirt_shorts
Rain,505,17.2,1018.5,96.0,15.7,19.8,11.0,94.9,1704133647,1704098752,raincoat_umbrella
Clear,834,30.1,1007.3,59.7,27.2,31.6,2.0,11.6,1704126416,1704089663,hot_summer
Rain,595,16.4,1032.3,85.6,15.4,17.6,4.5,8.3,1704132303,1704099549,raincoat_umbrella
Drizzle,312,20.9,998.9,86.9,18.5,22.2,4.4,84.5,1704131236,1704089679,light_rain_jacket
Snow,673,-5.7,1016.1,83.9,-8.2,-4.0,5.8,18.8,1704141700,1704098342,winter_wet_gear
Clear,809,28.7,986.9,54.2,27.1,30.1,5.5,11.5,1704132341,1704090107,hot_summer
Rain,504,13.2,985.2,95.4,11.5,16.1,12.8,60.7,1704128508,1704092003,raincoat_umbrella
Clear,818,-10.9,1025.1,73.5,-11.5,-9.2,3.2,6.1,1704127037,1704096040,extreme_cold_gear
Clear,839,34.8,1037.6,65.1,34.0,35.4,4.5,1.5,1704134542,1704090800,hot_summer
Clear,870,-6.9,1009.0,74.6,-7.9,-5.5,12.0,23.5,1704129953,1704096136,warm_winter_coat
Clear,813,33.5,1022.6,63.1,30.9,35.7,6.6,3.2,1704131333,1704096327,hot_summer
Drizzle,309,-9.2,1001.1,84.9,-10.6,-8.3,5.9,26.5,1704138260,1704091822,winter_wet_gear
Clear,835,30.3,1036.6,61.7,28.5,33.2,7.3,28.8,1704127710,1704096978,hot_summer
Rain,557,19.4,1031.1,84.4,18.6,20.6,9.5,33.4,1704127669,1704098510,raincoat_umbrella
Clear,846,-8.3,1032.8,56.9,-9.3,-7.4,7.8,7.4,1704136485,1704092692,warm_winter_coat
Snow,613,-8.4,1026.9,59.8,-10.0,-6.6,6.1,54.5,1704141633,1704094098,warm_winter_coat
Snow,668,-19.6,1036.8,57.1,-21.7,-19.0,5.0,46.7,1704134557,1704093111,extreme_cold_gear
Rain,539,21.3,984.8,85.6,18.8,23.6,7.8,4.3,1704136977,1704097780,light_rain_jacket
Drizzle,324,-1.8,996.1,77.6,-4.8,0.4,11.6,38.1,1704135643,1704096566,winter_wet_gear
Clouds,838,4.2,994.0,65.7,1.2,6.4,2.3,72.8,1704127372,1704089385,medium_coat_scarf
Clouds,850,0.5,991.4,77.0,-0.8,1.5,6.9,90.3,1704142099,1704092246,medium_coat_scarf
Clear,833,-9.5,1017.7,60.6,-11.0,-7.9,11.6,28.8,1704141431,1704094151,warm_winter_coat
Drizzle,341,10.9,991.1,60.6,8.3,13.6,7.0,46.7,1704127696,1704089332,light_jacket_jeans
Snow,657,-7.8,1006.6,68.7,-9.0,-5.6,1.4,63.3,1704126408,1704098164,warm_winter_coat
Snow,691,7.6,996.5,67.7,5.1,8.7,3.1,31.0,1704139136,1704099312,medium_coat_scarf
Drizzle,386,-8.3,1006.9,95.7,-10.5,-5.6,8.4,13.5,1704130503,1704096274,winter_wet_gear
Clear,833,29.2,1022.2,56.5,28.0,30.8,4.2,28.3,1704135774,1704097396,tshirt_shorts
Clear,888,-18.9,997.6,56.7,-19.6,-17.0,15.5,11.7,1704129909,1704099176,extreme_cold_gear
Clouds,869,12.6,1021.6,64.1,12.0,14.1,15.3,40.5,1704127531,1704094740,windproof_jacket
Drizzle,387,-5.2,1027.9,99.4,-6.9,-2.5,12.6,58.4,1704134102,1704097489,winter_wet_gear
Clear,823,-2.5,984.3,59.0,-4.2,0.1,9.9,17.8,1704128627,1704090181,warm_winter_coat
Rain,570,8.1,1033.6,93.3,6.0,10.2,4.2,14.9,1704134728,1704097190,raincoat_umbrella
Drizzle,322,21.0,1034.3,76.5,19.0,23.8,2.8,58.7,1704139710,1704098636,light_rain_jacket
Clear,847,34.0,1016.3,63.9,31.4,35.2,0.2,8.3,1704136935,1704096216,hot_summer
Clear,808,28.1,1004.7,38.5,25.4,30.8,5.3,12.1,1704130449,1704098619,hot_summer
Rain,539,26.7,1008.7,86.6,24.4,29.5,2.7,82.7,1704142389,1704091258,light_rain_jacket
Clear,823,7.3,994.4,63.5,6.3,8.8,4.2,12.7,1704142387,1704098246,medium_coat_scarf
Clouds,821,8.3,1006.2,57.6,7.0,8.8,12.2,28.9,1704134105,1704099214,windproof_jacket
Drizzle,372,19.9,1029.1,72.6,17.7,22.0,8.7,15.1,1704128892,1704091782,light_rain_jacket
Clouds,824,27.6,1023.7,70.4,26.3,29.4,8.9,92.8,1704124925,1704088952,tshirt_shorts
Clouds,831,14.3,1005.9,53.2,12.5,14.9,11.6,66.5,1704139065,1704099089,light_jacket_jeans
Clouds,872,3.3,1011.0,76.5,2.8,4.9,3.7,18.7,1704138564,1704094491,medium_coat_scarf
Snow,677,-3.0,1006.2,94.5,-4.3,-1.8,6.1,54.1,1704138367,1704097189,winter_wet_gear
Snow,660,-7.1,1006.0,55.7,-9.6,-6.5,6.3,54.8,1704128913,1704097564,warm_winter_coat
Rain,540,10.0,1011.4,84.7,8.9,12.9,4.9,74.5,1704125992,1704090903,raincoat_umbrella
Clear,858,39.3,1024.5,37.2,36.7,40.1,0.5,17.2,1704128429,1704097388,hot_summer
Clouds,846,10.0,1035.2,56.8,8.8,10.8,19.7,74.2,1704140029,1704098014,windproof_jacket
Clear,845,27.7,1026.5,45.8,25.7,28.4,4.6,10.1,1704127547,1704095373,tshirt_shorts
Clouds,823,21.3,997.7,48.2,18.5,22.3,7.7,2.1,1704129068,1704088903,tshirt_shorts
Snow,644,0.9,992.6,70.9,0.2,2.3,6.5,90.1,1704141215,1704089820,medium_coat_scarf
Rain,585,7.1,1002.6,78.2,4.8,7.8,14.5,52.7,1704139778,1704091403,raincoat_umbrella
Rain,517,18.9,1008.0,92.3,17.0,19.7,11.1,37.7,1704132996,1704093710,raincoat_umbrella
Clouds,879,15.7,983.5,53.5,13.1,17.2,18.1,92.4,1704130439,1704097061,windproof_jacket
Snow,638,-9.1,1020.7,51.4,-11.1,-7.9,7.7,88.5,1704137607,1704094622,warm_winter_coat
Clear,809,36.9,1007.1,48.1,35.9,38.6,1.8,4.2,1704141267,1704093324,hot_summer
Clear,812,-14.2,1039.9,53.6,-16.5,-13.3,14.5,11.5,1704130611,1704095659,extreme_cold_gear
Clouds,870,3.6,997.3,75.6,2.5,5.6,5.4,96.2,1704132923,1704093421,medium_coat_scarf
Clouds,824,17.7,986.3,41.2,17.2,18.2,19.4,68.0,1704126139,1704097190,windproof_jacket
Snow,698,-8.6,1019.6,57.2,-11.1,-5.8,9.6,0.5,1704140566,1704096410,warm_winter_coat
Rain,551,17.9,1000.0,97.3,15.9,20.1,12.6,21.5,1704140070,1704092974,raincoat_umbrella
Clear,893,-13.4,1035.2,46.9,-14.8,-11.8,17.4,21.0,1704133117,1704094759,extreme_cold_gear
Clouds,896,11.9,1000.5,51.6,9.5,13.5,21.5,14.8,1704139020,1704089629,windproof_jacket
Rain,536,11.7,1035.9,91.0,9.0,13.0,5.5,64.3,1704131607,1704097752,raincoat_umbrella
Clouds,871,10.2,1018.3,64.2,9.3,12.5,12.9,64.0,1704131100,1704096418,windproof_jacket
Clear,801,-5.2,990.0,56.8,-7.2,-3.3,3.8,6.7,1704131980,1704091178,warm_winter_coat
Snow,647,-23.8,1024.5,79.5,-24.8,-22.1,8.8,59.9,1704137557,1704089636,extreme_cold_gear
Clouds,870,18.4,1001.1,63.7,15.5,21.2,2.1,49.9,1704128132,1704090753,light_jacket_jeans
Clear,810,20.3,1004.8,48.0,18.6,23.0,2.4,7.0,1704135239,1704096490,tshirt_shorts
Drizzle,357,22.0,1033.2,89.4,19.6,23.8,8.8,1.5,1704133777,1704091026,light_rain_jacket
Drizzle,357,-7.1,1039.2,78.1,-8.2,-5.2,11.6,65.5,1704142119,1704097501,winter_wet_gear
Clouds,818,13.1,1032.4,60.6,10.4,13.7,13.2,4.1,1704139205,1704090458,windproof_jacket
Rain,515,5.3,1023.4,93.1,3.7,8.3,12.3,76.6,1704135216,1704097124,raincoat_umbrella
Clear,815,24.1,1038.0,79.4,22.4,26.4,7.7,15.4,1704142154,1704098307,tshirt_shorts
Clouds,851,13.2,1000.6,51.4,11.9,14.8,22.4,23.0,1704135736,1704091111,windproof_jacket
Snow,648,-26.7,990.8,37.5,-28.2,-25.8,18.2,9.4,1704131323,1704090210,extreme_cold_gear
Clear,812,-20.9,1030.4,74.4,-22.7,-19.6,11.4,22.0,1704125821,1704099072,extreme_cold_gear
Snow,677,-7.0,1033.9,83.4,-8.6,-5.6,9.5,89.7,1704133334,1704094394,winter_wet_gear
Clear,841,37.0,1017.1,38.8,36.3,40.0,3.5,23.1,1704129666,1704098414,hot_summer
Rain,503,26.1,1035.3,89.8,25.6,26.7,9.3,53.0,1704130872,1704098940,light_rain_jacket
Snow,628,-3.7,1017.8,58.2,-6.0,-2.6,4.4,33.3,1704135305,1704092770,warm_winter_coat
Clear,803,29.9,999.5,54.9,29.0,32.7,4.6,5.5,1704125608,1704099457,tshirt_shorts
Clear,882,-2.6,1031.3,44.1,-3.8,-0.5,6.9,6.1,1704129900,1704097143,warm_winter_coat
Rain,518,18.4,1013.6,79.5,15.6,20.3,4.8,11.4,1704139504,1704098776,light_rain_jacket
Snow,610,-1.5,985.9,46.0,-2.7,1.4,1.8,55.7,1704139259,1704098008,warm_winter_coat
Clear,834,34.1,1032.3,54.5,32.2,36.3,0.1,28.0,1704137530,1704098762,hot_summer
Drizzle,362,-0.8,983.9,78.3,-1.3,-0.1,12.8,24.0,1704127428,1704089150,winter_wet_gear
Clear,803,-13.4,1031.8,67.4,-15.5,-12.0,7.5,17.6,1704140182,1704099396,extreme_cold_gear
Clear,880,-16.6,984.0,47.6,-18.5,-14.4,3.3,26.4,1704139326,1704092386,extreme_cold_gear
Snow,655,7.1,1004.4,52.0,6.2,8.5,2.8,61.8,1704136420,1704091617,medium_coat_scarf
Rain,593,10.4,1004.1,89.2,8.7,10.9,9.4,64.0,1704126836,1704097595,raincoat_umbrella
Drizzle,316,16.0,1034.3,83.2,14.7,17.2,3.9,5.3,1704127162,1704095564,light_jacket_jeans
Clear,849,13.2,1036.7,67.1,10.7,15.2,11.5,9.2,1704133397,1704099335,light_jacket_jeans
Clouds,856,9.0,1037.5,48.1,6.6,10.4,18.3,96.4,1704140558,1704098143,windproof_jacket
Drizzle,347,25.0,987.1,93.7,24.5,27.1,9.0,65.2,1704133640,1704093815,light_rain_jacket
Snow,658,-3.1,992.8,61.4,-5.4,-2.6,6.8,61.7,1704139784,1704092757,warm_winter_coat
Drizzle,324,-5.2,1034.8,96.9,-8.1,-2.6,4.1,43.1,1704136911,1704095927,winter_wet_gear
Drizzle,356,10.3,980.8,57.9,9.6,11.5,11.5,54.6,1704140271,1704089751,light_jacket_jeans
Snow,692,-4.9,1018.6,47.2,-7.3,-2.1,6.1,5.6,1704138772,1704091697,warm_winter_coat
Clear,826,8.3,985.7,56.0,5.4,9.2,4.2,17.6,1704132404,1704089013,medium_coat_scarf
Snow,600,-7.8,1004.8,41.2,-8.4,-7.1,1.4,52.3,1704136833,1704089852,warm_winter_coat
Clear,810,4.0,1029.9,56.1,3.2,5.3,6.5,14.0,1704126799,1704099398,medium_coat_scarf
Clouds,804,23.9,991.3,63.0,21.9,26.6,8.3,78.5,1704132372,1704090657,tshirt_shorts
Clear,856,-10.0,1036.4,60.8,-12.2,-7.3,1.3,14.3,1704134520,1704091342,warm_winter_coat
Snow,615,-2.3,988.3,46.0,-4.1,-1.2,1.5,56.0,1704140186,1704098983,warm_winter_coat
Clear,882,25.8,1025.2,42.1,23.4,28.2,3.4,8.8,1704137918,1704091454,tshirt_shorts
Clouds,839,4.9,981.0,62.2,3.6,7.2,5.4,81.5,1704134228,1704089500,medium_coat_scarf
Rain,542,12.2,1002.0,97.8,10.1,14.8,12.5,6.5,1704132451,1704095981,raincoat_umbrella
Clear,841,36.8,995.7,38.6,36.2,38.5,0.2,17.9,1704130816,1704095245,hot_summer
Drizzle,319,26.1,995.5,84.6,23.8,28.7,2.3,57.8,1704140852,1704099250,light_rain_jacket
Snow,629,-0.8,1031.7,75.7,-1.9,0.9,10.3,72.3,1704126882,1704098631,winter_wet_gear
Snow,672,8.5,1000.2,58.2,8.0,10.5,6.0,31.9,1704138502,1704099303,medium_coat_scarf
Clear,870,21.1,1026.6,73.1,18.9,23.1,2.5,28.7,1704131359,1704093772,tshirt_shorts
Rain,549,20.7,1032.2,92.0,20.2,22.7,7.3,39.5,1704132867,1704092463,light_rain_jacket
Clear,895,-28.7,1019.2,73.7,-29.5,-26.3,1.7,10.3,1704136324,1704096344,extreme_cold_gear
Snow,612,-2.6,1011.4,97.0,-5.0,-2.1,9.6,75.5,1704141576,1704091843,winter_wet_gear
Snow,671,-6.6,1008.3,78.5,-9.4,-4.2,4.7,13.3,1704129450,1704092316,winter_wet_gear
Clouds,881,2.2,1012.0,51.7,1.0,4.7,7.9,78.6,1704126984,1704092139,medium_coat_scarf
Clear,886,38.7,984.6,48.0,36.1,39.8,3.7,20.1,1704139899,1704093350,hot_summer
Clear,813,9.6,1012.5,69.5,8.0,10.4,6.2,3.1,1704130730,1704089369,medium_coat_scarf
Clouds,868,9.2,1010.2,64.4,6.8,9.8,19.3,9.5,1704126517,1704091799,windproof_jacket
Clear,887,3.1,999.4,78.2,0.1,4.8,1.9,19.6,1704141285,1704097555,medium_coat_scarf
Snow,661,-3.2,1010.0,62.9,-4.2,-2.7,10.6,69.2,1704125919,1704090660,warm_winter_coat
Drizzle,386,22.7,1015.9,76.6,21.8,25.1,4.7,87.4,1704130681,1704089328,light_rain_jacket
Clear,854,-2.2,992.1,41.2,-4.4,-1.5,5.5,26.1,1704126047,1704092683,warm_winter_coat
Clouds,852,8.5,982.7,54.1,6.7,11.0,19.6,9.0,1704126684,1704095582,windproof_jacket
Rain,566,27.5,1018.4,80.7,24.5,29.3,4.6,68.3,1704131678,1704096927,light_rain_jacket
Drizzle,377,-5.2,1014.5,78.5,-7.4,-2.5,14.6,28.7,1704130641,1704092001,winter_wet_gear
Clouds,847,5.5,988.3,68.9,4.1,7.3,6.2,69.5,1704125195,1704092749,medium_coat_scarf
Snow,617,8.2,1025.8,79.9,6.1,9.4,2.6,60.7,1704134578,1704089849,medium_coat_scarf
Clouds,846,9.7,1025.9,61.7,8.6,11.9,18.5,86.4,1704140307,1704095362,windproof_jacket
Snow,640,-6.6,1001.0,41.7,-8.9,-5.3,9.1,33.9,1704132081,1704090074,warm_winter_coat
Snow,664,-0.4,991.3,66.3,-2.2,2.5,8.2,97.7,1704125521,1704096506,warm_winter_coat
Clouds,837,10.3,1020.5,51.9,9.5,12.7,16.5,59.8,1704124839,1704093548,windproof_jacket
Clear,825,28.4,991.8,69.2,25.7,30.1,7.5,14.0,1704135382,1704096181,tshirt_shorts
Clouds,893,12.6,1007.8,65.1,11.5,14.8,16.1,20.1,1704128180,1704090062,windproof_jacket
Clear,812,28.5,1009.9,50.3,26.4,29.1,4.1,16.0,1704125915,1704096591,tshirt_shorts
Clear,869,13.0,1012.9,52.8,10.9,14.8,11.4,23.6,1704136369,1704089768,light_jacket_jeans
Snow,667,-3.0,1006.3,96.8,-4.4,-1.8,3.5,85.1,1704132014,1704096852,winter_wet_gear
Clouds,886,18.0,1013.0,52.1,17.1,19.2,23.2,66.7,1704140660,1704094312,windproof_jacket
Rain,526,17.5,982.6,82.8,15.7,18.6,4.6,64.4,1704138039,1704097781,raincoat_umbrella
Clear,890,-8.3,1029.3,41.9,-11.1,-5.9,5.6,24.4,1704137443,1704091439,warm_winter_coat
Clear,811,5.9,1029.6,73.2,5.3,8.2,6.4,8.0,1704133830,1704097743,medium_coat_scarf
Clouds,893,15.5,1008.7,40.5,13.7,16.4,19.1,89.3,1704135979,1704092997,windproof_jacket
Drizzle,338,19.5,1008.3,92.6,16.5,21.5,2.9,23.7,1704136816,1704090415,light_rain_jacket
Snow,669,-5.5,1004.4,97.8,-7.8,-4.3,10.1,15.1,1704135602,1704094911,winter_wet_gear
Clouds,870,14.8,1038.0,61.4,12.4,15.6,24.3,82.7,1704129357,1704097767,windproof_jacket
Clear,838,-8.6,1002.9,74.7,-10.1,-7.5,5.7,17.6,1704137910,1704095594,warm_winter_coat
Drizzle,360,-1.2,1027.2,82.7,-2.2,0.7,2.4,93.0,1704130769,1704096892,winter_wet_gear
Clouds,859,23.7,986.9,54.9,21.3,26.6,2.0,74.0,1704129180,1704097152,tshirt_shorts
Clouds,844,12.6,1038.1,44.3,10.0,13.3,24.0,73.2,1704130754,1704092946,windproof_jacket
Snow,635,-5.1,1039.4,97.4,-6.5,-3.8,2.5,77.2,1704140558,1704094016,winter_wet_gear
Clear,859,8.1,987.3,75.9,5.5,9.0,8.4,21.7,1704138947,1704091109,medium_coat_scarf
Clouds,802,5.7,1017.2,70.8,3.8,8.6,5.6,78.9,1704141354,1704091344,medium_coat_scarf
Snow,696,-5.8,988.8,57.3,-6.7,-4.3,4.6,21.2,1704132061,1704090639,warm_winter_coat
Rain,583,17.0,1029.5,87.0,16.5,19.8,12.9,31.7,1704126730,1704097015,raincoat_umbrella
Clear,833,38.6,992.7,65.3,35.9,39.6,5.3,25.9,1704129957,1704096764,hot_summer
Clear,808,27.9,1033.2,67.9,26.0,29.8,3.5,29.3,1704135321,1704092013,tshirt_shorts
Snow,612,-0.3,990.0,80.6,-1.5,2.2,6.7,5.0,1704137334,1704091686,winter_wet_gear
Clouds,819,17.7,990.9,64.7,16.3,19.5,21.9,33.1,1704135474,1704089126,windproof_jacket
Rain,505,26.0,991.6,93.1,25.2,27.6,6.0,76.4,1704137253,1704095584,light_rain_jacket
Rain,573,8.8,1012.7,93.7,6.9,9.7,5.4,43.4,1704136804,1704092701,raincoat_umbrella
Snow,697,-7.9,1035.9,89.8,-10.5,-6.0,3.2,74.9,1704128779,1704095614,winter_wet_gear
Clouds,875,18.9,1030.1,59.0,16.4,20.7,6.2,77.1,1704130667,1704098644,light_jacket_jeans
Rain,521,13.3,983.6,86.1,12.3,15.2,14.8,62.7,1704129241,1704097221,raincoat_umbrella
Drizzle,399,18.0,1016.1,76.9,17.2,20.7,6.9,97.0,1704131766,1704093024,light_rain_jacket
Clouds,893,11.4,1023.3,40.9,8.5,13.6,14.3,59.1,1704126971,1704090897,windproof_jacket
Snow,678,-2.3,1004.5,72.3,-4.5,-0.4,5.8,16.3,1704135317,1704099470,warm_winter_coat
Drizzle,362,26.7,1031.2,70.5,25.0,27.5,8.5,59.6,1704133628,1704091387,light_rain_jacket
Clear,889,-8.5,1004.4,72.4,-11.0,-6.8,8.8,2.1,1704131293,1704092288,warm_winter_coat
Clear,833,-5.5,1031.7,53.6,-6.0,-4.7,8.6,23.0,1704140132,1704093437,warm_winter_coat
Clear,853,-16.9,1023.4,42.4,-19.7,-14.4,4.4,29.3,1704129079,1704089528,extreme_cold_gear
Clouds,884,11.4,1020.6,56.6,9.4,12.6,13.7,84.4,1704125079,1704090111,windproof_jacket
Clear,876,14.9,1027.1,75.7,13.9,16.8,9.7,6.8,1704130544,1704096803,light_jacket_jeans
Clear,866,12.4,980.3,58.2,9.7,14.6,12.0,19.2,1704142049,1704092717,light_jacket_jeans
Snow,673,-5.0,1025.0,40.2,-7.9,-2.2,4.5,18.8,1704126213,1704097204,warm_winter_coat
Clouds,861,15.2,994.1,78.6,12.6,16.7,10.5,60.0,1704141053,1704098867,light_jacket_jeans
Clouds,812,22.3,1002.3,48.9,19.7,23.7,1.6,84.7,1704137774,1704095162,tshirt_shorts
Drizzle,316,16.4,1023.9,77.8,13.8,18.5,11.0,14.9,1704141384,1704095382,light_jacket_jeans
Drizzle,369,-8.0,983.8,91.7,-9.2,-5.9,12.2,1.9,1704124950,1704094330,winter_wet_gear
Snow,639,-4.7,1003.1,63.2,-7.4,-3.5,5.5,54.3,1704136555,1704093109,warm_winter_coat
Rain,546,18.8,983.2,82.4,16.6,19.8,13.9,8.4,1704127254,1704092219,raincoat_umbrella
Clear,827,37.9,998.9,50.7,35.5,39.4,3.7,17.4,1704137387,1704095595,hot_summer
Clear,857,28.8,984.6,52.8,28.0,30.1,5.9,7.7,1704131049,1704098252,tshirt_shorts
Snow,632,7.1,987.6,76.8,6.3,7.8,1.9,15.8,1704142726,1704090123,medium_coat_scarf
Snow,683,8.2,1026.9,78.7,7.7,10.2,3.6,35.2,1704138451,1704093232,medium_coat_scarf
Clouds,811,19.5,984.9,77.2,16.6,21.3,9.7,23.3,1704139918,1704093096,light_jacket_jeans
Rain,511,19.2,992.9,79.6,16.9,20.6,8.0,86.0,1704128118,1704096164,raincoat_umbrella
Clouds,865,26.0,995.7,72.7,23.1,26.6,7.6,24.5,1704128395,1704098300,tshirt_shorts
Clear,883,4.8,1011.7,76.6,3.6,6.6,4.7,5.1,1704125488,1704092740,medium_coat_scarf
Snow,609,-5.8,1026.8,77.0,-7.4,-4.6,9.6,6.7,1704129527,1704098432,winter_wet_gear
Rain,566,12.2,986.0,77.3,10.8,14.7,13.7,61.7,1704131789,1704095169,raincoat_umbrella
Clouds,831,10.3,1032.2,41.8,8.0,12.2,24.9,52.1,1704140005,1704097565,windproof_jacket
Rain,580,13.9,1002.3,93.5,11.0,15.5,4.8,87.0,1704129438,1704089658,raincoat_umbrella
Clouds,887,8.1,1014.0,55.9,5.1,10.7,6.6,24.9,1704132400,1704089021,medium_coat_scarf
Drizzle,306,-6.4,1014.3,91.1,-7.3,-3.6,3.6,67.8,1704134410,1704096980,winter_wet_gear
Clear,817,12.8,1030.6,56.3,12.2,13.9,7.6,4.6,1704139717,1704099380,light_jacket_jeans
Rain,565,17.6,1038.8,86.8,14.8,19.4,11.6,15.3,1704140601,1704095746,raincoat_umbrella
Drizzle,342,24.7,983.4,89.4,21.8,26.4,5.6,63.3,1704131173,1704098826,light_rain_jacket
Rain,587,26.3,1037.7,93.2,23.4,29.0,5.4,20.2,1704134183,1704089514,light_rain_jacket
Rain,530,26.6,1013.5,71.5,25.4,28.5,2.8,84.7,1704142559,1704088907,light_rain_jacket
Drizzle,366,10.5,1000.8,80.9,8.8,13.4,10.4,61.8,1704142509,1704099059,light_jacket_jeans
Clear,898,27.7,1018.6,72.5,25.0,30.5,8.1,13.7,1704125727,1704089057,tshirt_shorts
Clear,875,37.8,1010.6,64.4,36.8,38.6,0.1,12.5,1704141772,1704092446,hot_summer
Drizzle,353,10.6,1024.3,74.3,8.5,13.0,2.6,75.0,1704137882,1704089750,light_jacket_jeans
Snow,642,-0.8,980.9,59.7,-3.2,0.3,9.3,57.6,1704138185,1704088955,warm_winter_coat
Snow,648,-0.8,995.9,80.1,-2.0,1.1,7.4,58.6,1704134717,1704097690,winter_wet_gear
Drizzle,362,-1.0,1013.7,83.0,-2.4,0.5,12.4,97.9,1704127673,1704090569,winter_wet_gear
Clouds,894,13.4,988.0,48.0,11.7,14.8,20.9,10.3,1704139875,1704097754,windproof_jacket
Clear,836,22.4,1014.5,79.7,21.6,25.4,2.0,27.8,1704140722,1704099032,tshirt_shorts
Clouds,829,16.0,1035.0,66.0,13.1,17.9,12.6,46.6,1704142344,1704091339,windproof_jacket
Snow,685,-9.1,1009.7,59.5,-9.7,-7.1,10.4,8.4,1704126083,1704089550,warm_winter_coat
Clear,894,13.4,1024.5,68.0,10.7,15.0,10.5,25.1,1704125837,1704092537,light_jacket_jeans
Clear,848,31.7,1020.4,41.6,30.6,33.8,7.0,23.9,1704139790,1704094974,hot_summer
Clear,885,-6.0,1004.9,57.4,-8.3,-3.6,8.5,20.5,1704124868,1704093886,warm_winter_coat
Clouds,861,15.4,1019.0,55.7,14.5,16.9,23.9,21.2,1704132128,1704092546,windproof_jacket
Rain,518,14.5,1015.2,78.6,11.9,15.1,7.2,13.9,1704126889,1704089910,raincoat_umbrella
Clear,885,-6.9,1004.1,43.3,-8.2,-5.2,10.2,24.6,1704134842,1704093609,warm_winter_coat
Clear,806,-24.9,993.0,62.9,-26.4,-24.2,18.8,9.2,1704131677,1704090710,extreme_cold_gear
Drizzle,366,-4.8,1009.1,98.5,-5.9,-3.8,9.8,76.6,1704125082,1704093543,winter_wet_gear
Clear,829,34.7,1019.1,43.7,32.5,36.3,5.8,25.4,1704129756,1704096068,hot_summer
Clouds,891,17.2,1017.6,53.2,14.8,19.7,17.3,8.1,1704142002,1704093919,windproof_jacket
Drizzle,317,-6.9,1024.9,75.8,-8.6,-5.7,7.1,89.1,1704133867,1704097206,winter_wet_gear
Drizzle,354,-3.2,1024.8,84.4,-5.0,-1.9,9.4,78.6,1704132276,1704097179,winter_wet_gear
Drizzle,385,21.2,1037.8,73.4,18.4,22.0,4.3,41.6,1704126480,1704097073,light_rain_jacket
Clouds,865,26.2,1039.5,43.7,24.0,27.3,7.8,53.1,1704140209,1704093526,tshirt_shorts
Clouds,870,16.5,980.5,49.4,15.5,18.2,18.8,68.7,1704125223,1704091070,windproof_jacket
Clear,867,-0.2,1010.0,40.6,-2.6,2.0,2.0,10.1,1704134607,1704089539,warm_winter_coat
Clear,878,-27.7,1021.2,46.9,-30.0,-24.9,17.0,9.1,1704137117,1704092140,extreme_cold_gear
Snow,693,-7.7,1015.1,80.0,-10.4,-5.7,2.3,20.0,1704133884,1704094809,winter_wet_gear
Snow,608,-6.9,1033.6,62.5,-9.5,-4.7,2.6,14.4,1704130693,1704092483,warm_winter_coat
Clear,879,35.2,980.4,50.5,34.0,37.5,2.3,14.9,1704135326,1704089058,hot_summer
Snow,600,-15.9,1023.6,52.7,-18.8,-14.9,17.3,80.9,1704134817,1704090986,extreme_cold_gear
Snow,664,-18.2,1029.2,75.8,-19.9,-16.5,8.9,84.2,1704133719,1704092400,extreme_cold_gear
Rain,595,18.3,1014.4,94.9,17.4,20.9,11.3,12.1,1704135860,1704097475,raincoat_umbrella
Clouds,802,11.1,992.3,48.5,10.1,13.4,24.2,16.7,1704131880,1704098390,windproof_jacket
Clear,823,31.9,1002.4,38.8,30.4,33.5,2.8,2.1,1704136621,1704096605,hot_summer
Clouds,820,17.6,1017.0,52.5,17.0,20.2,15.2,13.3,1704134128,1704093386,windproof_jacket
Drizzle,372,-2.4,1017.4,91.8,-2.9,-1.5,9.4,91.8,1704124947,1704098463,winter_wet_gear
Clouds,840,13.0,1017.6,55.6,12.3,15.6,21.6,25.0,1704127760,1704098356,windproof_jacket
Clear,895,0.7,1019.7,68.2,-1.0,1.2,1.1,21.9,1704139555,1704095999,medium_coat_scarf
Clear,847,13.1,1030.7,84.6,11.7,15.4,8.1,2.2,1704128296,1704095874,light_jacket_jeans
Clear,880,27.3,986.0,54.7,25.1,28.7,0.2,14.9,1704137375,1704096311,tshirt_shorts
Drizzle,372,25.5,1009.3,89.3,24.7,28.1,8.7,50.4,1704135499,1704094561,light_rain_jacket
Rain,520,18.2,1035.1,89.8,15.5,19.7,3.3,42.6,1704130497,1704094526,light_rain_jacket
Snow,687,1.3,999.5,75.9,-1.1,1.8,9.7,98.9,1704139813,1704094040,medium_coat_scarf
Snow,624,-10.9,1013.4,37.3,-12.1,-9.8,1.6,79.2,1704133477,1704094391,extreme_cold_gear
Clear,835,24.1,1039.6,74.6,23.6,24.7,9.4,28.8,1704131079,1704090394,tshirt_shorts
Clear,822,33.9,1004.2,63.9,32.2,35.8,6.7,10.0,1704139091,1704091374,hot_summer
Drizzle,322,21.9,996.4,70.4,20.5,22.5,2.2,51.2,1704126535,1704091210,light_rain_jacket
Rain,567,22.7,1003.0,79.4,21.0,25.4,6.3,80.6,1704126818,1704091206,light_rain_jacket
Drizzle,318,19.2,1010.3,77.7,17.7,20.4,3.7,14.1,1704137394,1704096857,light_rain_jacket
Clear,852,31.0,1012.0,66.8,29.6,33.5,4.7,17.9,1704126901,1704094451,hot_summer
Rain,590,17.7,1007.4,95.7,15.2,19.1,14.7,9.7,1704133498,1704090855,raincoat_umbrella
Clear,855,35.2,1017.8,58.0,33.5,37.6,2.3,13.7,1704130524,1704091844,hot_summer
Snow,697,-10.3,982.5,71.7,-11.7,-7.4,7.3,22.2,1704125187,1704098397,extreme_cold_gear
Drizzle,388,16.7,1031.6,66.4,15.6,17.5,6.4,2.3,1704129762,1704089181,light_jacket_jeans
Clear,801,-2.9,997.8,58.7,-3.5,0.1,4.9,6.0,1704141501,1704096933,warm_winter_coat
Clear,870,23.5,1000.9,48.7,23.0,24.2,5.9,19.7,1704132341,1704089876,tshirt_shorts
Clear,848,32.6,1017.4,53.6,30.7,34.1,2.1,12.3,1704141872,1704091980,hot_summer
Rain,597,13.2,1016.8,82.6,10.9,15.1,7.2,49.0,1704132781,1704097478,raincoat_umbrella
Clear,849,-0.1,998.6,54.2,-2.1,2.8,8.2,11.1,1704129252,1704091850,warm_winter_coat
Clear,831,30.7,1024.8,39.9,30.1,33.6,3.9,14.2,1704138933,1704098981,hot_summer
Clear,829,39.2,996.8,52.3,38.2,40.5,4.6,23.1,1704133936,1704093394,hot_summer
Snow,608,9.2,1016.0,55.0,6.9,10.4,2.7,45.4,1704131762,1704094684,medium_coat_scarf
Snow,625,-1.3,1034.5,93.1,-3.8,0.1,2.9,98.1,1704140453,1704093182,winter_wet_gear
Clouds,883,25.9,998.2,51.2,24.0,26.6,9.1,45.0,1704131541,1704098867,tshirt_shorts
Snow,642,-4.2,1005.5,64.3,-5.5,-1.7,5.0,58.6,1704139142,1704091511,warm_winter_coat
Snow,648,-4.2,996.6,88.1,-6.9,-2.1,2.8,0.3,1704131342,1704090074,winter_wet_gear
Snow,620,-5.8,1024.8,99.2,-8.1,-5.1,9.8,13.5,1704139893,1704095421,winter_wet_gear
Drizzle,383,-4.5,1031.0,97.8,-6.1,-1.8,7.5,23.8,1704137915,1704090078,winter_wet_gear
Clear,807,28.6,990.7,58.7,26.4,31.2,8.3,4.8,1704136387,1704098438,tshirt_shorts
Rain,575,7.6,988.2,84.0,5.3,9.8,3.9,66.6,1704141945,1704094763,raincoat_umbrella
Clear,818,34.7,1027.1,63.0,33.1,37.6,5.1,18.0,1704135691,1704094644,hot_summer
Clear,858,14.7,1038.7,61.8,13.2,16.3,8.2,12.8,1704134756,1704089623,light_jacket_jeans
Clear,819,30.4,980.8,65.1,29.4,31.6,5.9,7.5,1704125925,1704091473,hot_summer
Rain,559,19.9,1005.8,86.9,17.8,20.9,9.4,3.8,1704131724,1704094765,light_rain_jacket
Drizzle,397,-4.7,1029.3,75.6,-7.5,-4.0,9.9,99.9,1704127295,1704090554,winter_wet_gear
Clear,837,25.8,1006.5,59.3,24.6,26.8,7.3,10.2,1704126506,1704091670,tshirt_shorts
Rain,578,21.2,1011.4,86.1,18.6,23.5,3.6,67.0,1704138620,1704092951,light_rain_jacket
Clear,819,2.8,1005.8,50.0,1.9,4.1,9.5,2.5,1704137466,1704094758,medium_coat_scarf
Snow,612,-4.8,992.3,88.6,-6.2,-2.5,12.7,84.7,1704137559,1704092425,winter_wet_gear
Clouds,817,12.6,1035.6,52.6,11.3,14.9,13.2,84.4,1704128902,1704097037,windproof_jacket
Clear,803,5.3,1003.7,66.5,3.3,7.8,5.0,0.8,1704136043,1704097333,medium_coat_scarf
Drizzle,385,15.9,997.2,70.8,14.3,17.3,11.3,27.9,1704136351,1704096752,light_jacket_jeans
Clear,894,34.2,1016.5,53.7,33.5,37.0,0.4,5.1,1704139351,1704099228,hot_summer
Clear,820,12.2,1000.3,80.5,10.2,14.5,11.0,10.6,1704135480,1704089482,light_jacket_jeans
Clouds,885,12.7,983.3,48.3,11.8,14.1,24.6,94.6,1704137958,1704093306,windproof_jacket
Clear,809,28.6,1025.7,31.2,26.0,29.2,4.4,16.1,1704129067,1704092760,hot_summer
Clear,806,6.6,1015.8,77.2,5.7,7.3,4.2,17.4,1704141603,1704098405,medium_coat_scarf
Drizzle,381,19.8,1018.2,81.6,17.5,21.6,7.1,66.8,1704124951,1704095008,light_rain_jacket
Clear,827,38.5,991.5,39.7,35.7,41.1,4.4,3.1,1704125677,1704097008,hot_summer
Clear,852,38.1,1024.5,30.2,37.3,39.5,2.0,9.5,1704139968,1704091720,hot_summer
Clear,886,18.1,1006.4,77.4,16.2,19.1,8.8,29.5,1704137284,1704091962,light_jacket_jeans
Clear,898,39.7,1025.2,50.1,37.9,41.6,3.6,4.0,1704132323,1704089766,hot_summer
Snow,641,-3.6,999.2,93.8,-5.6,-3.0,8.9,51.3,1704135569,1704093593,winter_wet_gear
Snow,681,-6.2,1033.7,98.6,-7.9,-4.5,6.4,80.1,1704133669,1704098194,winter_wet_gear
Snow,691,-12.6,982.6,46.4,-13.5,-11.3,9.8,11.8,1704133027,1704090059,extreme_cold_gear
Clear,836,28.7,1023.0,61.0,26.3,29.6,0.2,3.3,1704138502,1704092530,tshirt_shorts
Drizzle,335,20.9,1020.1,71.3,18.1,23.5,2.4,18.6,1704131641,1704092567,light_rain_jacket
Snow,685,-2.5,1011.5,71.8,-4.6,0.5,8.2,56.0,1704125181,1704089470,warm_winter_coat
Clear,828,14.0,1022.9,82.3,11.0,16.4,2.8,22.1,1704134830,1704092931,light_jacket_jeans
Drizzle,346,12.5,1001.5,75.1,11.7,14.4,10.1,16.8,1704139613,1704099363,light_jacket_jeans
Snow,604,7.7,995.6,67.3,6.5,9.9,5.4,5.3,1704129411,1704098809,medium_coat_scarf
Clear,852,0.7,980.1,71.5,-1.0,1.3,1.0,4.0,1704125327,1704096599,medium_coat_scarf
Clouds,803,7.7,1020.3,60.8,5.4,9.7,9.9,83.6,1704135554,1704096536,medium_coat_scarf
Snow,619,-1.0,1009.5,71.5,-1.6,-0.4,5.0,11.5,1704130585,1704094942,warm_winter_coat
Clear,800,-4.3,1008.0,42.9,-5.0,-2.9,1.3,19.4,1704131317,1704089773,warm_winter_coat
Clouds,819,25.5,1022.9,59.7,23.1,26.3,5.7,11.0,1704142369,1704089519,tshirt_shorts
Clear,833,39.2,1013.4,57.6,38.7,41.8,6.6,23.4,1704140818,1704089233,hot_summer
Clear,833,9.4,1015.3,61.4,7.5,11.8,8.1,19.4,1704126248,1704089253,medium_coat_scarf
Snow,645,-29.9,985.2,51.8,-31.5,-29.4,15.9,0.2,1704139647,1704098895,extreme_cold_gear
Clear,833,30.6,1019.3,33.3,27.8,31.5,5.4,8.2,1704141785,1704093469,hot_summer
Clear,871,26.9,985.6,43.0,25.7,28.8,2.0,1.9,1704140560,1704099218,tshirt_shorts
Rain,588,18.2,997.7,78.8,17.7,20.4,4.0,98.7,1704136438,1704095371,raincoat_umbrella
Clouds,878,11.7,983.7,56.7,9.9,13.6,9.6,99.7,1704137224,1704092661,light_jacket_jeans
Snow,629,-1.5,1007.7,92.5,-2.2,1.3,8.9,12.7,1704129783,1704090814,winter_wet_gear
Snow,634,-2.7,1020.1,49.3,-5.2,-1.8,8.0,68.8,1704125334,1704089345,warm_winter_coat
Clouds,874,0.3,998.5,70.7,-1.7,1.4,9.9,93.0,1704137827,1704088928,medium_coat_scarf
Clouds,825,8.4,991.4,41.0,6.8,9.8,15.5,53.9,1704133889,1704097802,windproof_jacket
Drizzle,339,23.3,1017.0,87.8,22.6,25.8,9.0,42.5,1704137874,1704090185,light_rain_jacket
Drizzle,341,24.8,1018.7,85.6,22.4,26.0,9.4,62.5,1704134149,1704095233,light_rain_jacket
Clouds,877,14.9,994.6,50.1,14.2,16.5,20.1,26.7,1704138998,1704095476,windproof_jacket
Clouds,879,3.8,1016.1,67.7,3.2,5.1,2.5,50.1,1704131831,1704090865,medium_coat_scarf
Snow,643,9.7,1006.3,76.6,7.9,11.5,2.0,7.6,1704142254,1704098759,medium_coat_scarf
Drizzle,362,22.4,996.8,72.0,19.6,23.5,4.3,72.4,1704142799,1704089605,light_rain_jacket
Clear,851,33.9,1037.2,43.2,32.7,35.2,0.9,1.8,1704127757,1704092260,hot_summer
Clouds,874,8.9,1012.9,49.1,7.3,11.7,15.0,32.7,1704131792,1704090481,windproof_jacket
Clouds,860,8.2,992.8,57.7,6.9,9.1,13.6,71.7,1704128668,1704095036,windproof_jacket
Clouds,883,9.4,984.1,63.3,7.9,10.4,15.1,43.5,1704140938,1704090242,windproof_jacket
Rain,583,9.4,982.1,95.2,7.3,10.4,9.2,28.2,1704136978,1704097735,raincoat_umbrella
Snow,601,-5.3,1035.9,73.1,-6.2,-3.1,9.1,59.8,1704131027,1704090976,warm_winter_coat
Clear,851,32.6,1024.1,36.5,32.0,35.2,6.3,11.5,1704137466,1704088923,hot_summer
Clouds,897,10.0,1034.8,41.1,7.9,12.3,13.9,22.2,1704134770,1704095769,windproof_jacket
Rain,591,15.5,986.5,96.4,12.6,17.2,4.0,64.1,1704141685,1704099174,raincoat_umbrella
Snow,661,-9.8,996.7,56.8,-11.6,-8.2,7.9,8.3,1704134149,1704089276,warm_winter_coat
Clouds,879,25.2,1030.6,77.0,24.0,25.8,8.3,67.3,1704135350,1704098905,tshirt_shorts
Clear,873,-14.6,987.2,56.3,-15.8,-12.9,1.7,17.7,1704135120,1704094731,extreme_cold_gear
Rain,505,14.4,994.4,98.2,12.7,15.5,6.4,51.7,1704125333,1704096356,raincoat_umbrella
Snow,610,-22.7,995.8,60.2,-24.0,-20.3,10.2,78.8,1704125341,1704093223,extreme_cold_gear
Drizzle,340,-7.3,997.8,78.7,-8.1,-6.7,9.2,26.4,1704126743,1704097260,winter_wet_gear
Clear,839,32.0,1037.7,54.6,30.4,33.2,7.4,15.3,1704127370,1704099155,hot_summer
Clear,831,36.8,1018.2,37.0,35.4,38.6,2.9,2.1,1704133341,1704099559,hot_summer
Clear,871,-22.9,1024.0,77.9,-25.5,-20.2,10.1,21.1,1704140334,1704093836,extreme_cold_gear
Drizzle,304,-2.0,1019.1,83.5,-2.6,0.6,5.8,97.5,1704131008,1704090113,winter_wet_gear
Rain,587,18.8,1011.3,85.6,17.1,20.3,13.3,31.1,1704130013,1704091607,raincoat_umbrella
Snow,616,-14.7,1015.1,75.0,-17.2,-11.7,2.4,7.2,1704130441,1704094145,extreme_cold_gear
Drizzle,341,20.2,1008.9,84.3,17.5,21.2,9.2,77.3,1704136357,1704094073,light_rain_jacket
Snow,644,-7.1,998.9,57.7,-9.5,-4.9,10.1,15.8,1704141799,1704094955,warm_winter_coat
Snow,673,-10.3,1015.3,76.0,-11.1,-9.6,16.8,54.4,1704127517,1704091563,extreme_cold_gear
Clouds,861,10.3,1017.3,43.3,9.7,12.4,24.3,6.0,1704126030,1704094633,windproof_jacket
Snow,625,-4.5,1027.4,95.1,-5.7,-1.6,3.6,27.0,1704135316,1704092189,winter_wet_gear
Drizzle,395,-2.2,1021.9,84.3,-5.2,0.4,13.1,77.1,1704136424,1704092545,winter_wet_gear
Clouds,804,24.4,995.2,52.1,22.5,26.4,0.7,19.8,1704131787,1704095372,tshirt_shorts
Clear,800,11.3,1024.8,52.5,9.5,12.4,3.9,17.8,1704142185,1704092388,light_jacket_jeans
Snow,669,-1.2,1028.2,93.7,-3.9,-0.1,5.3,47.2,1704137614,1704097449,winter_wet_gear
Drizzle,301,19.5,993.2,82.9,18.5,20.7,10.1,53.3,1704125535,1704095398,light_jacket_jeans
Clouds,841,13.9,1020.0,43.1,11.6,14.7,12.8,65.8,1704134720,1704099004,windproof_jacket
Drizzle,322,-8.5,1036.4,84.0,-9.5,-5.6,9.6,51.1,1704136370,1704089079,winter_wet_gear
Snow,661,-8.8,982.2,40.3,-10.3,-7.7,2.0,40.0,1704131935,1704091126,warm_winter_coat
Drizzle,382,18.1,990.9,72.3,16.4,19.4,6.9,2.8,1704139538,1704097464,light_rain_jacket
Drizzle,388,-1.7,984.1,92.2,-3.4,-0.0,11.5,72.9,1704140132,1704093256,winter_wet_gear
Snow,643,-9.6,1003.1,92.4,-11.7,-8.7,5.4,30.8,1704141448,1704096582,winter_wet_gear
Clouds,854,16.3,1016.9,56.0,15.6,17.6,14.1,67.9,1704130495,1704088858,windproof_jacket
Snow,662,-26.5,1036.1,41.2,-28.3,-23.7,14.6,10.5,1704141872,1704098369,extreme_cold_gear
Clear,856,-5.7,986.4,49.1,-7.7,-3.5,3.5,5.9,1704131462,1704096779,warm_winter_coat
Clear,805,13.4,1026.3,67.5,11.2,15.7,9.0,11.8,1704126539,1704092006,light_jacket_jeans
Snow,602,-27.8,1013.6,59.2,-28.7,-25.3,16.7,88.3,1704135666,1704095956,extreme_cold_gear
Clear,858,-28.3,1024.8,79.1,-30.5,-27.2,5.3,12.8,1704139353,1704089816,extreme_cold_gear
Drizzle,354,15.1,1021.0,83.8,14.1,17.4,11.5,79.8,1704126447,1704095474,light_jacket_jeans
Clouds,856,12.4,1018.7,58.9,11.1,14.7,21.3,11.9,1704125649,1704098306,windproof_jacket
Drizzle,377,20.8,1028.6,92.9,19.4,22.4,9.6,65.9,1704141877,1704093714,light_rain_jacket
Clear,813,16.4,991.5,78.0,15.4,18.4,9.9,19.5,1704142750,1704096116,light_jacket_jeans
Clear,865,30.0,1022.4,34.2,27.2,30.6,5.1,0.9,1704137563,1704094646,hot_summer
Clouds,895,9.6,1004.0,66.3,8.4,12.3,24.1,30.6,1704140650,1704096170,windproof_jacket
Snow,673,-4.4,1007.8,93.8,-5.2,-2.6,3.2,6.4,1704133076,1704092604,winter_wet_gear
Clear,845,-11.4,997.2,72.5,-12.5,-8.9,15.9,10.2,1704142416,1704093042,extreme_cold_gear
Clouds,883,10.3,1005.6,63.3,8.3,12.1,13.9,74.5,1704128056,1704090500,windproof_jacket
Drizzle,393,-4.8,1033.4,82.9,-6.0,-2.3,6.1,89.0,1704139343,1704091248,winter_wet_gear
Clear,810,-9.7,1032.5,56.4,-11.9,-8.3,3.8,12.4,1704130665,1704092360,warm_winter_coat
Clear,825,-21.5,1017.9,68.9,-22.1,-20.3,11.2,27.8,1704139069,1704098500,extreme_cold_gear
Snow,685,-26.6,996.9,66.2,-29.0,-25.8,3.1,74.9,1704128469,1704096128,extreme_cold_gear
Clouds,833,8.1,998.0,79.1,5.9,10.6,9.7,82.9,1704142445,1704097939,medium_coat_scarf
Clear,836,-10.1,1011.7,66.4,-12.7,-9.0,15.5,6.6,1704137955,1704095819,extreme_cold_gear
Snow,699,5.0,1020.9,67.5,3.1,6.8,3.0,80.2,1704141172,1704091982,medium_coat_scarf
Rain,550,8.4,999.6,81.5,6.1,9.9,3.8,7.2,1704127077,1704092328,raincoat_umbrella
Clear,837,-8.3,1028.3,66.6,-8.9,-5.7,5.2,15.1,1704126135,1704098911,warm_winter_coat
Rain,536,15.6,1026.2,92.9,13.4,16.4,5.8,2.0,1704134288,1704096680,raincoat_umbrella
Clouds,899,24.5,997.6,72.2,23.2,27.0,1.6,68.0,1704138528,1704090208,tshirt_shorts
Clouds,862,8.9,1029.9,68.5,8.2,9.8,23.1,86.4,1704126802,1704090251,windproof_jacket
Drizzle,325,19.1,1011.0,70.1,16.6,19.7,3.9,71.4,1704138664,1704091742,light_rain_jacket
Rain,500,25.4,1020.0,78.9,24.5,27.2,2.7,72.9,1704130672,1704099460,light_rain_jacket
Clouds,882,13.5,1011.0,54.3,12.1,14.6,16.1,35.6,1704132794,1704094636,windproof_jacket
Clear,850,28.7,991.8,62.8,26.8,30.4,8.8,5.0,1704139103,1704095929,tshirt_shorts
Clear,807,27.9,996.4,63.0,26.0,29.1,0.8,8.9,1704137953,1704089587,tshirt_shorts
Clear,897,4.1,1000.1,76.9,3.4,6.5,3.4,28.6,1704141033,1704096555,medium_coat_scarf
Clear,806,2.0,991.5,52.0,-0.4,3.9,4.6,1.9,1704133224,1704089415,medium_coat_scarf
Snow,652,-12.1,1038.4,79.6,-13.9,-9.4,10.6,64.6,1704142782,1704099238,extreme_cold_gear
Clouds,816,17.3,1030.5,57.8,16.6,19.2,23.0,91.9,1704133629,1704093858,windproof_jacket
Snow,625,-11.8,999.7,38.1,-13.6,-10.7,19.7,28.2,1704142202,1704091315,extreme_cold_gear
Rain,582,24.0,985.8,75.7,22.6,26.6,2.3,28.3,1704125366,1704091716,light_rain_jacket
Clear,881,32.5,1015.9,68.0,31.6,33.1,5.9,4.7,1704135620,1704098154,hot_summer
Clear,870,26.5,998.9,76.3,24.9,27.2,4.2,11.7,1704133697,1704094183,tshirt_shorts
Clear,868,36.2,999.0,31.0,34.2,37.3,5.5,1.7,1704126250,1704092977,hot_summer
Clear,827,39.0,996.1,53.4,36.3,41.2,4.3,11.1,1704132978,1704097303,hot_summer
Snow,631,2.8,986.2,54.5,1.2,5.5,5.5,91.1,1704140229,1704096460,medium_coat_scarf
Snow,636,-17.7,1029.8,39.6,-19.5,-15.2,18.4,82.8,1704132909,1704095576,extreme_cold_gear
Drizzle,375,13.7,993.3,56.9,10.9,16.4,4.5,54.9,1704126238,1704089391,light_jacket_jeans
Rain,569,12.3,1023.6,87.4,10.3,12.9,12.2,20.1,1704138553,1704093104,raincoat_umbrella
Clear,854,29.1,1035.0,54.0,28.2,31.4,2.7,12.2,1704134258,1704091968,hot_summer
Rain,570,6.7,984.2,89.8,5.0,9.1,11.7,2.3,1704139859,1704090535,raincoat_umbrella
Clear,837,-4.7,994.2,71.1,-6.3,-2.7,5.8,9.2,1704129167,1704097104,warm_winter_coat
Snow,664,-29.9,1020.7,55.0,-32.7,-27.9,13.4,85.0,1704128473,1704094003,extreme_cold_gear
Clear,813,-2.6,1000.3,64.2,-4.2,-1.6,5.7,3.6,1704127615,1704093022,warm_winter_coat
Clouds,892,8.2,1028.7,58.3,6.7,9.7,1.7,45.0,1704129528,1704095405,medium_coat_scarf
Clouds,881,15.0,1027.8,60.2,14.1,15.8,5.1,44.9,1704133169,1704093907,light_jacket_jeans
Clear,831,34.5,1018.0,68.5,33.7,37.3,2.7,28.0,1704126021,1704096229,hot_summer
Rain,524,12.1,983.8,98.0,10.2,12.9,8.9,22.9,1704130723,1704093375,raincoat_umbrella
Clouds,835,20.6,1031.3,47.8,19.3,22.5,6.6,25.3,1704139400,1704091084,tshirt_shorts
Clear,888,1.2,995.6,67.5,-0.7,3.8,1.8,6.4,1704138631,1704090234,medium_coat_scarf
Clouds,883,8.5,1003.1,46.6,5.6,10.7,12.1,85.0,1704129529,1704096844,windproof_jacket
Clouds,850,10.8,1032.8,51.8,8.5,13.6,20.8,12.7,1704129961,1704093367,windproof_jacket
Rain,588,18.4,1035.5,84.0,16.3,20.8,4.9,88.6,1704125105,1704095761,light_rain_jacket
Clouds,898,27.4,1013.6,68.5,24.7,30.2,0.6,8.5,1704141471,1704096340,tshirt_shorts
Clouds,809,16.8,1027.8,57.9,15.4,18.9,17.8,74.8,1704129218,1704096682,windproof_jacket
Clear,873,30.9,1037.1,66.6,28.9,32.8,2.7,16.0,1704131564,1704090197,hot_summer
Snow,605,-1.3,990.0,93.3,-2.1,1.5,6.0,29.1,1704140343,1704095406,winter_wet_gear
Clouds,810,12.4,1033.5,56.9,11.3,14.9,23.9,63.7,1704142173,1704090988,windproof_jacket
Clear,852,33.3,999.0,50.4,32.0,36.2,2.1,2.6,1704130827,1704099002,hot_summer
Drizzle,341,-0.3,980.5,96.3,-2.7,2.6,9.7,85.5,1704125313,1704088942,winter_wet_gear
Rain,590,11.1,1030.9,80.8,8.9,14.0,3.4,32.6,1704131948,1704094901,raincoat_umbrella
Rain,590,12.9,1019.7,88.8,10.5,13.6,4.1,63.4,1704136501,1704092010,raincoat_umbrella
Rain,575,7.7,990.1,85.0,6.3,9.4,6.5,58.0,1704138621,1704090915,raincoat_umbrella
Drizzle,376,21.6,987.7,71.7,20.9,24.1,3.3,43.6,1704129271,1704098606,light_rain_jacket
Clear,809,14.5,1008.2,80.2,13.8,15.0,10.7,29.2,1704135619,1704092911,light_jacket_jeans
Drizzle,396,15.5,1033.8,61.0,13.0,17.4,3.6,59.5,1704130875,1704091175,light_jacket_jeans
Clear,866,-4.1,1011.6,51.4,-5.3,-2.2,6.8,29.0,1704132395,1704092920,warm_winter_coat
Rain,506,18.6,1009.8,93.3,17.3,20.4,6.3,2.8,1704128547,1704094386,raincoat_umbrella
Snow,629,-17.8,997.9,56.0,-19.0,-15.9,0.7,69.2,1704130292,1704095322,extreme_cold_gear
Clear,803,-13.0,1001.6,79.8,-14.4,-10.9,18.7,28.3,1704131675,1704097641,extreme_cold_gear
Clouds,828,14.6,981.4,53.9,13.3,16.3,11.9,55.0,1704129121,1704094834,light_jacket_jeans
Drizzle,308,20.3,1030.1,84.1,17.5,22.9,4.6,9.8,1704129526,1704096777,light_rain_jacket
Rain,555,19.0,1017.5,80.9,17.3,20.3,7.2,77.4,1704142350,1704094617,light_rain_jacket
Clouds,804,21.1,1016.6,41.3,19.0,21.9,6.6,70.8,1704127131,1704091943,tshirt_shorts
Clear,804,35.0,1022.3,44.8,33.6,35.9,4.8,20.7,1704127366,1704093449,hot_summer
Drizzle,330,23.0,996.2,90.1,21.4,23.5,9.5,13.0,1704129114,1704098339,light_rain_jacket
Snow,621,-8.8,1031.8,80.7,-9.8,-6.5,7.5,21.7,1704132851,1704099338,winter_wet_gear
Rain,531,7.6,985.5,85.6,4.8,10.4,14.5,59.4,1704140206,1704097936,raincoat_umbrella
Clear,828,28.9,1034.5,39.1,28.3,30.2,7.5,23.4,1704129753,1704095581,hot_summer
Clear,848,-2.6,1028.9,48.0,-4.5,-1.0,6.2,29.6,1704133553,1704095620,warm_winter_coat
Snow,684,-2.1,1004.4,85.4,-3.0,-1.2,11.6,79.2,1704129152,1704089641,winter_wet_gear
Rain,568,10.5,1002.2,91.1,9.9,12.3,3.3,53.3,1704138465,1704095865,raincoat_umbrella
Clouds,831,13.8,1020.0,60.9,13.2,16.1,24.0,43.2,1704133264,1704099220,windproof_jacket
Clouds,895,12.6,1032.1,49.8,10.8,15.1,24.8,82.6,1704134891,1704091682,windproof_jacket
Clear,870,34.9,995.1,44.3,33.5,37.1,6.3,16.9,1704128248,1704091396,hot_summer
Drizzle,390,-0.0,989.6,76.7,-1.6,1.5,11.3,40.3,1704138609,1704092445,winter_wet_gear
Clear,857,20.2,1032.1,70.2,19.2,21.1,1.5,19.3,1704141015,1704095578,tshirt_shorts
Clear,845,14.4,1000.0,54.6,11.9,17.2,11.9,17.6,1704136941,1704096959,light_jacket_jeans
Clear,836,-27.0,987.6,75.1,-27.7,-25.1,0.7,14.2,1704136515,1704090503,extreme_cold_gear
Clear,853,-16.2,994.7,70.7,-17.2,-13.3,7.1,3.7,1704125644,1704098843,extreme_cold_gear
Clear,824,27.2,990.4,72.0,25.5,28.5,3.5,0.1,1704128184,1704094793,tshirt_shorts
Snow,604,-6.4,1010.9,92.0,-7.1,-3.8,3.9,83.8,1704139618,1704093689,winter_wet_gear
Clear,810,-3.7,1005.7,51.9,-4.7,-3.2,7.9,1.5,1704138112,1704091551,warm_winter_coat
Clear,858,20.2,999.3,59.3,18.8,22.4,5.0,4.0,1704134353,1704097249,tshirt_shorts
Clear,881,34.5,988.4,55.3,31.5,36.3,2.1,25.0,1704129701,1704090654,hot_summer
Drizzle,305,26.2,987.6,70.1,24.9,27.1,2.4,42.0,1704141699,1704089998,light_rain_jacket
Clear,884,24.2,1012.7,64.5,21.4,25.4,7.6,18.8,1704137718,1704092678,tshirt_shorts
Clouds,878,29.2,995.9,61.4,27.6,30.0,5.1,93.6,1704127086,1704093473,tshirt_shorts
Drizzle,314,26.9,983.8,86.6,24.6,27.9,8.9,64.1,1704141796,1704097202,light_rain_jacket
Clear,863,25.7,1034.3,45.7,23.9,28.5,7.0,13.0,1704133576,1704094426,tshirt_shorts
Clear,803,-9.7,990.7,71.2,-12.3,-8.9,5.9,7.2,1704131522,1704098792,warm_winter_coat
Clear,808,21.9,999.4,61.7,21.2,24.8,2.8,10.5,1704136724,1704089140,tshirt_shorts
Clear,880,29.4,985.4,61.7,27.6,29.9,7.7,6.3,1704134113,1704091530,tshirt_shorts
Clouds,890,4.7,993.5,54.0,2.8,6.6,6.9,82.9,1704127813,1704098654,medium_coat_scarf
Snow,668,-6.6,1018.0,92.8,-8.6,-6.0,11.4,33.0,1704132948,1704099115,winter_wet_gear
Drizzle,354,-7.9,998.3,87.1,-10.2,-6.7,3.8,29.7,1704142494,1704098503,winter_wet_gear
Clear,807,-4.8,984.4,66.9,-7.1,-2.5,5.7,29.7,1704134646,1704093823,warm_winter_coat
Clear,833,3.4,991.4,63.8,1.2,4.8,6.3,14.9,1704131813,1704096267,medium_coat_scarf
Drizzle,326,-4.7,1020.8,90.2,-6.0,-1.9,10.4,44.4,1704124861,1704097728,winter_wet_gear
Snow,604,-3.9,988.0,79.2,-5.7,-1.2,13.8,51.2,1704127256,1704089039,winter_wet_gear
Clouds,828,28.3,1017.2,75.7,26.6,29.1,1.9,91.7,1704131564,1704093744,tshirt_shorts
Clouds,810,12.3,1002.6,59.5,9.7,14.9,18.7,56.2,1704141944,1704096643,windproof_jacket
Rain,545,17.4,1022.8,86.8,16.9,18.2,9.7,67.7,1704138402,1704090555,raincoat_umbrella
Rain,525,17.3,989.4,82.1,15.1,17.9,4.6,96.9,1704133544,1704090277,raincoat_umbrella
Clouds,884,27.6,1022.3,77.5,24.7,28.6,1.1,85.1,1704137049,1704094242,tshirt_shorts
Clear,894,28.1,1023.7,62.6,27.4,29.5,5.7,23.1,1704140335,1704090051,hot_summer
Clear,843,5.1,980.5,57.0,2.5,7.2,8.1,13.9,1704126072,1704095659,medium_coat_scarf
Clear,803,4.1,1036.7,51.1,2.4,5.7,8.5,13.0,1704141060,1704099566,medium_coat_scarf
Clouds,834,11.0,1031.7,67.4,9.9,13.9,14.8,6.9,1704127194,1704091296,windproof_jacket
Drizzle,342,-4.5,991.0,90.3,-6.8,-1.7,14.1,60.6,1704128651,1704094473,winter_wet_gear
Snow,632,7.4,985.6,67.2,4.9,8.9,9.0,39.4,1704127545,1704098808,medium_coat_scarf
Clear,890,32.0,1002.0,42.6,29.6,34.9,0.9,3.0,1704140371,1704099276,hot_summer
Snow,691,-13.0,994.8,54.3,-14.5,-11.1,17.5,53.4,1704135083,1704095015,extreme_cold_gear
Clear,883,29.0,989.1,43.3,26.7,30.2,8.2,1.1,1704134791,1704096516,tshirt_shorts
Drizzle,342,-5.6,1015.1,80.4,-8.6,-3.7,12.5,5.7,1704133829,1704098411,winter_wet_gear
Clouds,835,15.9,985.1,67.6,13.8,18.4,24.4,43.3,1704141262,1704091407,windproof_jacket
Clouds,882,28.3,1010.2,43.5,25.5,28.9,6.3,52.7,1704125736,1704097152,tshirt_shorts
Snow,609,-6.4,1016.4,48.4,-7.0,-5.4,8.1,29.9,1704135031,1704090528,warm_winter_coat
Snow,631,-16.2,989.8,39.9,-18.9,-14.2,9.0,39.2,1704137859,1704090399,extreme_cold_gear
Clear,862,19.2,982.0,64.9,16.6,20.6,8.5,12.4,1704128577,1704095314,light_jacket_jeans
Rain,581,25.7,1001.2,89.2,24.9,26.5,3.9,0.4,1704138462,1704091971,light_rain_jacket
Rain,535,19.2,1024.2,81.8,17.2,19.8,14.0,15.4,1704138004,1704096450,raincoat_umbrella
Snow,666,-1.3,980.9,82.2,-2.8,-0.3,2.8,92.3,1704133581,1704094924,winter_wet_gear
Clouds,886,27.5,1010.2,60.2,26.5,28.7,6.5,49.2,1704128321,1704090515,tshirt_shorts
Snow,615,6.1,998.5,58.1,3.8,8.6,6.7,24.3,1704138914,1704095557,medium_coat_scarf
Clear,804,-29.3,1036.1,52.3,-32.2,-26.6,4.6,24.4,1704135557,1704096661,extreme_cold_gear
Clear,849,-7.3,1017.1,47.0,-9.2,-4.3,6.3,18.6,1704129099,1704098090,warm_winter_coat
Drizzle,348,-6.9,1017.7,98.4,-7.9,-6.1,3.3,71.7,1704127659,1704089316,winter_wet_gear
Clouds,807,8.0,993.1,51.4,5.2,9.8,15.8,25.2,1704128655,1704097955,windproof_jacket
Clear,878,-13.0,1014.9,40.9,-14.2,-11.4,2.4,17.2,1704127153,1704089756,extreme_cold_gear
Snow,641,4.8,1038.7,56.8,2.7,6.5,3.5,34.3,1704141804,1704089049,medium_coat_scarf
Rain,584,21.1,1036.5,78.4,18.4,21.9,3.6,90.6,1704135820,1704091321,light_rain_jacket
Clouds,809,25.6,1025.7,51.5,25.0,26.8,9.4,97.3,1704125000,1704090910,tshirt_shorts
Snow,614,-5.5,1025.2,64.8,-7.8,-3.4,2.7,47.6,1704139824,1704091313,warm_winter_coat
Drizzle,340,-3.6,1034.4,87.8,-6.3,-1.2,10.8,58.7,1704136666,1704098141,winter_wet_gear
Clear,870,37.9,995.9,47.0,36.3,39.5,2.2,16.1,1704137734,1704089784,hot_summer
Snow,641,-5.3,1030.8,54.3,-6.6,-4.5,5.8,41.8,1704126315,1704096088,warm_winter_coat
Clear,897,39.5,1016.7,59.5,38.3,40.8,4.4,12.6,1704125059,1704096984,hot_summer
Snow,624,-1.9,1011.0,70.1,-2.9,0.7,7.2,72.0,1704135654,1704089598,warm_winter_coat
Snow,640,-5.6,1033.2,45.3,-7.9,-3.8,1.5,44.7,1704138293,1704098300,warm_winter_coat
Clouds,837,16.7,999.7,60.0,14.3,19.7,14.4,13.6,1704136605,1704094700,windproof_jacket
Snow,610,1.8,1036.9,69.3,-0.5,3.9,2.7,52.9,1704141021,1704092079,medium_coat_scarf
Snow,664,-2.5,989.9,69.6,-3.5,0.5,5.2,7.5,1704126351,1704090638,warm_winter_coat
Clear,871,-28.2,1035.4,79.4,-29.9,-25.9,19.6,19.9,1704140140,1704092195,extreme_cold_gear
Snow,612,-8.3,996.6,92.2,-10.9,-6.7,3.4,72.2,1704141632,1704097324,winter_wet_gear
Clouds,827,0.6,1002.4,68.9,-1.8,3.0,3.9,6.0,1704136529,1704097757,medium_coat_scarf
Drizzle,340,19.2,1026.7,92.2,18.1,21.9,8.6,55.9,1704125162,1704092612,light_rain_jacket
Clear,825,39.2,1024.3,38.2,37.7,40.4,6.4,1.9,1704142493,1704092088,hot_summer
Snow,649,-29.7,986.6,56.1,-31.5,-27.5,10.0,34.7,1704136344,1704097547,extreme_cold_gear
Clouds,859,8.1,1026.4,69.1,5.8,10.0,18.9,25.8,1704142272,1704093380,windproof_jacket
Clear,892,-2.9,980.9,46.2,-5.5,-0.8,8.5,18.9,1704142637,1704089506,warm_winter_coat
Clouds,813,15.6,1030.6,48.3,12.8,16.1,16.3,5.2,1704132985,1704098943,windproof_jacket
Rain,577,9.8,1039.2,78.6,7.6,12.4,14.4,23.5,1704128178,1704091323,raincoat_umbrella
Clouds,838,11.8,990.9,46.6,10.8,12.4,15.8,19.8,1704131992,1704096533,windproof_jacket
Snow,689,-25.7,1014.3,76.7,-28.4,-23.0,11.0,29.9,1704126586,1704096523,extreme_cold_gear
Snow,633,-3.6,1006.2,72.4,-4.1,-2.9,8.7,21.0,1704128695,1704090848,warm_winter_coat
Clear,871,21.2,998.1,51.8,19.2,22.8,8.9,21.4,1704131442,1704091381,tshirt_shorts
Clear,858,-23.4,1031.4,63.9,-25.9,-21.7,6.8,7.5,1704127831,1704093696,extreme_cold_gear
Clouds,830,8.2,1010.7,51.1,6.4,11.1,23.8,98.7,1704130018,1704090979,windproof_jacket
Clouds,850,12.2,1000.7,65.8,9.6,14.0,10.9,37.4,1704140294,1704094582,light_jacket_jeans
Clouds,837,20.9,1017.4,52.8,18.3,22.6,3.9,15.8,1704133221,1704098703,tshirt_shorts
Drizzle,339,10.7,1012.0,54.2,9.3,13.6,3.6,97.1,1704141483,1704089212,light_jacket_jeans
Rain,575,16.7,981.0,80.0,16.2,17.8,11.7,79.6,1704127635,1704091697,raincoat_umbrella
Drizzle,317,-8.0,995.9,90.6,-9.7,-6.2,10.2,68.3,1704142516,1704092392,winter_wet_gear
Rain,503,23.9,981.4,85.3,21.9,24.9,4.2,25.7,1704137542,1704091903,light_rain_jacket
Clear,811,34.4,1017.7,57.1,33.8,36.1,5.5,8.0,1704135050,1704098422,hot_summer
Clear,811,33.9,1006.5,32.3,32.6,34.7,4.4,26.6,1704138507,1704090344,hot_summer
Clear,823,14.9,984.3,69.7,12.4,17.4,6.2,12.7,1704125726,1704098437,light_jacket_jeans
Clouds,897,29.7,1022.2,46.3,28.5,30.9,8.5,77.4,1704131276,1704098585,tshirt_shorts
Drizzle,337,20.0,1020.9,70.6,19.5,21.0,8.8,84.5,1704140912,1704095987,light_jacket_jeans
Rain,542,24.9,1001.9,73.8,24.2,25.8,9.8,98.5,1704125198,1704095900,light_rain_jacket
Rain,582,17.4,998.2,85.2,14.6,20.3,11.2,43.5,1704131538,1704096563,raincoat_umbrella
Rain,595,12.5,1025.3,80.1,9.7,13.8,13.8,68.1,1704139670,1704089676,raincoat_umbrella
Drizzle,392,-1.8,1038.5,88.4,-4.3,-0.1,9.4,36.6,1704127420,1704093808,winter_wet_gear
Snow,633,-11.0,988.5,59.9,-13.9,-8.6,13.5,43.1,1704131925,1704098334,extreme_cold_gear
Clear,830,21.0,1035.6,42.1,20.2,21.6,8.6,2.7,1704128569,1704089928,tshirt_shorts
Rain,515,19.7,987.3,88.3,17.1,20.7,3.5,33.6,1704129952,1704092461,light_rain_jacket
Snow,656,-23.6,1018.2,74.0,-25.2,-22.6,7.6,61.6,1704131559,1704095198,extreme_cold_gear
Rain,599,15.5,994.3,96.7,14.9,16.1,4.2,2.4,1704130169,1704097447,raincoat_umbrella
Clouds,871,9.4,990.6,61.8,7.5,10.8,3.9,39.0,1704136723,1704095529,medium_coat_scarf
Drizzle,356,15.1,1011.3,79.4,14.4,15.9,10.7,92.7,1704131173,1704095245,light_jacket_jeans
Snow,627,2.5,1003.8,68.3,-0.4,4.3,7.6,40.0,1704140331,1704099451,medium_coat_scarf
Clouds,886,29.0,987.6,79.1,27.5,32.0,9.0,82.4,1704134769,1704093900,tshirt_shorts
Drizzle,342,-8.6,1008.0,92.8,-10.6,-7.3,5.8,43.0,1704136907,1704089591,winter_wet_gear
Rain,573,5.2,1014.5,97.0,3.4,6.4,14.4,75.4,1704135543,1704098004,raincoat_umbrella
Clouds,821,17.8,1014.1,76.6,15.1,20.5,5.8,45.0,1704126451,1704092512,light_jacket_jeans
Rain,524,9.5,981.9,85.8,7.1,11.9,14.5,59.2,1704137876,1704096532,raincoat_umbrella
Clear,803,0.7,1034.9,61.3,-1.8,1.3,7.6,1.5,1704125201,1704092371,medium_coat_scarf
Clear,870,35.0,993.4,42.6,33.5,37.2,0.7,5.6,1704125017,1704091649,hot_summer
Snow,665,-0.2,1006.1,82.8,-2.0,0.9,14.5,83.5,1704126095,1704098303,winter_wet_gear
Clear,898,34.7,994.0,51.1,33.4,36.9,5.2,25.9,1704131507,1704088974,hot_summer
Snow,616,-8.4,1032.6,48.9,-10.3,-7.4,11.6,21.2,1704131383,1704094740,warm_winter_coat
Rain,597,12.9,1004.7,81.9,10.1,14.1,11.4,31.6,1704131681,1704093101,raincoat_umbrella
Clouds,803,12.4,996.0,60.1,9.4,14.2,20.4,94.3,1704134777,1704094862,windproof_jacket
Snow,623,-24.0,990.6,78.6,-26.7,-22.1,12.8,55.4,1704129964,1704090232,extreme_cold_gear
Clouds,838,15.4,1004.9,69.8,13.7,16.4,23.3,75.8,1704131951,1704091403,windproof_jacket
Drizzle,304,-0.4,981.7,98.8,-3.1,0.8,7.9,37.5,1704128110,1704095517,winter_wet_gear
Clear,853,20.8,1004.2,75.0,18.9,23.4,8.6,21.1,1704134226,1704092202,tshirt_shorts
Clouds,811,16.3,1009.7,61.2,15.8,18.8,16.1,94.4,1704128130,1704091519,windproof_jacket
Clear,806,3.7,1027.2,59.5,2.4,6.5,3.1,13.0,1704129549,1704090422,medium_coat_scarf
Drizzle,307,15.9,1018.5,64.9,13.0,17.0,5.3,0.2,1704126762,1704098704,light_jacket_jeans
Clouds,850,11.0,1006.3,84.8,10.2,12.7,9.5,61.8,1704140938,1704098852,light_jacket_jeans
Drizzle,348,-5.0,992.5,86.3,-6.3,-2.2,14.0,61.2,1704136971,1704090628,winter_wet_gear
Clear,883,-3.8,1009.7,43.2,-5.1,-2.2,3.6,11.0,1704131054,1704091935,warm_winter_coat
Rain,508,8.1,983.2,94.1,6.0,10.6,14.2,13.3,1704137754,1704097344,raincoat_umbrella
Snow,623,-2.7,1005.1,51.7,-4.6,-0.3,1.8,54.5,1704142585,1704089277,warm_winter_coat
Snow,618,-23.4,1015.3,46.9,-25.0,-22.8,7.1,18.2,1704136801,1704092669,extreme_cold_gear
Drizzle,352,21.8,984.8,78.6,19.8,23.9,6.9,10.3,1704127443,1704092470,light_rain_jacket
Clear,832,-15.7,1029.3,37.8,-18.5,-13.0,1.5,20.9,1704130535,1704092550,extreme_cold_gear
Rain,549,25.4,1024.1,82.7,23.3,27.7,5.3,68.7,1704128899,1704098219,light_rain_jacket
Snow,677,-2.9,1002.8,78.2,-4.9,-0.7,9.2,99.7,1704142655,1704090215,winter_wet_gear
Clouds,873,8.9,1022.2,52.9,8.2,10.3,5.1,97.3,1704132238,1704094116,medium_coat_scarf
Clouds,841,26.4,1018.6,64.5,24.2,28.1,7.2,52.0,1704124825,1704091410,tshirt_shorts
Drizzle,366,25.4,1010.5,78.6,23.8,26.2,2.2,53.6,1704137203,1704096953,light_rain_jacket
Clear,819,-2.3,992.1,69.7,-5.1,-0.6,11.4,13.3,1704141764,1704094066,warm_winter_coat
Clear,826,-23.8,986.6,79.0,-25.2,-21.9,4.4,4.3,1704134923,1704096014,extreme_cold_gear
Snow,671,-0.3,981.4,90.0,-1.7,1.4,7.8,31.1,1704138765,1704097247,winter_wet_gear
Clear,809,10.5,989.6,78.0,7.7,11.3,5.9,5.3,1704134596,1704098161,light_jacket_jeans
Clear,815,33.7,1000.0,39.1,32.3,36.6,1.3,28.2,1704128024,1704094040,hot_summer
Rain,560,17.9,1038.3,87.4,16.5,20.8,3.3,96.5,1704137041,1704090322,raincoat_umbrella
Clear,845,-0.6,1032.1,47.1,-1.8,0.5,1.2,8.5,1704138739,1704098710,warm_winter_coat
Snow,672,-1.6,1004.2,95.2,-4.1,1.4,8.2,93.3,1704125367,1704095730,winter_wet_gear
Clear,873,28.9,1028.7,35.9,26.5,31.2,0.6,22.6,1704133385,1704096029,hot_summer
Clear,849,32.0,984.1,59.3,30.8,33.6,3.2,23.5,1704130784,1704096202,hot_summer
Snow,654,2.5,1011.5,59.4,-0.3,4.2,5.1,72.5,1704127089,1704096860,medium_coat_scarf
Drizzle,336,-4.7,983.8,81.3,-6.2,-3.5,2.4,67.3,1704139651,1704098300,winter_wet_gear
Clear,835,-9.0,1001.2,53.3,-11.5,-6.2,11.6,13.6,1704139676,1704099291,warm_winter_coat
Clear,830,13.4,1003.6,59.5,12.5,15.8,10.5,21.3,1704129635,1704094729,light_jacket_jeans
Clouds,871,17.7,981.4,47.2,16.2,18.8,17.8,55.0,1704132506,1704099443,windproof_jacket
Rain,544,13.1,1028.7,78.1,11.5,14.9,8.3,31.5,1704136600,1704098117,raincoat_umbrella
Rain,511,8.2,984.3,88.9,5.8,9.0,13.9,60.4,1704131390,1704090061,raincoat_umbrella
Snow,626,-8.1,989.8,47.1,-9.8,-6.2,11.3,34.6,1704126831,1704098067,warm_winter_coat
Drizzle,379,25.3,989.7,78.3,22.8,26.5,7.8,98.6,1704127244,1704096797,light_rain_jacket
Clear,803,36.0,1012.9,30.2,33.8,37.0,1.3,20.8,1704129070,1704096491,hot_summer
Clear,840,26.5,996.4,73.6,24.8,28.8,9.4,5.1,1704124873,1704091253,tshirt_shorts
Clouds,867,22.5,1000.0,64.0,20.7,24.1,2.6,44.2,1704130174,1704094126,tshirt_shorts
Drizzle,307,10.5,998.9,77.4,8.1,13.4,8.2,72.1,1704137148,1704092771,light_jacket_jeans
Snow,677,-29.9,1010.4,78.9,-32.0,-29.1,19.8,98.5,1704134845,1704097593,extreme_cold_gear
Snow,611,-10.4,1013.9,32.4,-12.9,-7.8,0.3,6.3,1704139890,1704093468,extreme_cold_gear
Clear,810,35.0,1025.4,53.2,32.8,36.5,7.9,13.3,1704135543,1704091271,hot_summer
Rain,532,20.0,984.2,81.2,17.2,22.9,2.8,70.6,1704128431,1704091721,light_rain_jacket
Drizzle,320,21.5,998.2,87.7,19.6,22.6,4.0,24.3,1704137044,1704096558,light_rain_jacket
Clear,803,-18.2,1017.3,42.5,-19.2,-17.2,4.3,28.3,1704126949,1704094408,extreme_cold_gear
Clear,837,24.7,988.9,73.1,22.0,27.1,4.5,29.6,1704128109,1704093244,tshirt_shorts
Clear,859,30.4,995.7,68.4,29.8,31.5,4.9,2.0,1704132286,1704098320,hot_summer
Drizzle,377,19.7,999.6,77.1,17.3,21.5,4.3,64.1,1704139438,1704095393,light_rain_jacket
Drizzle,352,-8.9,998.4,92.6,-9.7,-6.5,5.7,88.1,1704140874,1704092971,winter_wet_gear
Clouds,830,14.1,1034.1,66.3,13.4,15.7,16.9,3.7,1704125382,1704095215,windproof_jacket
Drizzle,383,26.9,988.4,71.3,24.7,29.4,7.7,63.7,1704125192,1704093066,light_rain_jacket
Clear,835,-14.3,980.9,48.5,-17.0,-12.0,18.7,13.5,1704127616,1704096403,extreme_cold_gear
Drizzle,311,21.5,1035.6,85.9,19.4,23.0,5.0,64.1,1704138087,1704089216,light_rain_jacket
Snow,630,6.4,1012.4,53.3,4.4,7.0,8.4,18.2,1704139667,1704099302,medium_coat_scarf
Clouds,805,19.4,1020.4,71.3,17.1,22.0,9.8,49.7,1704130850,1704091227,light_jacket_jeans
Clear,892,-15.6,982.0,73.8,-17.9,-15.0,19.8,2.5,1704134611,1704088922,extreme_cold_gear
Clear,829,-6.7,1011.2,58.3,-9.3,-4.9,6.0,8.9,1704141032,1704091051,warm_winter_coat
Clouds,822,28.5,1036.2,79.7,25.9,30.4,6.8,82.7,1704141622,1704092929,tshirt_shorts
Clear,847,3.4,1015.0,70.4,2.3,6.3,9.3,0.3,1704126881,1704098631,medium_coat_scarf
Drizzle,367,25.8,1034.7,73.4,23.2,27.3,6.3,89.2,1704139295,1704098963,light_rain_jacket
Clouds,893,17.2,993.3,50.7,15.6,17.8,11.7,66.4,1704134101,1704093899,light_jacket_jeans
Clouds,890,16.1,981.0,67.5,13.3,16.7,16.1,89.9,1704139495,1704088853,windproof_jacket
Drizzle,321,25.2,980.9,93.1,23.0,28.1,2.3,18.3,1704135114,1704096904,light_rain_jacket
Drizzle,344,25.0,1031.7,92.2,23.4,27.2,9.3,64.8,1704128723,1704095998,light_rain_jacket
Drizzle,325,-5.0,1032.3,92.4,-6.2,-3.2,12.4,56.0,1704128866,1704092987,winter_wet_gear
Drizzle,334,25.0,993.0,74.2,24.2,27.3,9.6,23.6,1704125848,1704094965,light_rain_jacket
Snow,693,-8.5,1026.8,79.3,-10.4,-6.2,10.1,61.1,1704137969,1704091430,winter_wet_gear
Snow,676,-7.7,993.0,41.7,-8.5,-5.3,1.8,92.0,1704140595,1704098164,warm_winter_coat
Drizzle,301,21.4,1033.7,94.6,20.4,22.3,8.9,6.4,1704125014,1704096057,light_rain_jacket
Clouds,893,23.6,1034.2,51.6,21.4,26.2,6.1,96.2,1704128549,1704094472,tshirt_shorts
Snow,637,-7.8,990.1,95.7,-9.6,-6.5,10.1,40.4,1704129351,1704091242,winter_wet_gear
Drizzle,383,-1.9,1039.3,91.4,-3.7,-0.1,7.4,30.7,1704126985,1704093426,winter_wet_gear
Clear,858,13.8,1024.1,78.1,12.6,16.0,9.4,29.6,1704135231,1704098039,light_jacket_jeans
Snow,681,-28.2,1007.1,65.7,-30.5,-25.6,18.4,76.4,1704141995,1704089106,extreme_cold_gear
Snow,609,-3.8,1012.3,91.0,-5.1,-2.0,8.1,9.9,1704131276,1704091769,winter_wet_gear
Snow,629,9.2,1010.6,51.1,8.6,10.9,4.7,35.8,1704126099,1704099337,medium_coat_scarf
Drizzle,367,10.3,995.8,80.3,8.8,12.4,6.0,56.2,1704137350,1704094024,light_jacket_jeans
Snow,688,-8.1,1015.6,63.1,-9.7,-5.5,2.3,43.6,1704135513,1704090611,warm_winter_coat
Clouds,870,19.8,983.8,59.9,17.9,21.3,6.4,87.3,1704141841,1704090017,light_jacket_jeans
Clear,817,10.6,995.6,58.2,8.9,12.6,8.3,5.7,1704130212,1704091484,light_jacket_jeans
Clouds,891,8.0,1028.3,59.0,6.8,9.1,3.0,3.9,1704125006,1704091640,medium_coat_scarf
Clear,872,34.5,1003.7,56.5,33.6,37.3,6.3,19.4,1704137931,1704092937,hot_summer
Clear,866,35.1,985.4,33.6,32.9,37.6,4.8,28.8,1704135415,1704096404,hot_summer
Snow,677,4.7,1032.1,62.0,2.8,6.1,6.6,29.8,1704139579,1704089234,medium_coat_scarf
Clear,815,14.7,1003.6,80.3,14.0,17.1,9.8,25.4,1704129950,1704091033,light_jacket_jeans
Snow,650,2.1,1036.3,77.8,-0.1,2.7,1.3,90.7,1704142423,1704091233,medium_coat_scarf
Clear,880,-27.0,1003.3,49.9,-29.2,-24.3,18.1,8.6,1704139342,1704091437,extreme_cold_gear
Clear,809,29.7,1015.4,46.1,28.8,32.2,2.7,18.3,1704129071,1704097280,tshirt_shorts
Drizzle,330,-3.0,1022.6,80.7,-5.6,-1.0,5.6,82.4,1704139530,1704090476,winter_wet_gear
Drizzle,315,18.0,984.9,76.9,16.3,18.9,9.4,60.7,1704133846,1704089258,light_rain_jacket
Clouds,842,15.1,991.6,50.9,12.6,16.8,16.5,59.5,1704139890,1704090047,windproof_jacket
Rain,587,19.5,983.1,78.1,17.5,22.1,9.1,32.1,1704133131,1704096687,raincoat_umbrella
Drizzle,300,-2.4,1033.7,81.8,-5.2,-0.7,2.9,6.8,1704127065,1704089407,winter_wet_gear
Clear,837,27.6,1024.8,63.4,24.8,28.6,7.8,1.5,1704136397,1704094776,tshirt_shorts
Drizzle,318,15.0,1011.0,60.7,13.8,15.6,7.3,1.9,1704137854,1704098521,light_jacket_jeans
Rain,590,17.4,1016.2,96.5,16.8,18.7,3.8,59.4,1704134798,1704099264,raincoat_umbrella
Drizzle,354,-9.0,1033.1,80.8,-11.8,-7.3,2.3,44.5,1704141931,1704098111,winter_wet_gear
Clear,884,30.7,1016.2,55.6,28.6,31.5,7.8,10.7,1704133855,1704098397,hot_summer
Clear,840,20.9,1011.4,74.5,17.9,22.0,3.9,27.4,1704126249,1704091098,tshirt_shorts
Clear,810,9.6,1010.3,70.9,8.4,10.5,7.1,16.1,1704133272,1704097226,medium_coat_scarf
Drizzle,358,-3.5,1005.3,80.8,-5.9,-1.4,9.5,25.9,1704129650,1704097333,winter_wet_gear
Clear,884,-7.9,999.9,74.8,-8.7,-6.1,7.3,11.8,1704132169,1704096935,warm_winter_coat
Clouds,811,14.6,1029.4,61.5,11.6,17.1,6.0,59.3,1704129558,1704091755,light_jacket_jeans
Snow,600,-7.6,984.4,70.8,-8.5,-6.0,2.2,91.3,1704127457,1704092320,warm_winter_coat
Snow,630,-6.5,997.9,81.6,-7.2,-3.6,9.2,35.0,1704138841,1704092140,winter_wet_gear
Clear,867,27.3,1008.1,51.4,24.9,28.6,3.0,0.7,1704139247,1704098020,tshirt_shorts
Drizzle,330,20.3,1011.3,72.2,19.5,22.0,6.8,51.7,1704132398,1704090423,light_rain_jacket
Snow,657,7.8,1012.1,72.1,5.9,9.7,4.3,0.6,1704128593,1704098247,medium_coat_scarf
Clear,873,32.0,1013.2,66.8,30.3,32.7,0.1,22.2,1704134124,1704099302,hot_summer
Clear,859,31.8,1006.0,61.6,30.3,34.7,7.1,27.3,1704137166,1704089764,hot_summer
Clouds,873,9.0,1017.2,67.8,6.5,9.7,13.1,24.8,1704125650,1704099087,windproof_jacket
Snow,666,-1.1,1011.6,40.9,-2.1,-0.3,10.6,83.9,1704129756,1704096599,warm_winter_coat
Snow,618,7.6,981.7,55.3,6.2,10.4,5.5,31.5,1704135919,1704099522,medium_coat_scarf
Clear,868,39.2,1009.2,44.1,38.0,40.5,0.8,7.7,1704134504,1704097472,hot_summer
Clear,809,31.7,1001.9,57.1,28.8,33.4,4.8,6.5,1704127329,1704096233,hot_summer
Clouds,873,16.1,999.5,43.6,14.3,16.6,15.5,96.1,1704124939,1704092906,windproof_jacket
Snow,670,-3.9,1026.1,56.4,-4.5,-2.9,9.9,40.5,1704141495,1704094059,warm_winter_coat
Rain,527,17.2,1033.8,88.0,14.4,18.8,11.6,77.3,1704135988,1704098565,raincoat_umbrella
Snow,672,-1.0,983.4,81.0,-1.7,0.4,9.8,54.1,1704140883,1704098095,winter_wet_gear
Clear,856,39.0,1025.7,69.7,37.6,41.4,0.4,11.2,1704141916,1704098719,hot_summer
Clouds,846,5.8,1016.1,54.4,4.8,6.8,4.8,37.1,1704128695,1704093918,medium_coat_scarf
Clear,857,-25.4,1005.8,47.9,-26.6,-24.6,13.6,9.3,1704129721,1704094699,extreme_cold_gear
Clouds,842,11.5,1026.7,62.1,9.5,14.3,20.6,7.3,1704126498,1704089965,windproof_jacket
Clear,866,39.0,997.5,41.2,36.6,41.5,6.9,27.3,1704142130,1704088994,hot_summer
Clear,802,30.8,1003.1,50.5,28.7,33.7,0.8,14.6,1704138184,1704095287,hot_summer
Clouds,858,22.2,990.6,54.9,20.5,24.8,3.3,60.7,1704136389,1704089146,tshirt_shorts
Clouds,836,17.0,984.2,69.1,15.5,19.9,17.3,66.3,1704126944,1704089765,windproof_jacket
Clear,885,24.0,999.3,59.3,23.0,26.3,3.6,20.6,1704134973,1704098898,tshirt_shorts
Clear,845,37.3,1034.4,52.3,35.6,37.9,3.4,3.3,1704125813,1704093861,hot_summer
Clouds,871,25.5,1023.2,59.2,24.5,27.9,9.2,11.2,1704134613,1704097827,tshirt_shorts
Clear,824,-0.3,1007.5,60.2,-1.9,2.6,8.4,25.7,1704140384,1704092120,warm_winter_coat
Rain,592,11.1,1018.5,76.9,9.9,14.0,10.2,81.6,1704130126,1704093546,raincoat_umbrella
Clear,833,7.5,1000.2,64.4,6.5,8.2,6.9,1.8,1704135997,1704094288,medium_coat_scarf
Clouds,839,16.6,1022.9,48.3,14.1,17.1,20.3,38.3,1704135844,1704095225,windproof_jacket
Clear,854,29.4,1021.9,30.5,28.2,31.2,2.4,23.7,1704132189,1704093348,hot_summer
Clear,857,29.5,1022.4,53.7,28.2,31.4,4.4,17.6,1704125562,1704096691,tshirt_shorts
Snow,611,-7.0,1027.1,85.7,-7.8,-6.0,10.2,94.6,1704141692,1704094929,winter_wet_gear
Drizzle,398,20.1,1009.7,76.4,17.4,22.1,5.7,87.2,1704139531,1704091839,light_rain_jacket
Rain,547,24.9,1013.6,70.3,23.8,27.2,2.1,98.2,1704130407,1704090660,light_rain_jacket
Snow,682,-1.0,981.1,92.9,-2.7,0.8,10.6,51.9,1704141118,1704093470,winter_wet_gear
Clear,875,16.3,1023.0,61.6,14.0,19.1,10.4,10.5,1704130309,1704089805,light_jacket_jeans
Drizzle,395,26.7,986.3,84.6,24.2,27.5,10.0,47.9,1704131172,1704099305,light_rain_jacket
Clear,831,38.8,1015.6,64.1,37.9,39.5,5.3,26.8,1704139102,1704091386,hot_summer
Snow,617,2.6,1026.8,58.4,0.1,3.5,9.7,6.0,1704130533,1704092658,medium_coat_scarf
Clear,858,23.3,1025.0,66.0,20.8,24.9,7.6,15.3,1704134959,1704090137,tshirt_shorts
Snow,681,-6.6,986.6,55.0,-9.5,-5.3,7.2,10.4,1704125659,1704091559,warm_winter_coat
Clouds,865,13.9,1011.6,50.5,13.2,15.0,11.0,85.0,1704131760,1704091601,light_jacket_jeans
Clouds,850,23.7,1020.4,65.8,21.5,24.5,3.6,72.9,1704129839,1704095894,tshirt_shorts
Clear,883,22.6,1019.2,76.1,20.6,24.2,2.8,16.0,1704125673,1704092039,tshirt_shorts
Drizzle,389,-9.2,1024.3,93.4,-11.0,-6.9,5.1,86.5,1704125461,1704089198,winter_wet_gear
Clouds,881,9.1,1002.6,71.2,8.4,10.0,4.3,64.0,1704128441,1704097950,medium_coat_scarf
Clouds,847,13.3,1038.0,51.2,11.1,14.4,17.0,71.9,1704131221,1704094842,windproof_jacket
Clear,850,13.5,1036.7,82.1,11.7,15.5,12.0,21.9,1704137526,1704094621,light_jacket_jeans
Rain,581,18.8,981.9,89.0,16.8,19.4,6.1,33.6,1704134221,1704095385,raincoat_umbrella
Rain,512,18.6,1026.8,79.8,18.1,20.7,6.9,92.1,1704138970,1704088874,light_rain_jacket
Rain,532,10.1,1021.1,88.6,7.6,10.7,9.6,68.8,1704126061,1704098991,raincoat_umbrella
Snow,606,-5.9,1022.9,81.5,-7.9,-5.3,14.0,6.4,1704126077,1704091246,winter_wet_gear
Rain,559,21.5,989.3,78.0,20.2,23.9,3.9,46.0,1704138053,1704091358,light_rain_jacket
Clear,826,-24.2,1016.2,41.3,-25.8,-23.3,13.6,22.8,1704140860,1704090774,extreme_cold_gear
Clear,826,37.9,1003.8,56.9,35.6,39.3,6.6,4.7,1704129671,1704096049,hot_summer
Snow,673,-2.1,1002.5,56.7,-2.8,-1.4,6.9,21.1,1704140103,1704090799,warm_winter_coat
Snow,682,-7.3,1029.0,94.3,-9.8,-5.4,8.7,41.4,1704133286,1704089749,winter_wet_gear
Snow,644,-6.9,992.6,62.9,-9.0,-5.9,4.3,71.4,1704124890,1704095410,warm_winter_coat
Clouds,853,27.9,1004.5,44.2,26.0,30.5,8.4,26.3,1704140819,1704097209,tshirt_shorts
Clouds,822,6.2,987.3,57.7,5.2,8.7,8.9,42.9,1704128160,1704092595,medium_coat_scarf
Clouds,841,17.1,1010.8,42.4,14.3,19.9,18.5,83.7,1704137022,1704094952,windproof_jacket
Rain,565,8.7,988.8,88.5,6.0,10.8,6.5,99.5,1704141638,1704098428,raincoat_umbrella
Clouds,819,20.7,980.5,61.5,19.8,21.6,1.6,42.3,1704128491,1704089630,tshirt_shorts
Rain,551,14.6,1010.0,91.6,13.0,15.6,4.9,79.0,1704128622,1704092182,raincoat_umbrella
Clear,859,33.8,1014.8,55.0,33.2,34.5,7.6,16.2,1704125384,1704090823,hot_summer
Clouds,839,9.1,1029.6,50.4,8.4,11.1,16.5,22.6,1704130106,1704096224,windproof_jacket
Clouds,892,14.5,998.7,46.0,13.3,15.3,13.2,77.8,1704137021,1704091165,windproof_jacket
Clear,842,37.4,1022.7,34.7,36.2,37.9,0.0,10.7,1704140120,1704094635,hot_summer
Rain,564,27.8,989.0,82.1,27.0,28.5,5.4,83.9,1704132659,1704093541,light_rain_jacket
Snow,605,-9.9,1028.7,43.2,-11.9,-7.0,3.6,44.2,1704140312,1704090387,warm_winter_coat
Clouds,822,16.3,1015.2,62.0,15.8,17.8,16.3,66.7,1704136270,1704099520,windproof_jacket
Clear,873,-26.5,1035.8,50.5,-29.0,-24.5,5.4,18.3,1704131692,1704095415,extreme_cold_gear
Clear,806,39.4,1014.8,53.3,37.0,40.6,3.5,15.5,1704140893,1704092612,hot_summer
Clouds,872,27.2,1034.5,76.3,24.3,28.4,2.4,30.9,1704125763,1704099097,tshirt_shorts
Rain,561,18.6,1018.0,91.8,16.5,20.1,9.4,76.4,1704139853,1704095626,light_rain_jacket
Clouds,852,27.2,984.7,50.2,24.3,28.3,0.9,42.6,1704126615,1704091572,tshirt_shorts
Clear,846,1.1,1030.4,79.5,-0.7,2.7,8.9,12.2,1704125426,1704099464,medium_coat_scarf
Clear,896,25.9,1024.9,59.8,25.3,27.8,9.5,21.9,1704141501,1704093843,tshirt_shorts
Snow,671,5.7,1037.4,71.7,3.8,8.3,5.9,62.7,1704130484,1704092895,medium_coat_scarf
Clear,831,28.4,1013.4,65.2,26.2,29.7,1.9,1.2,1704140786,1704098497,hot_summer
Clear,868,37.9,994.1,51.0,37.3,40.8,6.2,10.4,1704141597,1704096012,hot_summer
Clouds,864,24.9,1000.7,48.0,21.9,25.5,1.2,13.8,1704132937,1704093564,tshirt_shorts
Rain,516,19.3,1037.3,90.1,18.8,21.3,10.7,23.1,1704133397,1704094284,raincoat_umbrella
Clear,863,26.3,1003.5,60.6,24.1,28.6,7.1,25.2,1704140734,1704094588,tshirt_shorts
Drizzle,372,22.3,1038.4,91.8,20.0,23.5,7.1,4.0,1704139666,1704089051,light_rain_jacket
Snow,657,-1.6,985.1,83.7,-4.4,-0.9,3.1,57.4,1704134938,1704096242,winter_wet_gear
Rain,508,26.8,1023.3,88.8,24.7,28.3,5.2,15.5,1704138386,1704095880,light_rain_jacket
Drizzle,394,23.6,1036.0,79.2,22.8,26.2,5.2,22.3,1704129923,1704095030,light_rain_jacket
Snow,601,-3.4,1010.7,46.1,-4.5,-1.7,8.5,35.9,1704126291,1704091382,warm_winter_coat
Snow,624,-7.5,1017.0,87.7,-10.2,-5.1,3.1,38.1,1704127796,1704088998,winter_wet_gear
Clear,854,-8.0,1028.7,60.0,-9.9,-7.4,2.1,24.2,1704127289,1704091826,warm_winter_coat
Snow,663,-14.9,984.2,78.8,-16.7,-13.6,3.2,64.0,1704140024,1704098699,extreme_cold_gear
Snow,628,-13.8,1008.4,38.1,-16.1,-12.9,13.3,83.9,1704128707,1704095984,extreme_cold_gear
Clouds,818,23.6,1026.6,59.8,20.8,25.2,8.7,8.4,1704127320,1704096833,tshirt_shorts
Clear,836,18.5,1037.2,73.7,17.7,19.3,4.5,13.5,1704132678,1704095793,light_jacket_jeans
Drizzle,302,-8.0,1032.5,76.2,-9.6,-6.9,14.8,55.3,1704137229,1704095225,winter_wet_gear
Clear,869,32.7,1012.6,31.6,29.8,35.5,3.8,6.8,1704134400,1704096599,hot_summer
Clouds,899,13.8,1030.9,53.7,12.9,14.4,9.6,58.7,1704134702,1704096368,light_jacket_jeans
Rain,555,20.6,1009.1,90.1,19.1,21.5,5.2,2.8,1704129338,1704091782,light_rain_jacket
Clouds,824,11.5,1038.8,61.2,9.0,14.4,17.1,96.5,1704138316,1704091011,windproof_jacket
Clouds,839,11.9,981.3,64.4,10.1,13.6,3.7,21.2,1704129258,1704094216,light_jacket_jeans
Clear,860,-0.6,982.0,53.6,-3.5,2.4,2.0,0.1,1704131247,1704089354,warm_winter_coat
Clouds,813,16.9,1001.8,46.4,14.3,19.8,13.5,59.2,1704135582,1704096912,windproof_jacket
Snow,672,-1.8,1038.3,78.8,-2.4,-0.4,7.8,23.4,1704125805,1704094318,winter_wet_gear
Snow,603,-2.5,989.8,79.2,-4.9,0.1,7.9,63.3,1704127664,1704096709,winter_wet_gear
Drizzle,307,-0.7,1004.2,97.4,-2.7,0.5,8.9,5.5,1704139177,1704096019,winter_wet_gear
Clouds,841,12.0,1030.4,62.9,11.3,13.4,2.2,78.0,1704131856,1704099117,light_jacket_jeans
Drizzle,366,-4.4,1031.2,94.3,-6.5,-3.8,3.9,40.4,1704133407,1704091207,winter_wet_gear
Clouds,893,16.1,984.2,56.5,13.9,17.3,9.0,28.5,1704139773,1704089338,light_jacket_jeans
Rain,543,16.6,998.3,95.8,14.3,18.8,9.5,67.8,1704131409,1704099024,raincoat_umbrella
Snow,627,-21.4,1021.1,72.4,-24.2,-20.2,0.2,22.0,1704130722,1704094605,extreme_cold_gear
Clear,842,-28.8,1007.1,35.1,-30.3,-27.7,12.5,0.1,1704137545,1704098213,extreme_cold_gear
Clear,837,-12.7,1018.4,73.8,-15.2,-11.9,19.9,2.5,1704132432,1704096769,extreme_cold_gear
Snow,624,-3.1,998.2,44.0,-3.9,-0.9,7.8,70.1,1704140228,1704096452,warm_winter_coat
Clouds,864,30.0,1032.6,67.8,29.4,32.5,3.1,78.2,1704127494,1704092045,tshirt_shorts
Rain,589,19.8,1014.6,94.8,17.3,22.2,7.6,62.3,1704136845,1704094948,raincoat_umbrella
Rain,573,14.2,1022.7,75.9,11.4,16.0,11.9,8.0,1704141028,1704098567,raincoat_umbrella
Clear,861,5.7,998.7,61.4,3.4,8.0,1.1,29.7,1704135962,1704097019,medium_coat_scarf
Rain,542,14.4,987.0,84.9,13.2,17.4,5.0,55.9,1704128621,1704093183,raincoat_umbrella
Clouds,849,23.7,1008.5,71.1,22.3,24.2,3.3,38.8,1704140810,1704092688,tshirt_shorts
Snow,688,-1.6,1024.1,51.2,-3.9,0.8,10.3,44.1,1704132776,1704094859,warm_winter_coat
Clouds,832,16.6,984.4,43.1,14.2,19.2,12.0,92.4,1704134280,1704094383,windproof_jacket
Clouds,856,16.6,1009.8,58.2,15.9,19.4,15.1,10.8,1704131308,1704093744,windproof_jacket
Clear,825,26.6,1030.6,63.2,25.0,27.5,5.3,7.0,1704129309,1704095236,tshirt_shorts
Clear,810,23.7,1005.4,68.6,20.8,24.5,3.7,16.9,1704135743,1704089155,tshirt_shorts
Snow,692,-14.8,1011.8,47.1,-17.1,-13.9,14.5,90.6,1704134589,1704089643,extreme_cold_gear
Clear,813,-27.7,1031.6,45.7,-29.4,-26.5,7.8,19.9,1704140789,1704097007,extreme_cold_gear
Snow,651,-1.2,1006.5,74.4,-2.7,-0.4,10.8,96.1,1704142771,1704092482,warm_winter_coat
Snow,668,-8.6,1025.6,72.6,-9.9,-7.6,3.5,74.8,1704134986,1704091434,warm_winter_coat
Rain,577,13.7,1012.6,84.9,10.8,14.6,12.6,88.2,1704136769,1704093064,raincoat_umbrella
Clouds,848,3.3,1018.1,77.3,1.1,4.5,3.7,13.7,1704127034,1704091297,medium_coat_scarf
Clear,894,38.5,1031.4,42.1,37.6,40.7,6.9,22.9,1704137085,1704099006,hot_summer
Rain,526,12.3,997.4,98.5,10.7,13.9,10.9,17.3,1704129588,1704095293,raincoat_umbrella
Rain,591,5.2,1028.2,83.1,4.5,6.8,3.9,99.7,1704127211,1704089077,raincoat_umbrella
Clouds,874,23.4,990.4,72.8,21.9,24.8,1.3,34.1,1704126545,1704097047,tshirt_shorts
Rain,554,25.9,1014.9,73.1,24.0,26.5,8.2,46.9,1704134265,1704089531,light_rain_jacket
Snow,606,-23.8,1008.0,38.6,-24.8,-21.5,4.0,7.1,1704126904,1704091119,extreme_cold_gear
Clear,862,34.1,984.3,68.8,31.7,36.7,5.5,5.7,1704136399,1704095471,hot_summer
Clouds,874,11.4,1036.6,63.5,9.5,13.9,15.6,68.3,1704140862,1704097582,windproof_jacket
Drizzle,360,20.9,1020.3,84.8,19.7,22.0,7.1,17.5,1704126163,1704095022,light_rain_jacket
Clear,884,25.5,997.9,58.0,23.0,28.5,2.9,11.5,1704131880,1704093537,tshirt_shorts
Clear,816,1.8,988.9,64.5,0.5,3.3,4.4,11.8,1704135774,1704090660,medium_coat_scarf
Clear,894,-13.6,994.3,49.9,-15.6,-12.4,9.5,1.5,1704142128,1704094229,extreme_cold_gear
Clouds,821,24.1,989.5,61.4,21.9,26.1,0.2,64.2,1704132817,1704090347,tshirt_shorts
Clear,814,35.8,1036.4,32.5,32.9,36.7,6.5,19.5,1704135632,1704093956,hot_summer
Clear,876,-10.9,1020.9,50.9,-11.4,-7.9,3.4,12.6,1704135839,1704095257,extreme_cold_gear
Drizzle,364,-9.9,1039.1,98.2,-11.9,-7.6,8.3,45.3,1704127191,1704091832,winter_wet_gear
Rain,523,20.7,996.1,85.7,18.5,23.0,8.3,26.7,1704140098,1704099165,light_rain_jacket
Clear,858,2.9,1013.9,60.4,1.9,5.2,4.2,6.3,1704127491,1704088881,medium_coat_scarf
Clouds,812,14.9,1000.8,75.6,14.3,17.8,5.8,84.1,1704132584,1704095800,light_jacket_jeans
Rain,568,27.4,1013.8,90.8,25.2,28.7,6.5,5.6,1704139924,1704095412,light_rain_jacket
Rain,509,18.9,1025.5,92.1,18.0,20.2,10.5,56.1,1704125127,1704094825,raincoat_umbrella
Clear,872,15.4,1039.8,72.0,14.7,18.3,11.9,25.7,1704139215,1704095416,light_jacket_jeans
Drizzle,370,26.3,1009.9,80.4,23.8,27.4,7.8,8.5,1704134293,1704096433,light_rain_jacket
Drizzle,308,25.4,1010.3,88.2,24.9,27.7,4.1,29.0,1704131951,1704091347,light_rain_jacket
Snow,627,-7.4,983.6,78.5,-10.2,-6.6,12.7,13.5,1704141163,1704090109,winter_wet_gear
Clouds,816,10.5,1003.1,55.0,9.6,13.1,12.9,35.6,1704142474,1704092967,windproof_jacket
Rain,584,19.4,986.8,99.6,17.7,22.1,11.0,26.3,1704126679,1704090796,raincoat_umbrella
Drizzle,337,16.0,1023.1,70.7,15.4,18.5,8.1,31.3,1704137792,1704090192,light_jacket_jeans
Clouds,848,13.4,990.2,51.7,11.7,14.8,10.7,93.1,1704140583,1704096811,light_jacket_jeans
Drizzle,338,-7.1,1013.4,82.2,-8.8,-4.4,3.1,72.4,1704131034,1704094026,winter_wet_gear
Clouds,819,29.7,992.1,45.6,27.2,30.5,5.9,79.0,1704128303,1704098650,tshirt_shorts
Clouds,817,4.9,999.4,78.1,2.2,6.2,4.9,36.2,1704133257,1704096028,medium_coat_scarf
Clear,816,-5.4,1028.1,70.5,-7.1,-4.1,1.3,13.4,1704136962,1704095356,warm_winter_coat
Snow,683,-25.3,1026.3,58.1,-26.4,-24.7,18.5,65.6,1704135169,1704096474,extreme_cold_gear
Clouds,884,28.3,1005.6,69.8,26.2,29.8,6.3,90.2,1704130032,1704089701,tshirt_shorts
Clouds,858,11.5,1015.7,67.9,10.1,13.5,21.4,55.9,1704127095,1704097133,windproof_jacket
Clouds,886,12.0,1013.6,66.6,9.5,13.2,23.1,88.9,1704130220,1704090637,windproof_jacket
Clear,834,-6.0,1005.2,58.7,-8.3,-4.0,5.5,6.1,1704127342,1704099512,warm_winter_coat
Clear,869,26.4,1007.1,77.8,23.7,29.3,1.1,5.8,1704126672,1704093969,tshirt_shorts
Drizzle,309,11.8,1037.4,78.1,10.1,14.7,7.8,23.1,1704137915,1704097725,light_jacket_jeans
Clear,880,2.6,1031.7,62.6,2.0,3.6,4.6,10.6,1704141886,1704091128,medium_coat_scarf
Rain,565,25.9,1001.8,82.7,24.1,28.2,4.0,97.2,1704131488,1704093952,light_rain_jacket
Drizzle,383,12.8,1015.9,77.4,11.8,13.5,8.7,19.2,1704131017,1704091399,light_jacket_jeans
Clouds,891,20.6,991.9,64.7,17.8,23.1,6.9,81.9,1704135359,1704092095,tshirt_shorts
Clear,899,24.3,1020.6,56.3,22.0,26.6,1.1,21.1,1704141970,1704088800,tshirt_shorts
Clear,835,28.9,1015.8,40.9,28.4,30.7,7.8,21.3,1704135046,1704089205,hot_summer
Clouds,868,15.0,1014.2,65.4,12.1,16.6,14.9,36.0,1704138643,1704099164,windproof_jacket
Rain,583,18.7,1006.0,87.5,17.5,19.8,8.1,35.2,1704130112,1704098649,light_rain_jacket
Clear,848,-5.3,1028.8,40.8,-8.1,-2.5,11.7,13.4,1704129009,1704094556,warm_winter_coat
Drizzle,387,-3.4,989.7,88.7,-6.1,-0.7,2.4,16.0,1704127947,1704097510,winter_wet_gear
Clear,857,33.8,997.3,41.9,31.5,34.4,5.1,7.1,1704124922,1704089823,hot_summer
Drizzle,339,20.2,987.6,72.1,18.9,22.4,6.2,74.3,1704126348,1704098331,light_rain_jacket
Rain,587,9.8,1036.0,82.8,9.3,12.0,4.5,63.8,1704142306,1704093629,raincoat_umbrella
Clear,835,-17.9,1034.4,47.2,-20.5,-16.6,11.8,19.1,1704129405,1704091956,extreme_cold_gear
Clear,851,28.2,1021.6,40.3,25.2,29.4,3.6,22.0,1704134399,1704094612,hot_summer
Rain,573,26.8,1029.7,85.0,25.4,27.6,7.0,50.9,1704134757,1704094960,light_rain_jacket
Clear,819,34.9,1015.0,45.7,32.4,36.2,0.2,0.3,1704135390,1704089234,hot_summer
Clear,890,-0.6,1004.6,58.6,-2.0,1.9,5.4,19.6,1704131410,1704091607,warm_winter_coat
Clouds,886,12.2,993.6,61.9,9.7,15.0,20.7,16.3,1704142137,1704097089,windproof_jacket
Clouds,849,2.8,993.7,62.6,1.4,4.8,1.7,76.7,1704137825,1704099018,medium_coat_scarf
Clear,886,29.4,1013.7,58.5,27.7,31.2,6.1,23.1,1704125257,1704093417,hot_summer
Rain,581,12.5,1037.1,92.1,10.0,13.9,9.1,10.0,1704137558,1704092877,raincoat_umbrella
Drizzle,301,-2.2,992.2,91.0,-3.9,0.6,14.4,61.9,1704138494,1704089127,winter_wet_gear
Rain,500,16.3,1038.1,81.2,15.0,18.9,6.1,88.7,1704128343,1704090546,raincoat_umbrella
Rain,560,17.6,994.5,79.4,16.8,18.6,6.6,74.2,1704137505,1704098292,raincoat_umbrella
Clear,877,32.3,980.8,53.2,31.4,35.3,5.1,19.9,1704132263,1704090405,hot_summer
Snow,616,-25.4,1025.0,74.9,-28.2,-23.7,6.7,96.8,1704135827,1704092524,extreme_cold_gear
Rain,500,7.6,1004.7,80.1,4.7,9.3,12.2,40.5,1704130183,1704098818,raincoat_umbrella
Drizzle,363,21.5,1016.0,83.0,19.5,24.4,5.5,75.9,1704142530,1704096771,light_rain_jacket
Clouds,864,14.9,980.1,41.3,13.3,17.7,18.0,55.4,1704127068,1704096578,windproof_jacket
Clouds,801,15.0,996.6,62.8,13.6,16.1,18.1,31.0,1704125971,1704097986,windproof_jacket
Clouds,811,9.4,1011.2,46.3,8.3,11.1,13.6,9.5,1704132832,1704090611,windproof_jacket
Clear,893,33.9,1022.2,45.5,33.0,36.2,5.1,0.1,1704142188,1704095996,hot_summer
Clear,886,-2.2,1028.8,69.9,-3.9,-1.1,4.1,11.7,1704126616,1704095557,warm_winter_coat
Snow,665,-4.9,1037.9,46.0,-6.2,-2.4,1.8,95.1,1704133165,1704098223,warm_winter_coat
Rain,563,25.6,980.4,78.2,23.7,27.4,6.3,40.9,1704138982,1704093182,light_rain_jacket
Clouds,801,16.0,1036.2,84.9,13.5,17.5,7.2,78.6,1704128254,1704092974,light_jacket_jeans
Snow,641,8.1,1029.9,58.6,5.8,11.0,8.9,51.9,1704133695,1704093682,medium_coat_scarf
Drizzle,381,17.2,1021.2,84.8,14.6,20.2,8.9,51.5,1704135825,1704097213,light_jacket_jeans
Clear,828,22.0,1010.7,67.5,21.5,23.8,3.5,28.0,1704135383,1704098027,tshirt_shorts
Snow,605,3.8,982.9,69.0,1.9,5.3,4.8,70.3,1704136038,1704090976,medium_coat_scarf
Clear,802,28.3,984.1,68.2,25.5,31.0,6.6,10.9,1704127627,1704091883,tshirt_shorts
Clear,834,26.5,980.6,49.4,25.0,27.6,1.8,14.1,1704132526,1704089379,tshirt_shorts
Snow,600,-26.0,1002.7,30.7,-27.4,-23.7,16.9,86.4,1704139405,1704089552,extreme_cold_gear
Clear,806,-13.3,997.7,36.2,-15.4,-12.5,13.5,7.5,1704141441,1704095005,extreme_cold_gear
Drizzle,372,10.9,1038.3,81.3,9.1,12.7,9.9,60.8,1704133236,1704092973,light_jacket_jeans
Snow,696,-4.1,1034.4,77.9,-6.7,-2.5,9.3,17.7,1704125827,1704092281,winter_wet_gear
Rain,575,19.8,1016.7,84.1,19.2,21.0,10.8,68.8,1704132428,1704098620,raincoat_umbrella
Clouds,878,9.7,1033.7,66.7,7.0,11.3,18.4,6.3,1704137100,1704090478,windproof_jacket
Clear,831,15.5,1001.5,74.5,14.0,17.7,12.0,26.9,1704125753,1704095261,light_jacket_jeans
Clouds,835,14.4,983.5,43.2,12.5,16.8,24.6,43.8,1704132734,1704090108,windproof_jacket
Rain,522,8.3,1014.3,87.6,7.8,9.2,14.3,42.4,1704133688,1704095049,raincoat_umbrella
Clear,887,-4.6,1019.6,51.0,-7.6,-2.0,8.3,10.4,1704136681,1704093123,warm_winter_coat
Clear,863,-4.0,1035.6,55.9,-5.2,-1.2,2.6,22.5,1704136671,1704098900,warm_winter_coat
Clouds,832,12.4,1019.6,68.4,10.5,15.0,23.6,92.2,1704126361,1704093222,windproof_jacket
Clear,881,18.5,992.5,75.6,17.8,20.2,2.8,9.4,1704134063,1704099430,light_jacket_jeans
Clouds,807,10.6,1013.2,63.5,9.8,13.0,22.3,90.5,1704128958,1704094832,windproof_jacket
Clouds,812,19.3,1002.7,52.3,17.8,21.8,9.4,94.9,1704130183,1704091852,light_jacket_jeans
Snow,699,-4.3,989.4,61.9,-7.0,-2.7,5.9,43.3,1704136135,1704092501,warm_winter_coat
Clear,892,9.7,1015.4,57.4,8.9,12.0,8.2,28.5,1704129237,1704089201,medium_coat_scarf
Clouds,890,11.0,992.4,55.2,8.6,12.4,16.0,87.0,1704136095,1704097062,windproof_jacket
Drizzle,396,26.3,1009.0,72.8,25.5,27.1,5.8,68.5,1704130267,1704098526,light_rain_jacket
Clear,859,-21.5,1008.1,78.3,-22.3,-20.4,8.8,29.8,1704135083,1704093695,extreme_cold_gear
Rain,550,6.7,1012.6,93.6,4.3,8.0,12.6,15.0,1704133270,1704091204,raincoat_umbrella
Clouds,847,27.9,983.2,61.8,26.7,30.9,5.5,39.9,1704140720,1704092130,tshirt_shorts
Rain,505,16.2,1011.0,85.7,14.2,18.6,11.1,24.8,1704131641,1704099318,raincoat_umbrella
Drizzle,384,-4.9,1012.3,98.3,-5.9,-4.0,11.8,16.9,1704137805,1704093582,winter_wet_gear
Rain,501,12.1,994.1,97.9,10.1,13.4,7.7,66.1,1704131967,1704092511,raincoat_umbrella
Clear,853,-20.2,1039.8,46.7,-22.7,-18.6,4.2,5.7,1704130648,1704089703,extreme_cold_gear
Drizzle,397,17.7,1040.0,75.8,16.6,18.7,5.4,84.9,1704132942,1704092191,light_jacket_jeans
Clouds,840,8.1,995.4,56.1,6.5,9.7,7.4,34.9,1704138732,1704089116,medium_coat_scarf
Clouds,892,9.5,1020.9,68.9,8.9,11.8,12.2,88.0,1704136313,1704099587,windproof_jacket
Rain,516,23.1,996.2,74.5,20.2,24.9,9.9,98.5,1704137317,1704089793,light_rain_jacket
Clouds,863,10.8,1000.4,68.6,10.3,12.8,4.1,64.4,1704136850,1704091861,light_jacket_jeans
Drizzle,337,25.7,987.8,70.3,24.1,27.6,8.0,69.8,1704129218,1704092443,light_rain_jacket
Clear,832,6.0,1030.9,76.1,3.4,9.0,6.7,4.6,1704142374,1704095944,medium_coat_scarf
Clouds,894,0.5,986.9,52.6,-1.6,1.3,7.3,26.1,1704133394,1704098630,medium_coat_scarf
Clear,857,37.4,1026.7,47.7,35.8,38.8,3.9,11.5,1704134267,1704092767,hot_summer
Rain,553,8.8,1029.0,94.0,7.5,9.5,7.1,5.7,1704136651,1704089721,raincoat_umbrella
Snow,677,-3.1,1029.5,45.4,-5.3,-1.3,10.1,48.2,1704140798,1704094764,warm_winter_coat
Clear,817,14.0,998.8,76.1,12.4,15.9,3.3,3.6,1704125279,1704091080,light_jacket_jeans
Rain,577,18.0,998.3,75.7,17.1,20.7,13.9,50.8,1704141434,1704096898,raincoat_umbrella
Drizzle,386,25.9,1002.9,71.6,23.2,28.8,3.3,55.8,1704126726,1704098354,light_rain_jacket
Drizzle,396,-1.6,989.8,91.4,-3.8,-0.5,3.6,29.2,1704139659,1704093815,winter_wet_gear
Rain,548,9.9,1034.6,89.1,8.1,11.7,7.3,37.8,1704134950,1704097246,raincoat_umbrella
Clouds,888,18.1,1007.2,67.6,15.2,20.0,9.0,23.8,1704132109,1704090214,light_jacket_jeans
Clouds,891,13.0,1038.4,52.4,10.2,13.7,24.0,6.2,1704138526,1704092442,windproof_jacket
Rain,554,14.7,1026.0,96.2,11.7,17.5,14.4,20.0,1704134858,1704090562,raincoat_umbrella
Clear,824,-7.6,1022.6,67.4,-10.2,-5.8,3.2,24.0,1704138702,1704092350,warm_winter_coat
Snow,612,7.4,1006.0,68.2,6.4,9.2,9.9,31.2,1704141844,1704098006,medium_coat_scarf
Snow,695,-0.1,995.3,77.7,-3.0,1.8,7.9,3.2,1704135964,1704096368,winter_wet_gear
Rain,554,21.2,988.8,74.4,18.5,24.0,5.9,13.8,1704137049,1704099213,light_rain_jacket
Snow,691,-3.2,1018.6,73.7,-5.1,-1.4,3.3,26.5,1704133775,1704093660,warm_winter_coat
Drizzle,312,27.6,1037.6,70.9,26.7,29.0,2.3,70.0,1704137447,1704094283,light_rain_jacket
Clouds,840,12.1,1025.0,66.2,11.6,13.2,19.2,58.8,1704126720,1704089650,windproof_jacket
Clouds,871,12.9,986.5,68.4,11.8,15.2,15.2,93.0,1704142083,1704091001,windproof_jacket
Clouds,853,28.1,987.8,77.5,27.5,30.2,7.9,8.1,1704142564,1704095600,tshirt_shorts
Snow,662,-26.7,991.9,76.3,-29.2,-24.4,0.4,24.0,1704137307,1704099248,extreme_cold_gear
Snow,647,-26.2,987.8,35.4,-28.3,-24.6,6.9,23.0,1704133150,1704098531,extreme_cold_gear
Snow,697,-1.3,1025.5,56.9,-3.7,1.0,4.6,41.8,1704140228,1704096610,warm_winter_coat
Clear,801,23.2,988.6,62.8,20.9,26.0,2.4,11.2,1704136370,1704093743,tshirt_shorts
Clear,862,-7.9,1032.6,65.0,-9.9,-5.8,12.0,3.0,1704135025,1704095612,warm_winter_coat
Clear,886,30.9,1016.4,57.3,28.7,31.6,5.7,2.7,1704138112,1704095238,hot_summer
Clouds,826,13.0,987.6,66.6,10.6,15.6,3.1,46.3,1704133345,1704094700,light_jacket_jeans
Snow,687,-9.6,1005.2,86.2,-12.0,-6.7,6.5,45.4,1704141763,1704091632,winter_wet_gear
Clear,830,32.3,992.6,57.0,31.4,33.6,0.5,24.3,1704127588,1704098138,hot_summer
Clouds,856,10.6,994.9,43.3,9.2,11.4,20.6,45.0,1704141601,1704099150,windproof_jacket
Clear,803,-26.9,1027.1,55.1,-28.0,-25.0,17.4,13.0,1704127994,1704098857,extreme_cold_gear
Snow,676,-5.2,983.8,64.0,-5.9,-3.5,6.2,73.9,1704126912,1704098106,warm_winter_coat
Drizzle,351,19.3,1030.5,82.4,17.6,22.0,4.8,88.1,1704136355,1704093664,light_rain_jacket
Clear,821,30.3,1013.9,31.5,27.8,31.9,3.8,2.0,1704132733,1704094463,hot_summer
Clouds,860,26.1,1026.1,55.5,25.3,27.5,5.0,87.8,1704132569,1704097182,tshirt_shorts
Snow,640,-5.1,1037.4,94.8,-7.9,-3.5,7.0,45.3,1704142045,1704094374,winter_wet_gear
Drizzle,372,20.7,1014.2,82.4,17.8,22.0,5.0,79.6,1704133188,1704094781,light_rain_jacket
Clouds,882,22.3,990.6,75.6,20.6,22.9,0.5,54.9,1704142585,1704088878,tshirt_shorts
Snow,656,-7.2,996.9,78.9,-8.1,-4.5,4.6,94.8,1704131072,1704090996,winter_wet_gear
Drizzle,399,12.1,984.1,72.4,11.6,14.1,2.4,71.4,1704131638,1704097876,light_jacket_jeans
Clouds,883,24.3,1032.6,79.3,21.4,26.8,3.3,84.3,1704140218,1704095923,tshirt_shorts
Snow,624,-23.3,990.1,70.7,-24.4,-22.8,10.0,50.9,1704131287,1704094681,extreme_cold_gear
Drizzle,348,18.4,1017.8,79.2,15.8,20.7,3.5,1.4,1704137950,1704094536,light_jacket_jeans
Drizzle,390,23.6,981.2,78.3,21.6,25.5,8.0,37.0,1704128607,1704095361,light_rain_jacket
Clear,834,1.8,1030.9,65.5,-0.9,2.7,8.2,24.6,1704124994,1704098956,medium_coat_scarf
Snow,689,-7.1,986.2,95.1,-9.9,-5.8,14.2,91.7,1704136738,1704089111,winter_wet_gear
Rain,578,17.0,1000.7,75.8,15.7,17.6,5.8,67.2,1704129464,1704090677,raincoat_umbrella
Rain,533,17.0,982.5,85.4,16.2,17.9,14.0,80.2,1704131920,1704093955,raincoat_umbrella
Clouds,806,18.0,1003.9,66.8,16.3,20.4,13.9,13.2,1704140647,1704090482,windproof_jacket
Clouds,806,15.1,1011.8,64.5,12.5,17.0,23.2,47.6,1704132611,1704095049,windproof_jacket
Snow,692,-17.7,1012.3,51.3,-19.9,-15.1,18.4,72.4,1704142602,1704097573,extreme_cold_gear
Snow,666,-6.6,991.8,79.8,-9.0,-4.1,3.4,23.7,1704134759,1704094139,winter_wet_gear
Rain,593,11.0,1005.7,90.9,9.6,13.5,8.1,54.7,1704137215,1704095643,raincoat_umbrella
Clear,856,14.1,1011.5,66.0,13.4,16.0,9.0,11.5,1704137143,1704098169,light_jacket_jeans
Drizzle,345,13.7,1035.3,64.3,12.6,14.7,6.3,69.3,1704129544,1704091287,light_jacket_jeans
Snow,618,-1.1,1034.6,96.0,-3.1,0.0,3.5,68.4,1704125112,1704098824,winter_wet_gear
Drizzle,328,22.8,996.2,74.6,20.4,24.0,5.1,5.1,1704140786,1704099007,light_rain_jacket
Drizzle,357,16.1,1004.8,52.2,14.2,17.4,6.0,33.4,1704139155,1704093297,light_jacket_jeans
Clear,887,18.0,1011.2,60.4,15.5,20.9,3.0,15.9,1704135450,1704089397,light_jacket_jeans
Clear,827,28.2,1018.7,50.5,26.0,29.7,1.8,5.2,1704127275,1704098916,hot_summer
Drizzle,363,15.0,986.8,54.4,13.2,17.9,10.4,51.3,1704129981,1704095873,light_jacket_jeans
Rain,569,19.6,995.1,71.3,18.7,20.5,3.3,75.1,1704137198,1704098818,light_rain_jacket
Drizzle,321,-6.3,996.8,96.7,-6.9,-4.3,3.9,12.1,1704127129,1704098528,winter_wet_gear
Clear,872,6.5,997.7,76.0,4.9,7.7,8.3,1.4,1704134863,1704092809,medium_coat_scarf
Clouds,819,14.9,980.3,44.2,14.0,17.3,23.5,97.9,1704132565,1704089231,windproof_jacket
Snow,631,-18.7,1025.6,63.1,-20.4,-17.9,5.9,94.4,1704130945,1704095492,extreme_cold_gear
Clear,869,28.6,992.5,35.6,26.8,29.9,5.0,15.1,1704139964,1704099042,hot_summer
Snow,629,-5.4,1016.0,52.3,-7.8,-3.9,8.5,37.5,1704131862,1704095111,warm_winter_coat
Clouds,863,15.4,1011.4,63.5,14.0,16.1,6.4,12.8,1704126933,1704099380,light_jacket_jeans
Clear,889,28.0,1015.0,40.0,25.5,29.7,2.8,17.9,1704137855,1704094301,tshirt_shorts
Clear,880,20.5,981.5,57.3,17.6,21.6,8.3,20.3,1704142351,1704096291,tshirt_shorts
Snow,662,-1.9,1004.3,62.0,-2.9,0.8,4.5,67.4,1704138482,1704094015,warm_winter_coat
Clear,863,-6.7,981.7,69.4,-9.1,-5.3,9.9,4.2,1704134928,1704095750,warm_winter_coat
Clouds,857,17.6,980.6,53.0,15.2,18.5,6.9,96.9,1704127690,1704092490,light_jacket_jeans
Clouds,847,23.6,1002.5,57.2,21.0,24.4,4.1,92.6,1704132501,1704089967,tshirt_shorts
Clouds,885,20.7,1008.8,76.9,19.2,21.8,0.5,72.3,1704138917,1704096998,tshirt_shorts
Drizzle,346,24.6,1002.5,72.6,21.9,27.5,6.2,53.7,1704138603,1704096933,light_rain_jacket
Clouds,878,12.1,1013.5,50.1,9.5,12.7,19.4,35.9,1704142634,1704089720,windproof_jacket
Snow,684,-5.7,1035.4,50.0,-8.4,-4.1,12.0,14.8,1704134407,1704095027,warm_winter_coat
Drizzle,332,-5.1,1034.2,91.1,-7.6,-3.3,3.6,78.3,1704136328,1704092406,winter_wet_gear
Drizzle,383,12.8,1019.0,78.0,9.9,13.9,8.7,42.1,1704130362,1704095039,light_jacket_jeans
Rain,525,5.2,1034.2,85.3,4.2,6.7,13.8,12.8,1704135813,1704097230,raincoat_umbrella
Clouds,839,28.2,991.0,40.2,25.5,29.2,9.9,47.0,1704127186,1704093949,tshirt_shorts
Drizzle,341,-7.0,1008.1,81.5,-9.5,-4.2,12.3,37.8,1704125707,1704092202,winter_wet_gear
Clouds,865,4.5,988.6,55.2,2.9,5.5,2.0,31.5,1704128279,1704096960,medium_coat_scarf
Clouds,824,9.4,1028.6,62.7,7.5,10.8,6.8,68.6,1704127203,1704098720,medium_coat_scarf
Clear,859,28.5,1022.1,44.5,27.8,30.0,6.6,13.8,1704141513,1704093865,hot_summer
Clear,844,14.1,1006.2,73.5,12.7,15.5,6.9,8.7,1704126888,1704095778,light_jacket_jeans
Clear,834,15.1,1016.4,67.4,12.7,16.1,2.6,24.2,1704130965,1704098112,light_jacket_jeans
Clouds,800,0.1,980.6,53.6,-2.7,0.7,1.7,72.2,1704140292,1704090017,medium_coat_scarf
Drizzle,387,-6.1,1039.0,98.0,-6.8,-4.2,8.0,29.5,1704131791,1704097692,winter_wet_gear
Clouds,856,24.7,995.9,42.8,22.9,27.5,6.0,52.8,1704135293,1704094730,tshirt_shorts
Rain,536,26.6,1029.2,82.1,24.6,29.3,3.1,46.1,1704140870,1704098419,light_rain_jacket
Snow,656,-25.0,1022.6,54.9,-27.4,-22.0,6.9,96.2,1704130294,1704093000,extreme_cold_gear
Clear,855,-22.1,1006.6,77.5,-22.8,-20.2,14.2,18.8,1704126710,1704095994,extreme_cold_gear
Clear,874,32.2,1027.4,51.7,30.0,34.7,0.6,6.5,1704138135,1704094868,hot_summer
Clear,816,28.7,994.8,41.3,27.6,29.9,2.1,27.2,1704132895,1704097001,hot_summer
Rain,571,14.2,1018.5,85.6,13.0,16.9,14.0,39.9,1704130684,1704088975,raincoat_umbrella
Clear,865,38.1,1012.8,47.5,35.7,40.1,2.7,2.7,1704128188,1704090815,hot_summer
Clear,871,-23.9,1030.7,32.5,-24.7,-23.4,0.1,26.3,1704136333,1704097442,extreme_cold_gear
Snow,680,-10.0,986.5,62.0,-12.5,-8.9,10.7,91.7,1704139272,1704098577,warm_winter_coat
Clouds,823,9.8,1025.9,58.4,6.9,12.2,23.0,94.4,1704128746,1704091897,windproof_jacket
Drizzle,306,27.4,996.3,83.6,26.2,30.1,7.4,97.1,1704137753,1704098820,light_rain_jacket
Rain,557,16.5,986.0,92.8,15.4,19.0,12.9,67.8,1704141026,1704099134,raincoat_umbrella
Clear,893,-3.8,992.1,57.1,-6.1,-2.8,4.2,9.1,1704132426,1704095213,warm_winter_coat
Snow,631,-15.0,994.3,34.7,-16.8,-12.0,8.0,54.9,1704141689,1704097147,extreme_cold_gear
Clouds,804,25.7,1028.2,72.6,22.8,27.2,7.7,87.9,1704139031,1704094942,tshirt_shorts
Clear,872,-26.3,1030.9,73.2,-26.9,-24.8,4.9,9.0,1704128543,1704089235,extreme_cold_gear
Clear,869,38.6,986.6,62.6,37.3,39.7,5.5,8.7,1704134439,1704094362,hot_summer
Clear,807,16.5,987.5,78.5,14.6,18.5,6.3,28.2,1704141568,1704098880,light_jacket_jeans
Snow,659,-7.5,1012.9,80.2,-9.2,-5.1,11.8,85.0,1704135638,1704092292,winter_wet_gear
Clouds,815,0.2,1027.3,77.9,-0.7,1.6,9.4,37.2,1704130833,1704096643,medium_coat_scarf
Snow,616,6.3,994.3,68.7,4.7,7.2,9.1,69.8,1704125830,1704092214,medium_coat_scarf
Clear,839,30.1,986.0,58.5,29.2,31.5,6.6,7.2,1704138278,1704093663,hot_summer
Clouds,815,16.8,1007.2,74.6,14.9,17.7,11.7,63.2,1704134607,1704093780,light_jacket_jeans
Snow,645,-21.2,1022.2,35.0,-23.2,-19.8,17.4,94.4,1704127693,1704094206,extreme_cold_gear
Snow,613,-0.1,1030.0,54.3,-2.8,0.7,3.0,4.2,1704137641,1704094977,warm_winter_coat
Snow,695,-1.1,1011.8,53.3,-3.1,-0.3,11.8,20.8,1704136101,1704097521,warm_winter_coat
Drizzle,316,17.0,1022.4,72.9,15.6,19.7,9.1,96.5,1704129987,1704089035,light_jacket_jeans
Snow,662,8.3,1023.0,61.9,5.8,10.1,8.4,82.8,1704138572,1704092775,medium_coat_scarf
Clouds,872,17.2,1034.0,67.6,16.6,18.4,12.2,94.7,1704131080,1704092829,windproof_jacket
Snow,664,-5.5,1004.5,80.4,-7.0,-2.7,4.5,56.5,1704132036,1704088841,winter_wet_gear
Clouds,805,24.6,1010.0,47.5,23.6,26.3,6.4,10.3,1704134995,1704098385,tshirt_shorts
Clear,815,27.7,1029.2,54.7,26.8,28.9,9.6,25.6,1704129676,1704091884,tshirt_shorts
Rain,528,5.3,1022.7,78.8,3.6,7.5,11.5,64.1,1704142196,1704097157,raincoat_umbrella
Clouds,823,2.3,1015.9,70.0,0.8,3.5,5.7,2.1,1704138772,1704098128,medium_coat_scarf
Clouds,852,12.7,1039.4,46.7,10.7,14.9,18.7,29.3,1704135392,1704091110,windproof_jacket
Snow,609,-2.1,991.5,94.0,-4.5,-0.9,3.0,1.9,1704128074,1704090228,winter_wet_gear
Clouds,843,30.0,1029.4,73.4,28.9,30.5,8.9,10.3,1704126754,1704092077,tshirt_shorts
Clouds,819,3.4,1016.1,57.8,2.6,4.4,6.3,5.5,1704127045,1704089559,medium_coat_scarf
Snow,647,-11.1,1020.2,57.7,-13.0,-9.6,10.6,87.1,1704126799,1704089200,extreme_cold_gear
Rain,554,26.7,1033.2,81.7,25.9,28.4,9.9,89.0,1704127482,1704099530,light_rain_jacket
Clouds,803,13.6,1032.9,47.3,12.7,16.2,21.6,21.1,1704132622,1704092701,windproof_jacket
Clouds,848,13.9,989.0,55.7,10.9,15.4,12.9,85.0,1704136096,1704097548,windproof_jacket
Clear,811,26.0,1004.5,47.4,23.9,27.9,2.7,21.0,1704138442,1704097098,tshirt_shorts
Clouds,858,0.0,1026.3,62.7,-2.2,0.9,2.7,67.3,1704137236,1704096023,medium_coat_scarf
Rain,591,16.3,1035.7,83.2,13.3,17.2,8.9,47.1,1704136547,1704096456,raincoat_umbrella
Rain,574,7.9,986.7,93.8,6.6,10.0,12.7,4.1,1704134629,1704097368,raincoat_umbrella
Drizzle,361,17.0,1039.7,67.8,15.0,19.7,6.2,14.8,1704140656,1704096221,light_jacket_jeans
Clouds,859,29.5,1011.1,71.3,26.6,31.0,6.6,16.7,1704133688,1704089954,tshirt_shorts
Clear,823,-2.3,1021.6,65.1,-4.5,0.6,10.3,20.5,1704125342,1704091263,warm_winter_coat
Snow,617,-27.2,991.9,55.3,-28.5,-25.7,15.8,89.7,1704136400,1704090220,extreme_cold_gear
Clear,853,-11.0,1030.7,53.0,-13.3,-8.9,1.9,26.8,1704135997,1704098826,extreme_cold_gear
Clouds,852,10.4,1023.5,44.1,8.0,11.3,19.5,28.4,1704138207,1704092454,windproof_jacket
Clear,862,36.8,1018.6,69.9,34.7,39.3,7.5,12.6,1704132178,1704090078,hot_summer
Rain,564,13.4,987.1,96.0,12.8,13.9,12.2,24.6,1704139187,1704091223,raincoat_umbrella
Snow,662,-8.0,997.6,40.4,-10.4,-7.3,4.0,81.0,1704129323,1704092320,warm_winter_coat
Snow,639,-2.0,1037.8,89.2,-3.5,0.8,7.6,78.0,1704130348,1704099529,winter_wet_gear
Clear,829,22.5,1001.1,69.3,21.1,24.8,1.6,7.9,1704134794,1704092772,tshirt_shorts
Rain,506,10.9,990.9,93.2,8.3,12.9,5.6,37.6,1704141081,1704099141,raincoat_umbrella
Clouds,875,10.4,990.2,59.5,9.0,11.8,12.6,40.8,1704131295,1704089972,windproof_jacket
Clouds,832,13.0,987.5,71.9,11.6,15.3,8.9,94.4,1704128809,1704094461,light_jacket_jeans
Clouds,836,1.6,1017.3,71.2,1.0,2.2,2.3,86.8,1704136918,1704099490,medium_coat_scarf
Clear,845,23.9,982.7,54.3,21.7,25.8,8.3,9.3,1704134519,1704093511,tshirt_shorts
Clear,811,37.5,1003.1,37.3,35.1,40.4,5.7,12.1,1704132371,1704090167,hot_summer
Clouds,856,4.9,1035.6,78.2,2.9,7.9,5.2,24.0,1704124826,1704092861,medium_coat_scarf
Snow,639,0.7,1006.8,59.4,-2.2,3.2,6.8,56.5,1704135599,1704092727,medium_coat_scarf
Drizzle,311,24.4,993.3,90.2,22.2,26.0,7.2,28.4,1704125204,1704093166,light_rain_jacket
Clear,828,15.6,1003.0,76.5,13.0,17.9,4.7,8.0,1704127860,1704098208,light_jacket_jeans
Clear,868,24.4,1021.4,55.6,23.1,25.9,6.7,1.4,1704129046,1704089846,tshirt_shorts
Clear,890,-2.7,1017.4,72.1,-4.8,0.0,4.2,28.5,1704141528,1704098949,warm_winter_coat
Clear,823,12.0,980.1,71.6,10.2,14.9,3.3,27.9,1704130700,1704092405,light_jacket_jeans
Clouds,846,16.0,1007.1,40.9,13.6,17.3,23.5,19.1,1704127703,1704091535,windproof_jacket
Drizzle,304,17.1,995.9,61.5,15.8,18.2,3.0,13.1,1704141980,1704095687,light_jacket_jeans
Drizzle,340,-10.0,1007.7,80.6,-10.9,-8.1,7.4,26.6,1704132472,1704093219,winter_wet_gear
Rain,550,15.4,1036.4,90.1,14.7,16.6,4.7,34.6,1704126469,1704092424,raincoat_umbrella
Clear,844,21.6,1031.6,65.2,20.6,22.8,7.4,28.2,1704131257,1704091395,tshirt_shorts
Clear,848,38.5,1013.7,43.7,36.6,40.2,6.2,26.5,1704138287,1704095041,hot_summer
Rain,537,11.7,1014.2,78.2,9.1,12.4,13.9,88.0,1704127414,1704091038,raincoat_umbrella
Drizzle,363,-1.5,989.0,82.2,-3.7,-0.9,6.5,85.7,1704127549,1704092079,winter_wet_gear
Clear,841,-6.7,980.5,50.8,-7.7,-6.0,6.1,6.2,1704141099,1704093715,warm_winter_coat
Drizzle,359,27.7,1020.1,82.7,25.6,29.5,6.3,37.4,1704140149,1704089182,light_rain_jacket
Snow,689,-8.6,1010.5,46.5,-11.5,-6.3,1.9,67.7,1704140351,1704095097,warm_winter_coat
Clouds,887,15.4,990.8,44.8,13.6,16.6,20.6,22.2,1704142003,1704095945,windproof_jacket
Rain,558,18.1,1037.4,85.6,16.9,20.7,8.4,44.1,1704136047,1704097919,light_rain_jacket
Clear,822,-26.7,1032.2,37.1,-28.2,-24.0,3.1,18.6,1704141501,1704092018,extreme_cold_gear
Rain,571,17.9,1006.0,84.8,15.0,19.2,8.6,81.1,1704137506,1704093930,raincoat_umbrella
Clear,875,0.9,1024.9,69.8,-1.5,2.5,8.3,24.3,1704141223,1704098479,medium_coat_scarf
Clear,873,33.1,1000.2,53.8,30.2,35.7,0.7,2.7,1704128824,1704093764,hot_summer
Rain,537,18.5,1029.2,97.7,18.0,19.4,13.8,69.5,1704125223,1704090249,raincoat_umbrella
Clear,824,33.5,1020.4,59.3,30.6,36.1,4.9,2.4,1704139613,1704097494,hot_summer
Rain,595,12.0,1037.2,75.2,10.0,14.9,9.4,15.5,1704140106,1704098093,raincoat_umbrella
Clear,820,18.3,1002.3,64.4,17.2,18.8,8.6,20.9,1704125094,1704099036,light_jacket_jeans
Clouds,841,13.9,1028.3,62.5,10.9,16.2,2.0,88.9,1704129647,1704094726,light_jacket_jeans
Clouds,891,7.1,994.8,68.9,6.6,9.2,8.1,96.7,1704140159,1704089632,medium_coat_scarf
Clouds,816,3.6,1037.9,57.5,2.9,5.2,7.3,86.9,1704134927,1704096303,medium_coat_scarf
Drizzle,374,11.9,1023.6,51.7,9.8,14.8,5.3,92.3,1704125893,1704089797,light_jacket_jeans
Clear,836,22.4,1028.9,60.1,19.4,24.6,9.3,9.7,1704125432,1704089474,tshirt_shorts
Drizzle,340,22.4,1037.4,82.7,21.5,23.8,9.9,70.7,1704132424,1704098337,light_rain_jacket
Snow,652,-28.2,1033.3,60.7,-30.9,-25.9,6.6,83.2,1704125945,1704090223,extreme_cold_gear
Rain,570,19.5,1040.0,78.3,17.9,21.9,10.3,13.8,1704137216,1704089147,raincoat_umbrella
Snow,684,4.4,1033.2,62.8,2.7,5.7,1.9,38.1,1704141037,1704090445,medium_coat_scarf
Clouds,873,14.4,986.4,59.9,11.7,17.2,9.6,91.7,1704126725,1704096787,light_jacket_jeans
Clear,846,15.4,1006.1,56.0,12.8,17.7,6.1,29.5,1704138038,1704098398,light_jacket_jeans
Rain,537,25.8,995.5,79.7,23.7,28.2,7.5,83.2,1704128923,1704093953,light_rain_jacket
Clear,828,30.2,1010.2,53.1,28.1,31.5,7.7,2.5,1704132624,1704098043,hot_summer
Clouds,868,1.7,992.3,76.4,0.7,3.1,5.5,52.7,1704136655,1704097499,medium_coat_scarf
Clouds,831,24.2,1016.0,54.1,22.0,25.4,5.2,56.7,1704138494,1704090165,tshirt_shorts
Clouds,856,22.6,988.3,62.6,21.3,23.2,5.3,59.1,1704136346,1704099045,tshirt_shorts
Drizzle,333,-1.3,1024.5,85.7,-3.8,0.6,13.2,9.2,1704128742,1704096118,winter_wet_gear
Clear,854,6.9,1027.0,65.9,6.2,9.9,7.9,10.5,1704137560,1704095740,medium_coat_scarf
Clouds,887,25.6,1038.2,57.3,23.6,27.2,4.6,29.6,1704133607,1704089460,tshirt_shorts
Clear,840,-28.2,1034.9,68.0,-30.9,-27.2,7.5,28.8,1704139094,1704091541,extreme_cold_gear
Snow,651,5.2,1028.0,63.2,3.0,7.7,1.2,67.2,1704131811,1704098822,medium_coat_scarf
Rain,555,10.7,1023.8,76.2,9.0,13.7,11.4,83.4,1704134724,1704098671,raincoat_umbrella
Clouds,827,17.1,1031.5,63.6,16.0,18.8,22.9,92.1,1704131673,1704092960,windproof_jacket
Clear,866,39.2,982.4,66.5,36.7,42.1,1.7,22.2,1704135609,1704098410,hot_summer
Clear,894,31.6,1021.5,61.3,30.2,32.5,6.1,29.0,1704137927,1704096054,hot_summer
Drizzle,381,16.9,986.4,78.7,16.0,19.3,11.0,89.3,1704124953,1704096671,light_jacket_jeans
Clear,863,-8.2,1028.2,63.7,-8.8,-7.4,2.5,17.1,1704125394,1704098129,warm_winter_coat
Snow,619,5.9,986.8,79.6,4.4,8.3,1.8,98.8,1704130462,1704097261,medium_coat_scarf
Snow,680,-8.7,1032.1,86.2,-10.3,-7.6,6.5,48.9,1704142100,1704099140,winter_wet_gear
Clear,873,-0.2,985.0,58.9,-2.7,1.4,8.1,18.3,1704131879,1704094226,warm_winter_coat
Clear,843,-6.1,985.2,61.7,-6.8,-3.3,7.2,4.0,1704140200,1704095769,warm_winter_coat
Snow,618,-2.2,1033.2,73.1,-4.8,-0.9,8.4,31.8,1704139164,1704098457,warm_winter_coat
Snow,633,9.2,988.5,62.8,7.8,10.6,2.3,65.0,1704128787,1704095413,medium_coat_scarf
Rain,527,13.2,1037.4,88.3,11.0,14.0,3.5,92.8,1704128110,1704091044,raincoat_umbrella
Clouds,851,14.2,1010.3,66.5,12.9,17.0,14.3,42.4,1704126997,1704088888,windproof_jacket
Clouds,849,7.1,1016.1,54.0,5.2,9.3,5.5,22.2,1704135535,1704099501,medium_coat_scarf
Clouds,866,8.2,1016.2,56.7,5.9,8.8,17.0,36.0,1704139762,1704093183,windproof_jacket
Clear,830,38.3,992.2,57.4,37.6,41.0,7.1,26.2,1704130462,1704092353,hot_summer
Clear,826,0.6,990.4,79.0,-0.0,1.5,6.3,18.8,1704132044,1704095632,medium_coat_scarf
Clear,824,-21.7,995.4,62.1,-22.6,-20.5,13.4,22.2,1704134512,1704095168,extreme_cold_gear
Drizzle,322,-6.5,992.0,92.0,-9.1,-5.7,12.9,24.7,1704137988,1704091620,winter_wet_gear
Snow,633,-17.9,1005.7,72.2,-20.5,-15.5,4.2,49.9,1704137022,1704097108,extreme_cold_gear
Clear,835,34.1,1001.1,67.6,32.7,35.1,0.4,25.7,1704131739,1704093387,hot_summer
Clear,845,-16.0,984.3,76.9,-18.4,-15.2,3.2,3.7,1704137516,1704094210,extreme_cold_gear
Clear,875,29.2,981.5,71.1,28.3,31.4,2.3,11.5,1704125591,1704095940,tshirt_shorts
Clear,849,-28.3,1006.0,79.4,-31.2,-25.6,1.7,15.3,1704126324,1704091366,extreme_cold_gear
Clear,871,8.3,992.2,61.7,7.0,9.2,4.6,9.2,1704141130,1704092147,medium_coat_scarf
Drizzle,345,24.3,1001.7,88.2,21.5,27.2,8.6,10.8,1704128709,1704093571,light_rain_jacket
Clear,891,34.7,987.6,52.1,33.6,35.3,0.9,15.9,1704125384,1704096606,hot_summer
Rain,569,10.6,997.2,87.7,8.4,12.1,11.8,98.3,1704128064,1704089847,raincoat_umbrella
Clouds,819,16.5,1021.1,40.4,14.4,17.6,13.5,96.4,1704142349,1704094414,windproof_jacket
Clouds,853,12.4,1009.8,57.9,10.5,13.9,16.3,19.9,1704132283,1704097972,windproof_jacket
Snow,627,-2.0,1002.7,100.0,-3.4,-0.3,8.1,40.7,1704133127,1704092397,winter_wet_gear
Drizzle,369,-6.8,992.0,76.1,-7.6,-3.9,8.6,72.8,1704140529,1704098268,winter_wet_gear
Snow,601,-7.3,1032.6,43.2,-9.5,-4.5,5.6,36.6,1704135774,1704090628,warm_winter_coat
Clear,830,31.9,1032.6,36.0,30.5,33.5,2.4,29.9,1704140751,1704096598,hot_summer
Clear,897,-16.3,1027.5,71.4,-17.7,-15.8,9.7,23.9,1704128123,1704098085,extreme_cold_gear
Snow,695,5.7,1014.4,53.8,4.0,7.6,4.1,24.8,1704129223,1704098982,medium_coat_scarf
Clouds,823,24.3,1022.1,42.8,21.6,25.6,4.9,51.3,1704141658,1704089731,tshirt_shorts
Clear,896,30.7,993.8,42.2,28.4,33.6,2.4,0.0,1704136734,1704091222,hot_summer
Rain,565,25.6,1022.0,74.1,23.5,28.0,6.8,36.7,1704135615,1704090788,light_rain_jacket
Drizzle,325,25.2,1030.9,93.1,23.6,26.8,6.1,4.5,1704133464,1704094613,light_rain_jacket
Rain,570,16.7,1013.0,95.2,15.8,18.6,12.9,17.7,1704134844,1704092758,raincoat_umbrella
Clear,800,38.9,983.1,30.5,37.7,40.1,5.4,16.5,1704135983,1704092611,hot_summer
Snow,685,-3.9,1029.8,95.7,-4.5,-2.4,12.8,97.8,1704133212,1704098666,winter_wet_gear
Clouds,854,11.6,985.9,50.5,9.2,12.7,8.9,11.5,1704141313,1704095589,light_jacket_jeans
Clouds,895,8.3,996.2,60.4,7.3,11.2,15.1,9.1,1704141499,1704093286,windproof_jacket
Clouds,843,2.0,1021.8,79.0,-0.5,4.7,9.9,50.2,1704126636,1704096463,medium_coat_scarf
Clear,869,35.6,1034.9,61.9,34.7,37.9,3.2,16.0,1704130501,1704097367,hot_summer
Drizzle,352,18.5,1037.7,72.1,16.9,19.6,2.4,84.4,1704132561,1704089582,light_rain_jacket
Drizzle,303,20.4,1021.4,71.8,18.5,20.9,4.2,65.1,1704139971,1704090158,light_rain_jacket
Clear,898,-6.1,1022.7,67.6,-7.8,-5.4,3.6,7.4,1704135828,1704093713,warm_winter_coat
Clouds,841,14.4,990.6,72.7,12.4,15.3,9.0,97.2,1704138898,1704089021,light_jacket_jeans
Clouds,882,12.6,990.3,60.7,10.4,15.0,8.0,10.4,1704131348,1704094210,light_jacket_jeans
Snow,648,-0.9,983.1,57.5,-2.9,0.4,1.4,26.8,1704140108,1704090594,warm_winter_coat
Snow,678,9.7,1019.8,66.4,8.4,12.2,9.2,64.9,1704134804,1704089121,medium_coat_scarf
Clouds,892,10.8,987.2,40.2,9.4,12.3,23.1,1.8,1704139455,1704089633,windproof_jacket
Snow,616,-0.1,992.6,76.1,-1.6,1.7,5.0,83.3,1704140166,1704093866,winter_wet_gear
Clear,897,20.7,981.3,62.1,18.8,22.9,1.0,5.1,1704136828,1704090986,tshirt_shorts
Rain,540,10.1,1000.9,96.2,9.3,12.5,14.9,12.9,1704129487,1704090365,raincoat_umbrella
Rain,566,19.6,981.1,83.0,17.2,20.6,9.4,88.5,1704130485,1704098878,raincoat_umbrella
Clear,847,-25.5,1001.8,49.4,-26.3,-24.2,17.7,16.4,1704134908,1704090329,extreme_cold_gear
Clear,821,38.1,1008.2,44.5,36.1,38.8,5.3,6.0,1704134639,1704093264,hot_summer
Clear,874,7.2,1016.3,52.8,5.7,7.9,8.5,5.3,1704138207,1704097191,medium_coat_scarf
Clear,868,38.4,984.0,52.7,35.9,40.5,3.5,13.9,1704133692,1704097787,hot_summer
Drizzle,365,-6.9,1000.5,99.2,-7.7,-5.6,5.9,70.7,1704125353,1704096315,winter_wet_gear
Clear,841,29.8,1036.0,54.0,27.3,31.4,9.2,7.3,1704132902,1704098709,tshirt_shorts
Clouds,805,12.5,1025.8,59.7,10.7,13.8,13.9,12.9,1704139274,1704096924,windproof_jacket
Rain,581,12.3,1003.8,76.5,9.6,14.0,4.1,94.4,1704128005,1704090335,raincoat_umbrella
Clouds,819,0.0,982.3,55.1,-1.4,1.9,9.0,94.3,1704129190,1704097049,medium_coat_scarf
Clear,822,-28.3,981.3,73.6,-30.4,-25.8,16.1,26.5,1704127511,1704094227,extreme_cold_gear
Clear,808,-4.1,1018.1,44.1,-4.6,-1.2,5.5,1.9,1704127555,1704096684,warm_winter_coat
Clear,888,26.9,1001.4,63.7,25.9,27.5,8.8,9.0,1704140460,1704089264,tshirt_shorts
Clear,828,29.6,1012.4,65.5,26.6,31.5,8.5,12.4,1704141959,1704098162,tshirt_shorts
Rain,553,8.3,1017.3,95.6,7.5,10.9,4.5,88.3,1704133867,1704097425,raincoat_umbrella
Clear,812,36.7,996.9,34.5,35.2,39.2,4.9,5.2,1704138313,1704093034,hot_summer
Clouds,804,17.5,992.2,42.8,14.8,19.4,22.0,38.0,1704133944,1704089528,windproof_jacket
Rain,538,18.5,1036.8,82.5,16.5,19.9,7.6,20.1,1704127127,1704097161,raincoat_umbrella
Drizzle,308,12.3,1037.1,84.5,10.6,13.9,7.0,50.5,1704134406,1704092416,light_jacket_jeans
Snow,611,4.0,998.2,63.1,2.8,6.8,2.3,44.5,1704135366,1704088927,medium_coat_scarf
Drizzle,301,-2.3,993.4,84.2,-3.7,-1.3,9.5,67.8,1704126812,1704095117,winter_wet_gear
Clear,803,4.6,1022.2,53.5,3.0,7.0,1.7,3.7,1704140524,1704098770,medium_coat_scarf
Clear,817,9.7,1000.1,62.3,8.5,10.9,8.7,4.8,1704139130,1704095611,medium_coat_scarf
Clear,888,18.2,1019.7,54.3,15.6,19.1,5.7,19.6,1704126550,1704093443,light_jacket_jeans
Rain,586,18.0,994.9,94.0,17.5,21.0,3.4,90.6,1704126969,1704089188,light_rain_jacket
Snow,608,-29.3,1017.5,66.8,-30.0,-27.6,19.2,54.8,1704138805,1704092703,extreme_cold_gear
Snow,616,-6.6,1000.9,80.2,-7.7,-5.0,3.4,64.3,1704134742,1704099085,winter_wet_gear
Clouds,827,11.3,992.5,61.3,8.6,11.9,15.1,70.3,1704135729,1704093615,windproof_jacket
Clear,825,26.6,1023.6,46.5,23.8,27.5,7.3,12.8,1704125938,1704091687,tshirt_shorts
Drizzle,395,25.8,1031.4,82.4,24.9,27.5,9.3,69.2,1704135760,1704098135,light_rain_jacket
Clouds,834,26.8,1013.9,56.3,24.2,29.2,0.3,9.6,1704132525,1704093773,tshirt_shorts
Clear,885,-8.2,1026.1,66.1,-10.2,-6.5,11.0,19.3,1704138819,1704090361,warm_winter_coat
Drizzle,377,25.4,997.4,76.0,23.6,28.2,4.5,78.1,1704128601,1704097620,light_rain_jacket
Rain,544,14.0,1016.0,78.2,11.7,15.6,11.7,50.7,1704131970,1704094457,raincoat_umbrella
Clear,809,-1.6,1009.8,50.1,-2.8,-0.5,1.2,27.8,1704138759,1704096771,warm_winter_coat
Clouds,837,18.9,987.8,84.6,16.7,20.3,3.2,13.0,1704132098,1704096719,light_jacket_jeans
Clouds,886,22.8,1002.7,49.7,20.1,23.8,2.5,81.8,1704136264,1704094663,tshirt_shorts
Clouds,821,13.8,1020.1,57.5,10.9,15.3,22.0,95.7,1704124999,1704089185,windproof_jacket
Snow,689,-7.7,1034.1,63.7,-8.6,-5.7,7.0,79.7,1704140316,1704095853,warm_winter_coat
Snow,685,-0.8,1015.0,65.6,-1.7,1.7,5.4,9.9,1704125685,1704089116,warm_winter_coat
Clear,858,6.6,999.9,77.9,3.7,7.2,3.9,25.4,1704129185,1704095661,medium_coat_scarf
Drizzle,316,-8.5,1035.1,91.9,-11.2,-7.5,6.1,78.7,1704141574,1704090427,winter_wet_gear
Drizzle,388,-8.3,993.3,84.5,-9.6,-7.6,5.5,95.0,1704132868,1704098517,winter_wet_gear
Clouds,892,2.7,1032.7,53.2,0.5,3.6,8.8,7.5,1704141137,1704095780,medium_coat_scarf
Snow,695,-8.3,1012.1,89.6,-10.8,-7.4,10.5,70.5,1704134926,1704095923,winter_wet_gear
Drizzle,340,-1.9,990.2,98.6,-2.9,-0.6,11.9,22.7,1704139401,1704092633,winter_wet_gear
Rain,512,14.2,1014.5,79.2,12.4,17.1,12.3,26.9,1704128391,1704089021,raincoat_umbrella
Clouds,817,0.6,985.6,72.0,-0.0,1.6,2.3,35.8,1704140591,1704089555,medium_coat_scarf
Rain,581,10.9,993.4,95.4,9.3,12.2,3.1,70.6,1704141312,1704098220,raincoat_umbrella
Clouds,830,10.3,1006.7,51.2,9.6,11.5,13.2,80.4,1704126670,1704092829,windproof_jacket
Snow,629,-3.3,1025.6,65.4,-4.2,-1.6,3.2,87.9,1704133571,1704098262,warm_winter_coat
Clear,846,9.1,1033.1,50.2,6.9,11.6,5.4,27.8,1704129947,1704092299,medium_coat_scarf
Clear,802,37.8,1019.7,67.2,37.1,38.9,4.4,27.1,1704139627,1704096456,hot_summer
Clear,880,29.1,1021.6,46.5,27.9,30.8,6.0,29.7,1704132730,1704092358,hot_summer
Clear,805,29.6,1027.0,30.9,28.3,31.7,2.9,17.0,1704125058,1704091305,hot_summer
Snow,668,-5.3,1032.1,97.3,-7.7,-3.4,4.7,30.4,1704128962,1704098256,winter_wet_gear
Rain,543,12.0,993.7,76.5,9.8,13.9,6.3,88.7,1704136502,1704094271,raincoat_umbrella
Snow,640,-4.3,1012.9,79.0,-6.4,-1.8,3.0,7.0,1704138646,1704099474,winter_wet_gear
Clear,886,-5.3,1025.8,60.9,-6.6,-3.7,2.4,20.4,1704125168,1704099026,warm_winter_coat
Drizzle,389,-2.1,1034.1,85.9,-3.4,0.2,9.3,48.9,1704141247,1704090241,winter_wet_gear
Rain,572,17.3,1021.2,79.6,15.7,20.2,7.0,24.7,1704141883,1704095559,raincoat_umbrella
Rain,561,5.6,1022.6,90.3,3.0,8.4,4.1,39.0,1704133089,1704093304,raincoat_umbrella
Clouds,887,17.4,991.4,60.4,16.7,18.7,23.6,29.7,1704142131,1704099295,windproof_jacket
Clouds,854,15.3,1039.7,49.3,13.4,17.1,19.0,44.4,1704129603,1704097474,windproof_jacket
Clear,838,15.7,1036.3,84.3,14.6,17.2,6.5,27.4,1704134124,1704095747,light_jacket_jeans
Clear,849,1.5,1011.3,54.8,-0.4,4.5,2.3,20.2,1704142556,1704090159,medium_coat_scarf
Clouds,834,4.9,1038.2,72.0,4.3,6.6,5.8,46.2,1704126525,1704098842,medium_coat_scarf
Rain,599,19.3,995.7,89.4,18.3,21.1,13.1,41.6,1704128630,1704094156,raincoat_umbrella
Clear,820,22.2,1035.3,70.3,20.6,24.7,3.1,19.7,1704130028,1704097633,tshirt_shorts
Drizzle,314,-2.9,1035.7,88.2,-4.2,-1.2,3.4,61.1,1704134257,1704094202,winter_wet_gear
Clear,882,16.2,1037.6,65.4,15.5,17.3,6.9,22.0,1704137876,1704099336,light_jacket_jeans
Drizzle,343,17.7,990.5,77.3,17.1,20.1,4.3,92.1,1704139882,1704089301,light_jacket_jeans
Drizzle,340,23.1,996.8,93.5,21.8,24.4,3.2,65.7,1704134494,1704098531,light_rain_jacket
Snow,633,-21.2,989.0,66.5,-22.5,-19.2,4.4,46.1,1704141027,1704097318,extreme_cold_gear
Clouds,885,22.6,986.0,40.2,21.4,24.2,5.0,75.4,1704129959,1704089739,tshirt_shorts
Snow,636,-3.1,1027.4,98.8,-3.7,-1.8,7.5,93.8,1704130474,1704096794,winter_wet_gear
Snow,634,-2.3,992.5,90.7,-3.1,-0.9,8.8,86.8,1704135520,1704098007,winter_wet_gear
Clouds,813,29.6,1008.4,66.8,29.0,30.1,1.8,64.8,1704129329,1704090197,tshirt_shorts
Drizzle,344,14.8,1023.9,77.4,14.1,15.8,11.3,77.6,1704137277,1704099322,light_jacket_jeans
Clear,824,-10.6,1039.1,66.5,-11.8,-9.5,2.2,22.5,1704128267,1704099167,extreme_cold_gear
Rain,569,11.8,1004.9,90.7,10.6,13.2,10.3,61.5,1704140352,1704093577,raincoat_umbrella
Drizzle,389,19.5,985.4,70.1,16.7,22.2,9.6,49.3,1704130266,1704089305,light_jacket_jeans
Clear,867,32.9,1038.3,36.4,30.6,33.6,5.3,16.9,1704126894,1704093310,hot_summer
Clear,853,36.0,992.3,47.9,34.6,39.0,3.9,18.8,1704133545,1704093985,hot_summer
Clear,866,-20.1,990.8,54.9,-21.2,-18.9,11.0,21.4,1704138295,1704095616,extreme_cold_gear
Rain,522,7.7,1011.4,90.6,6.4,10.3,14.6,18.7,1704137823,1704092597,raincoat_umbrella
Snow,639,-8.7,989.5,44.0,-11.5,-6.1,5.1,86.1,1704135534,1704095375,warm_winter_coat
Rain,500,13.1,980.0,82.3,11.5,16.0,11.3,6.0,1704142692,1704098421,raincoat_umbrella
Clouds,816,10.7,983.8,66.5,8.0,11.8,23.1,28.9,1704129423,1704099556,windproof_jacket
Clear,884,-20.6,1038.7,79.7,-23.5,-17.7,5.1,10.9,1704139716,1704090343,extreme_cold_gear
Clouds,848,8.1,1004.5,57.1,5.8,10.5,13.1,63.5,1704129323,1704095207,windproof_jacket
Clouds,878,16.9,1029.6,64.3,14.8,18.1,14.1,97.3,1704130965,1704095351,windproof_jacket
Clouds,822,8.3,1021.8,78.2,5.6,11.1,4.6,25.0,1704126688,1704091692,medium_coat_scarf
Clear,800,35.6,994.0,50.7,34.3,36.5,0.4,14.8,1704130610,1704094244,hot_summer
Clouds,862,9.5,1025.2,50.9,8.0,12.5,12.3,79.6,1704138186,1704096133,windproof_jacket
Snow,675,-4.0,995.1,79.5,-6.5,-1.7,8.2,19.8,1704132273,1704091497,winter_wet_gear
Clear,817,-13.8,982.9,32.9,-14.6,-12.5,6.1,1.9,1704131139,1704091300,extreme_cold_gear
Clouds,831,20.1,1025.9,48.2,18.9,23.0,6.8,84.0,1704137337,1704094771,tshirt_shorts
Clear,841,-26.5,1015.3,30.6,-28.9,-25.3,13.5,29.6,1704125019,1704096445,extreme_cold_gear
Rain,524,10.4,981.0,84.4,8.7,11.3,8.2,8.4,1704129740,1704097210,raincoat_umbrella
Clear,855,36.7,1026.2,54.0,34.8,38.1,5.9,29.3,1704126031,1704095803,hot_summer
Snow,670,1.5,1022.4,68.2,0.2,4.0,3.0,11.4,1704131014,1704097775,medium_coat_scarf
Clear,852,31.2,1034.6,37.9,28.9,34.0,6.3,11.1,1704128090,1704097938,hot_summer
Rain,514,9.4,1006.4,92.8,8.0,10.6,10.8,39.8,1704129627,1704089725,raincoat_umbrella
Snow,634,-8.2,986.8,85.8,-9.5,-5.9,7.2,16.5,1704129575,1704090421,winter_wet_gear
Clear,845,30.8,1024.6,40.5,30.2,33.2,4.0,15.1,1704130010,1704097504,hot_summer
Clear,890,3.5,1011.9,67.8,1.5,4.8,8.4,13.9,1704125999,1704090874,medium_coat_scarf
Clouds,825,3.0,1022.5,59.8,1.7,6.0,2.2,61.9,1704137457,1704095874,medium_coat_scarf
Clear,896,1.2,990.2,79.8,0.2,4.1,5.0,26.8,1704139952,1704090084,medium_coat_scarf
Rain,582,6.0,1002.7,97.1,5.2,8.2,12.0,64.0,1704139591,1704097685,raincoat_umbrella
Drizzle,316,-8.4,1028.9,95.3,-11.2,-7.6,14.4,61.5,1704142175,1704088982,winter_wet_gear
Rain,557,8.6,980.8,76.7,6.4,9.9,3.8,22.0,1704127174,1704092501,raincoat_umbrella
Drizzle,310,-9.1,1034.3,96.9,-11.9,-6.3,9.0,78.1,1704128577,1704098367,winter_wet_gear
Clear,821,1.1,990.9,68.4,-1.6,3.4,9.0,0.7,1704125877,1704097533,medium_coat_scarf
Drizzle,308,17.4,1014.8,83.9,14.6,20.0,3.1,69.2,1704134017,1704099362,light_jacket_jeans
Snow,603,-9.9,993.9,96.1,-11.6,-8.0,4.6,64.8,1704132321,1704094172,winter_wet_gear
Clear,859,6.3,1033.4,65.3,4.8,8.9,5.8,1.8,1704136305,1704089205,medium_coat_scarf
Rain,530,11.6,1005.0,93.7,9.7,12.8,10.7,67.9,1704128476,1704095780,raincoat_umbrella
Snow,603,-15.2,998.2,33.6,-17.9,-13.0,11.0,43.6,1704140753,1704090407,extreme_cold_gear
Snow,616,6.2,1011.9,58.7,4.6,7.6,1.3,87.5,1704131772,1704090727,medium_coat_scarf
Clouds,844,26.0,1032.2,52.5,24.7,27.3,9.1,55.8,1704139484,1704089160,tshirt_shorts
Rain,524,18.0,1028.7,81.4,16.0,20.3,10.0,83.1,1704126461,1704097497,light_rain_jacket
Clear,861,-8.2,992.2,65.5,-9.9,-6.1,5.5,15.2,1704139548,1704089583,warm_winter_coat
Clear,833,28.4,1039.9,70.5,25.8,30.6,0.6,22.6,1704126822,1704098047,tshirt_shorts
Clouds,811,28.8,980.9,74.7,26.8,30.7,4.5,42.6,1704127573,1704095834,tshirt_shorts
Clouds,879,16.4,989.6,65.4,14.5,17.1,15.9,7.0,1704137006,1704096150,windproof_jacket
Clear,857,-27.6,1035.5,70.5,-29.5,-25.4,14.7,2.1,1704133476,1704098548,extreme_cold_gear
Drizzle,306,11.1,989.7,73.0,9.7,12.7,11.2,59.7,1704131174,1704091899,light_jacket_jeans
Clouds,876,9.9,999.5,62.8,8.9,12.1,20.7,4.6,1704130676,1704099493,windproof_jacket
Drizzle,376,-5.3,1025.2,81.9,-7.4,-3.1,8.6,1.1,1704128699,1704097621,winter_wet_gear
Drizzle,333,19.8,1030.3,90.5,18.1,22.0,8.3,27.6,1704126059,1704093019,light_rain_jacket
Clear,810,28.0,1002.8,39.7,25.1,29.4,4.1,13.5,1704127203,1704093683,hot_summer
Clouds,867,7.0,1033.9,56.9,4.4,7.9,4.0,15.7,1704133781,1704094002,medium_coat_scarf
Clouds,883,15.3,990.8,52.4,14.3,17.2,14.7,14.5,1704130453,1704096184,windproof_jacket
Clear,833,29.0,1013.8,49.4,28.1,30.9,2.4,24.1,1704127393,1704094259,hot_summer
Clouds,815,17.2,1025.7,59.4,16.6,19.3,16.2,45.3,1704126876,1704091425,windproof_jacket
Drizzle,301,-7.8,995.0,93.8,-8.6,-5.4,7.9,60.8,1704139427,1704093683,winter_wet_gear
Clear,892,-25.1,992.4,63.4,-26.7,-24.5,11.8,5.6,1704135903,1704088825,extreme_cold_gear
Rain,589,26.4,1008.6,72.1,24.6,28.0,7.3,59.8,1704133302,1704091019,light_rain_jacket
Snow,668,-14.6,1036.9,61.9,-16.5,-12.7,4.3,30.5,1704130042,1704091107,extreme_cold_gear
Drizzle,300,12.1,1009.6,68.9,10.9,14.3,4.8,43.7,1704125755,1704090166,light_jacket_jeans
Clear,854,29.1,998.6,41.5,27.2,30.1,2.2,18.5,1704129062,1704090573,tshirt_shorts
Drizzle,381,28.0,1034.3,80.1,25.8,29.2,7.0,2.1,1704128847,1704091815,light_rain_jacket
Clouds,861,20.2,1011.5,61.0,17.4,21.1,5.1,97.4,1704132431,1704092783,tshirt_shorts
Clouds,882,11.5,1039.3,45.0,9.6,12.7,23.5,5.0,1704131029,1704097789,windproof_jacket
Clear,892,5.1,994.6,65.3,4.0,5.8,9.2,20.9,1704127135,1704099100,medium_coat_scarf
Clouds,846,26.5,1039.6,43.8,24.2,27.6,3.2,67.8,1704129784,1704089650,tshirt_shorts
Clouds,831,10.7,995.2,66.2,9.9,13.4,14.1,15.7,1704137805,1704091800,windproof_jacket
Clouds,846,11.6,1026.9,64.5,9.4,12.4,8.3,68.5,1704125572,1704092538,light_jacket_jeans
Rain,568,15.8,1011.4,93.0,14.5,17.1,8.8,3.0,1704134849,1704094834,raincoat_umbrella
Clear,815,39.6,1008.1,63.7,38.5,40.3,6.7,12.4,1704139432,1704098139,hot_summer
Clouds,813,19.8,1036.9,79.7,19.1,22.0,2.3,72.1,1704128738,1704095786,light_jacket_jeans
Drizzle,328,19.7,999.2,75.6,17.2,20.8,3.7,13.5,1704125089,1704093298,light_rain_jacket
Snow,687,3.4,1003.5,71.8,1.4,6.1,3.2,39.4,1704135682,1704099418,medium_coat_scarf
Snow,686,-2.4,993.4,59.3,-3.0,-1.7,2.1,25.6,1704126433,1704091983,warm_winter_coat
Clouds,862,13.3,1014.2,47.0,12.4,15.6,13.5,93.3,1704130091,1704093529,windproof_jacket
Rain,551,26.0,996.7,91.2,24.7,28.4,2.6,50.8,1704139160,1704090039,light_rain_jacket
Snow,624,7.8,990.4,59.1,5.3,9.9,1.6,0.3,1704136716,1704094962,medium_coat_scarf
Clear,891,24.9,1006.5,67.9,23.1,27.2,1.1,24.3,1704129362,1704096854,tshirt_shorts
Rain,541,26.5,996.0,72.3,23.6,27.9,3.3,89.5,1704134643,1704098777,light_rain_jacket
Clouds,869,17.7,1002.1,67.2,15.4,19.9,16.7,85.3,1704139800,1704091819,windproof_jacket
Snow,691,8.9,995.2,76.3,7.4,10.7,9.8,27.5,1704138125,1704092765,medium_coat_scarf
Clear,859,30.9,992.4,48.3,30.4,32.5,6.1,21.3,1704130897,1704097179,hot_summer
Rain,526,14.1,1008.5,93.3,11.2,15.0,10.9,5.2,1704141232,1704096018,raincoat_umbrella
Rain,512,7.1,989.7,78.2,4.9,8.1,6.6,11.1,1704140314,1704096003,raincoat_umbrella
Snow,692,-0.2,1031.3,41.2,-2.9,2.1,1.4,55.7,1704127704,1704093882,warm_winter_coat
Clear,883,-11.3,986.2,46.5,-13.8,-9.5,16.3,19.9,1704137825,1704097081,extreme_cold_gear
Drizzle,377,15.6,1017.0,79.2,13.1,16.6,6.1,90.0,1704133834,1704096720,light_jacket_jeans
Clouds,829,10.2,1036.1,67.8,8.7,11.0,21.8,83.0,1704131135,1704095599,windproof_jacket
Clouds,843,14.5,989.8,77.1,13.4,16.8,5.7,25.1,1704137555,1704093879,light_jacket_jeans
Drizzle,392,10.1,1010.5,59.4,7.7,11.3,3.9,20.4,1704135212,1704096435,light_jacket_jeans
Rain,516,9.5,980.4,91.1,8.7,12.3,13.9,13.4,1704141932,1704095957,raincoat_umbrella
Snow,645,-1.1,1008.2,54.2,-3.0,-0.2,1.7,55.4,1704137975,1704097260,warm_winter_coat
Rain,542,25.0,1036.3,70.7,23.2,27.3,7.5,17.9,1704138327,1704091284,light_rain_jacket
Rain,578,19.2,1031.7,87.1,17.3,21.1,2.8,50.6,1704133412,1704097181,light_rain_jacket
Clear,876,36.7,989.9,30.0,35.6,37.3,7.5,7.0,1704142554,1704090128,hot_summer
Clouds,841,13.8,995.7,44.6,11.2,15.3,18.7,25.2,1704139973,1704093667,windproof_jacket
Rain,583,25.3,1010.1,87.1,24.5,27.1,6.8,97.0,1704125204,1704094891,light_rain_jacket
Clouds,850,15.1,982.7,54.8,13.1,16.7,20.2,14.2,1704129133,1704091250,windproof_jacket
Snow,658,-21.2,1025.1,64.9,-22.6,-20.7,3.2,95.3,1704141043,1704093949,extreme_cold_gear
Rain,564,7.3,1023.9,96.6,6.0,7.9,8.0,29.4,1704139442,1704099291,raincoat_umbrella
Clouds,827,13.9,993.1,55.2,11.4,14.6,2.2,10.7,1704131741,1704096621,light_jacket_jeans
Snow,624,-19.3,1014.8,69.2,-20.6,-18.3,17.3,78.6,1704141471,1704096311,extreme_cold_gear
Clouds,889,17.2,1034.2,65.1,14.5,19.1,23.5,39.4,1704136245,1704089212,windproof_jacket
Snow,645,-2.4,983.0,59.9,-4.3,-0.5,1.8,80.0,1704141546,1704092431,warm_winter_coat
Snow,650,-20.1,1028.0,32.6,-22.9,-17.7,8.1,50.1,1704139027,1704094796,extreme_cold_gear
Rain,595,23.1,1026.8,85.7,20.6,23.9,5.3,34.1,1704133383,1704096456,light_rain_jacket
Snow,667,-20.4,994.2,49.3,-23.0,-18.9,4.1,58.2,1704125738,1704098947,extreme_cold_gear
Drizzle,316,-5.7,1023.0,94.8,-8.5,-5.1,9.9,27.7,1704139422,1704095233,winter_wet_gear
Rain,541,21.6,985.8,85.1,20.7,23.3,5.4,80.6,1704141579,1704096388,light_rain_jacket
Clear,805,28.6,1001.6,43.7,27.7,29.2,8.3,18.4,1704127101,1704091132,tshirt_shorts
Clear,856,-21.3,990.4,64.5,-23.4,-18.9,4.8,19.5,1704125093,1704091466,extreme_cold_gear
Drizzle,336,14.9,990.7,73.9,13.2,17.8,2.9,40.4,1704140121,1704099283,light_jacket_jeans
Clear,848,18.3,997.8,70.4,16.1,19.4,3.5,14.5,1704137124,1704094576,light_jacket_jeans
Clouds,845,13.7,1016.2,56.7,12.1,16.3,10.2,36.0,1704126413,1704092460,light_jacket_jeans
Snow,604,2.6,1010.5,61.0,1.4,4.1,10.0,55.9,1704129452,1704094216,medium_coat_scarf
Clear,825,15.1,1002.4,84.3,12.4,16.6,3.2,28.0,1704126381,1704096348,light_jacket_jeans
Snow,615,-8.3,995.2,75.8,-9.2,-5.9,7.2,22.0,1704125635,1704097260,winter_wet_gear
Snow,608,5.9,1017.5,69.7,3.6,8.3,9.1,23.0,1704129724,1704095661,medium_coat_scarf
Clouds,812,11.2,1037.1,50.7,9.4,14.0,17.3,25.9,1704140344,1704093941,windproof_jacket
Clear,850,-25.3,1030.2,69.0,-26.8,-22.8,15.9,25.6,1704125745,1704092536,extreme_cold_gear
Clear,877,35.3,986.8,63.4,34.1,37.4,5.7,22.1,1704142758,1704092482,hot_summer
Rain,533,17.2,998.3,91.7,15.6,19.7,7.2,64.3,1704130418,1704097012,raincoat_umbrella
Rain,594,22.9,1017.3,81.5,21.5,23.7,4.1,33.8,1704136595,1704095196,light_rain_jacket
Rain,540,5.9,985.6,88.4,3.3,8.2,12.4,1.2,1704141727,1704093251,raincoat_umbrella
Rain,513,15.4,1035.1,95.5,12.4,16.3,11.9,86.4,1704136252,1704092091,raincoat_umbrella
Clear,862,33.9,980.2,65.8,32.3,35.0,6.5,9.6,1704125480,1704090955,hot_summer
Snow,632,-4.3,989.1,58.6,-5.7,-1.3,9.0,14.7,1704137042,1704098260,warm_winter_coat
Rain,591,26.9,1004.5,84.2,24.1,28.5,7.8,88.7,1704136458,1704091399,light_rain_jacket
Clouds,821,18.0,1035.6,46.3,15.5,20.9,20.5,60.0,1704134842,1704098091,windproof_jacket
Clear,867,28.7,1030.7,54.4,26.2,29.6,0.5,27.3,1704129454,1704099577,tshirt_shorts
Clouds,855,11.2,982.8,69.5,10.2,13.2,13.4,4.5,1704131101,1704094260,windproof_jacket
Clouds,878,15.2,989.9,48.9,14.4,16.0,23.4,26.5,1704142785,1704092043,windproof_jacket
Clear,898,39.5,985.1,52.6,38.0,41.5,4.1,16.5,1704129125,1704092998,hot_summer
Drizzle,320,19.6,1030.5,53.8,17.3,21.8,11.9,42.3,1704130903,1704091103,light_jacket_jeans
Clouds,866,12.0,993.2,56.2,10.1,12.8,19.0,11.8,1704128149,1704092537,windproof_jacket
Rain,576,6.5,1018.5,82.8,4.2,8.8,8.6,0.1,1704130981,1704093601,raincoat_umbrella
Snow,663,1.4,1024.4,50.7,0.6,3.8,2.1,41.1,1704135402,1704090901,medium_coat_scarf
Clouds,856,8.6,990.7,53.3,6.6,9.2,13.1,59.7,1704134343,1704093583,windproof_jacket
Rain,588,26.7,995.5,90.3,24.9,29.5,7.4,97.0,1704142500,1704091129,light_rain_jacket
Clear,855,7.5,1039.6,70.5,5.7,10.5,6.7,10.1,1704136476,1704096311,medium_coat_scarf
Rain,552,15.5,1004.8,87.4,14.1,16.8,6.9,89.5,1704128663,1704092599,raincoat_umbrella
Clouds,812,16.2,1017.6,81.4,15.1,18.6,3.7,77.2,1704139761,1704097207,light_jacket_jeans
Clear,855,-5.1,1037.8,66.1,-6.4,-3.9,9.8,6.3,1704139333,1704093608,warm_winter_coat
Clear,870,-2.4,1004.5,41.2,-4.8,-0.5,9.4,16.5,1704137914,1704089467,warm_winter_coat
Clear,885,31.2,1039.9,54.2,29.7,32.3,7.0,18.2,1704133430,1704091576,hot_summer
Clear,823,1.7,999.0,58.6,0.3,2.5,6.2,23.4,1704137366,1704097251,medium_coat_scarf
Snow,601,-0.4,1028.0,52.3,-2.4,1.0,11.5,3.1,1704134367,1704089167,warm_winter_coat
Clouds,881,14.5,998.2,55.9,12.6,16.9,5.3,10.8,1704139673,1704095015,light_jacket_jeans
Rain,599,23.3,1007.4,75.9,22.8,24.8,4.4,74.7,1704128673,1704094810,light_rain_jacket
Snow,688,-1.1,995.2,89.0,-3.7,1.9,7.0,42.9,1704128561,1704092874,winter_wet_gear
Clear,814,-20.8,1023.9,79.5,-22.9,-19.4,3.4,19.4,1704136514,1704091137,extreme_cold_gear
Rain,522,5.4,987.4,77.6,2.9,7.8,10.0,14.9,1704126703,1704097901,raincoat_umbrella
Snow,606,-8.5,1030.2,58.0,-10.1,-7.0,6.3,30.2,1704139851,1704095628,warm_winter_coat
Rain,541,11.3,986.9,82.6,8.7,12.1,4.1,29.8,1704129999,1704096820,raincoat_umbrella
Clear,829,32.1,1032.6,34.5,29.9,34.6,7.4,7.7,1704134333,1704094796,hot_summer
Clouds,858,26.6,1026.6,48.6,25.9,28.5,4.0,95.3,1704128857,1704092175,tshirt_shorts
Snow,609,2.3,1020.8,66.9,-0.4,4.9,7.1,72.4,1704125378,1704095363,medium_coat_scarf
Clear,825,-12.3,982.3,45.9,-13.6,-11.1,18.9,15.8,1704137063,1704089657,extreme_cold_gear
Clouds,887,14.2,985.1,55.6,12.4,15.3,7.1,4.7,1704132430,1704089830,light_jacket_jeans
Rain,580,21.7,1011.6,89.7,20.1,22.6,6.9,0.4,1704142651,1704093709,light_rain_jacket
Clouds,814,26.1,1002.3,78.0,23.4,29.1,10.0,29.9,1704139112,1704095600,tshirt_shorts
Rain,571,12.8,1029.9,79.0,10.1,15.1,13.7,93.4,1704130245,1704090796,raincoat_umbrella
Clear,885,35.0,1004.3,41.3,34.3,36.9,2.2,30.0,1704127581,1704089691,hot_summer
Clouds,882,22.9,980.5,49.3,20.4,24.1,7.4,53.9,1704136840,1704095315,tshirt_shorts
Clear,898,36.8,1016.6,60.6,34.4,38.9,1.3,4.1,1704126041,1704099131,hot_summer
Rain,591,24.0,1026.0,72.0,21.6,26.7,6.9,18.8,1704132181,1704099453,light_rain_jacket
Clear,882,9.5,995.5,65.1,6.6,11.9,4.2,19.0,1704140879,1704091025,medium_coat_scarf
Clouds,840,8.5,997.1,54.5,6.3,9.4,22.7,84.8,1704127530,1704095761,windproof_jacket
Clear,888,28.1,988.4,59.9,26.5,30.9,7.2,2.9,1704134294,1704094657,hot_summer
Clouds,816,21.5,1025.5,62.7,19.5,23.9,7.6,52.6,1704138512,1704097883,tshirt_shorts
Snow,673,-9.7,1003.8,46.1,-10.4,-9.0,6.3,84.3,1704137005,1704089741,warm_winter_coat
Clear,887,1.0,1010.8,67.3,-1.7,1.5,4.0,18.4,1704141386,1704090571,medium_coat_scarf
Clear,887,26.5,1018.5,62.4,24.0,27.6,3.6,8.1,1704138883,1704090515,tshirt_shorts
Clouds,811,20.0,1025.5,75.3,17.7,21.5,0.2,36.2,1704138615,1704089565,tshirt_shorts
Rain,599,12.7,1008.7,89.8,12.0,14.5,4.2,99.2,1704134518,1704091993,raincoat_umbrella
Drizzle,368,-8.1,989.1,85.7,-9.7,-6.9,8.4,32.9,1704129772,1704092621,winter_wet_gear
Snow,660,-1.4,1025.1,85.2,-4.3,1.5,10.1,43.8,1704142713,1704096145,winter_wet_gear
Clear,836,37.4,1014.6,67.2,34.8,37.9,2.0,8.2,1704130905,1704094900,hot_summer
Snow,687,2.1,1014.8,54.8,1.3,3.9,1.9,95.0,1704133725,1704096220,medium_coat_scarf
Clear,827,34.7,1032.9,30.2,32.5,37.5,0.6,2.3,1704131468,1704091723,hot_summer
Snow,684,9.5,1016.2,50.6,8.9,10.1,3.0,23.4,1704134914,1704094838,medium_coat_scarf
Clouds,822,9.5,1002.4,73.3,8.9,11.1,6.5,90.4,1704139400,1704096971,medium_coat_scarf
Clear,884,2.5,1012.1,53.6,1.6,3.0,8.2,20.2,1704139395,1704099249,medium_coat_scarf
Rain,508,14.3,1036.9,85.4,12.3,17.0,12.5,1.0,1704139214,1704095853,raincoat_umbrella
Rain,569,12.0,1009.2,77.6,10.5,13.4,13.6,43.9,1704135681,1704094480,raincoat_umbrella
Drizzle,312,11.5,1001.4,73.3,10.4,12.3,4.7,94.1,1704133883,1704089548,light_jacket_jeans
Rain,580,23.0,994.1,73.2,21.9,24.9,4.2,51.9,1704124817,1704091912,light_rain_jacket
Rain,574,5.6,992.9,94.3,3.7,7.0,5.0,46.0,1704127871,1704095014,raincoat_umbrella
Clear,833,35.6,1021.6,35.1,33.2,38.3,4.6,21.0,1704137944,1704094199,hot_summer
Clouds,818,2.8,999.7,71.9,1.9,5.3,8.2,62.3,1704127877,1704091837,medium_coat_scarf
Clear,840,6.5,1038.0,79.1,3.8,7.9,5.9,8.7,1704141467,1704097544,medium_coat_scarf
Clear,827,-7.0,1023.8,42.3,-7.5,-4.8,8.0,23.0,1704138746,1704089023,warm_winter_coat
Clear,849,28.7,982.4,51.2,27.1,31.5,7.5,3.7,1704133930,1704092214,hot_summer
Rain,562,15.6,1017.6,94.5,14.4,17.0,11.0,66.6,1704125980,1704095457,raincoat_umbrella
Snow,648,-4.8,980.1,88.2,-6.1,-4.1,6.4,35.6,1704142456,1704090945,winter_wet_gear
Rain,522,27.1,1015.0,80.9,26.5,28.3,9.1,42.6,1704132516,1704098173,light_rain_jacket
Clear,897,38.2,987.0,38.3,36.8,40.9,7.4,24.5,1704139306,1704098175,hot_summer
Clear,835,20.4,1032.3,66.4,19.1,22.2,2.7,14.5,1704134957,1704092925,tshirt_shorts
Snow,669,-23.0,1031.8,65.7,-24.9,-20.8,16.2,11.9,1704135782,1704090057,extreme_cold_gear
Rain,556,21.8,1018.9,91.7,19.8,24.4,6.1,36.3,1704141580,1704092053,light_rain_jacket
Clear,858,29.7,996.7,52.8,28.7,32.3,1.5,6.6,1704141488,1704091885,hot_summer
Snow,675,0.7,1039.1,71.6,-0.1,1.4,7.3,34.2,1704139385,1704089574,medium_coat_scarf
Snow,653,-4.4,993.8,84.2,-5.0,-2.4,13.1,2.5,1704134956,1704098437,winter_wet_gear
Snow,627,-26.9,986.5,47.0,-28.6,-25.9,17.8,86.7,1704129909,1704096761,extreme_cold_gear
Snow,640,-6.8,1021.3,60.8,-9.5,-5.3,1.9,17.9,1704136820,1704091184,warm_winter_coat
Snow,629,-18.7,986.4,48.0,-20.9,-16.3,1.0,85.9,1704125686,1704090124,extreme_cold_gear
Snow,656,-8.0,1025.3,75.1,-9.6,-6.2,14.6,36.5,1704127912,1704096561,winter_wet_gear
Snow,656,-8.7,982.6,83.5,-10.6,-8.0,14.4,92.0,1704137207,1704090449,winter_wet_gear
Snow,611,-9.0,1023.0,56.0,-11.3,-7.6,9.5,49.7,1704126343,1704096740,warm_winter_coat
Clear,895,25.5,1034.1,68.7,22.7,26.1,9.0,9.9,1704140924,1704092869,tshirt_shorts
Rain,565,6.5,1015.8,95.6,4.2,8.8,6.9,27.7,1704129136,1704094762,raincoat_umbrella
Snow,652,-6.6,996.3,62.7,-9.1,-3.9,6.0,5.7,1704125941,1704091024,warm_winter_coat
Clear,848,40.0,1026.1,69.9,37.4,41.1,4.4,28.3,1704127124,1704093665,hot_summer
Clear,883,-1.1,997.5,64.9,-4.1,0.6,1.6,10.1,1704139448,1704097028,warm_winter_coat
Clear,873,22.4,990.6,44.0,19.6,22.9,2.6,0.9,1704127538,1704096749,tshirt_shorts
Rain,553,18.8,995.9,76.2,18.1,20.4,8.3,89.4,1704140791,1704093193,raincoat_umbrella
Clear,897,-10.8,1018.3,49.9,-11.4,-8.0,16.3,17.8,1704133317,1704091268,extreme_cold_gear
Clear,898,20.5,1030.8,67.8,17.6,22.3,8.3,20.4,1704142220,1704098669,tshirt_shorts
Clouds,860,8.0,1030.4,49.4,6.8,8.8,15.3,86.6,1704127978,1704091016,windproof_jacket
Snow,616,8.7,992.6,51.0,7.7,9.3,5.8,36.8,1704139005,1704093298,medium_coat_scarf
Clouds,866,11.4,995.6,74.2,9.0,13.9,5.4,95.7,1704139905,1704095536,light_jacket_jeans
Clouds,893,11.2,999.9,43.3,9.5,12.1,23.2,23.3,1704131735,1704092007,windproof_jacket
Clouds,898,1.5,1034.4,69.7,-0.2,2.5,1.0,18.3,1704139830,1704091156,medium_coat_scarf
Snow,621,-20.3,1022.3,68.5,-21.3,-19.3,14.9,1.1,1704126531,1704091506,extreme_cold_gear
Drizzle,364,-1.5,998.5,84.0,-3.6,0.0,4.2,41.2,1704132021,1704098488,winter_wet_gear
Snow,645,-8.9,1029.0,69.1,-10.4,-6.9,7.0,61.8,1704138591,1704095670,warm_winter_coat
Rain,531,25.9,1003.5,86.4,24.3,28.3,4.3,81.1,1704137846,1704091988,light_rain_jacket
Clouds,888,30.0,1027.2,70.1,27.7,30.7,9.7,96.3,1704136438,1704093140,tshirt_shorts
Clouds,856,24.7,999.8,53.2,23.2,27.6,7.5,13.8,1704135818,1704091239,tshirt_shorts
Rain,517,15.9,991.8,87.2,15.0,18.3,8.5,36.1,1704135901,1704090949,raincoat_umbrella
Drizzle,345,-3.5,1018.3,99.3,-5.7,-0.7,11.3,90.9,1704137734,1704094121,winter_wet_gear
Snow,658,-13.3,1030.8,52.1,-14.6,-11.3,3.4,76.3,1704125273,1704089809,extreme_cold_gear
Drizzle,375,-6.9,1022.9,97.0,-7.5,-6.2,10.9,61.9,1704141548,1704093435,winter_wet_gear
Rain,552,10.5,1012.2,98.1,8.6,12.2,7.0,56.9,1704141157,1704092440,raincoat_umbrella
Rain,535,12.5,1015.3,79.7,10.3,13.8,4.5,50.6,1704125184,1704093145,raincoat_umbrella
Clear,822,17.8,1004.3,59.9,16.4,19.0,7.6,14.7,1704138813,1704096087,light_jacket_jeans
Rain,575,7.8,1034.9,94.6,7.2,10.7,4.6,58.8,1704132899,1704092125,raincoat_umbrella
Snow,659,-12.4,1008.1,40.3,-14.2,-9.7,8.4,18.7,1704134166,1704091730,extreme_cold_gear
Rain,584,26.6,1035.1,78.0,24.3,28.7,2.2,21.8,1704128324,1704090508,light_rain_jacket
Clouds,801,26.5,1000.3,47.3,25.8,28.0,7.5,71.0,1704128883,1704096414,tshirt_shorts
Snow,643,-11.6,1029.5,31.5,-13.2,-10.9,4.2,24.5,1704138056,1704097387,extreme_cold_gear
Clear,801,33.0,980.1,51.5,30.8,33.8,0.4,7.3,1704132197,1704090028,hot_summer
Clouds,885,3.6,999.2,74.9,1.9,4.7,9.8,78.9,1704133125,1704096163,medium_coat_scarf
Clear,894,19.7,1019.6,57.5,16.8,20.2,3.9,7.3,1704133887,1704088862,light_jacket_jeans
Clouds,806,17.8,999.2,52.6,16.0,19.0,5.2,33.0,1704131419,1704093599,light_jacket_jeans
Clouds,860,13.0,1014.1,48.7,11.0,13.9,17.0,94.7,1704140117,1704088875,windproof_jacket
Drizzle,378,10.8,991.2,61.4,9.2,13.2,6.5,18.0,1704142426,1704097874,light_jacket_jeans
Snow,620,5.1,1007.1,75.3,3.8,7.1,9.3,30.0,1704141193,1704091769,medium_coat_scarf
Clouds,822,14.7,1033.0,71.2,14.1,17.5,2.9,54.4,1704140434,1704094084,light_jacket_jeans
Drizzle,396,18.8,1018.5,83.5,17.7,19.8,7.1,35.7,1704128124,1704089237,light_rain_jacket
Clear,855,36.7,1037.0,67.3,34.7,37.4,2.2,1.9,1704134336,1704098452,hot_summer
Clouds,887,13.5,1035.6,67.9,12.8,16.0,21.0,31.8,1704135938,1704097488,windproof_jacket
Clouds,801,7.3,1026.3,79.3,4.6,9.7,4.1,9.4,1704139578,1704094426,medium_coat_scarf
Clear,832,-10.9,996.5,52.7,-13.3,-10.1,0.6,9.1,1704135856,1704090688,extreme_cold_gear
Clear,807,37.4,1025.7,52.2,35.0,38.4,0.0,1.1,1704131422,1704099147,hot_summer
Clouds,867,18.1,992.0,70.5,15.5,18.8,8.1,34.4,1704133506,1704098065,light_jacket_jeans
Clear,891,17.9,1038.2,72.0,15.1,19.2,7.2,20.9,1704140185,1704092404,light_jacket_jeans
Clouds,892,11.4,1034.9,65.5,9.2,14.1,18.4,10.2,1704127242,1704091963,windproof_jacket
Rain,503,7.0,1013.3,86.1,4.5,9.4,10.6,97.8,1704124951,1704092640,raincoat_umbrella
Snow,610,-29.4,1013.9,59.3,-30.6,-27.7,1.8,37.6,1704139744,1704092919,extreme_cold_gear
Clouds,827,13.8,1003.7,53.4,12.1,15.8,23.3,65.4,1704133100,1704089237,windproof_jacket
Clear,882,20.2,998.6,70.2,19.1,22.9,2.7,15.8,1704132798,1704089721,tshirt_shorts
Clear,894,39.6,1015.1,34.3,38.8,40.2,3.8,16.2,1704135340,1704089939,hot_summer
Rain,526,27.5,984.9,76.5,25.8,29.4,7.7,66.5,1704132604,1704090787,light_rain_jacket
Rain,581,6.2,1017.8,75.2,5.0,8.9,9.8,5.0,1704128697,1704089894,raincoat_umbrella
Rain,537,23.5,1012.8,84.6,22.2,24.8,3.6,64.7,1704142022,1704089450,light_rain_jacket
Drizzle,363,-0.2,987.6,76.6,-2.4,2.1,12.2,82.5,1704141710,1704099355,winter_wet_gear
Clear,857,38.1,985.8,50.0,36.0,39.5,7.9,9.1,1704125981,1704098826,hot_summer
Snow,648,-6.2,1030.1,73.2,-7.0,-3.3,4.9,76.7,1704135537,1704095614,warm_winter_coat
Snow,641,-29.5,992.4,41.6,-32.2,-28.9,6.4,36.6,1704132464,1704097453,extreme_cold_gear
Drizzle,379,-8.5,1025.1,75.4,-11.1,-6.4,11.4,92.6,1704135492,1704090855,winter_wet_gear
Snow,637,-26.4,1015.3,60.4,-28.8,-24.2,0.6,82.5,1704139495,1704091170,extreme_cold_gear
Clear,886,23.4,982.5,77.4,20.9,25.8,1.6,13.6,1704134397,1704098730,tshirt_shorts
Drizzle,381,19.0,1006.1,69.3,18.3,21.4,4.6,51.6,1704132088,1704089981,light_jacket_jeans
Drizzle,382,18.9,983.8,77.0,18.0,20.6,11.3,62.8,1704127105,1704090482,light_jacket_jeans
Snow,632,-0.8,980.9,62.6,-1.6,1.5,1.2,67.6,1704134500,1704092277,warm_winter_coat
Rain,516,6.3,987.5,91.6,5.3,8.1,8.1,67.4,1704141570,1704092106,raincoat_umbrella
Clear,885,32.3,1011.5,35.0,30.7,34.8,4.7,6.1,1704126544,1704095176,hot_summer
Clear,869,30.7,989.7,33.1,28.2,32.8,2.3,27.9,1704139266,1704098211,hot_summer
Snow,694,-9.2,1017.4,78.8,-10.6,-7.8,11.0,94.5,1704127934,1704096030,winter_wet_gear
Clear,814,3.6,1035.1,79.8,2.1,4.9,9.8,17.6,1704136172,1704088962,medium_coat_scarf
Clear,886,26.0,984.4,49.7,24.3,27.5,4.9,1.0,1704137176,1704090278,tshirt_shorts
Clear,859,37.8,1021.6,36.9,35.6,39.4,6.5,16.7,1704136783,1704090294,hot_summer
Drizzle,354,-8.5,1024.2,82.3,-10.6,-7.9,11.1,21.3,1704134430,1704089910,winter_wet_gear
Drizzle,314,-5.5,999.6,86.4,-8.2,-4.8,14.1,61.4,1704138569,1704098288,winter_wet_gear
Clear,832,31.3,1021.5,60.7,29.2,33.7,1.8,7.0,1704125878,1704091162,hot_summer
Clouds,825,15.9,1006.7,55.9,13.8,18.2,14.2,92.4,1704126432,1704097288,windproof_jacket
Clear,876,33.6,1028.7,68.7,31.9,35.7,6.0,1.0,1704125686,1704097764,hot_summer
Clouds,898,6.9,995.5,71.5,4.3,8.7,6.6,92.7,1704130175,1704099482,medium_coat_scarf
Drizzle,304,-3.1,1003.6,79.7,-4.2,-1.9,9.2,56.6,1704138785,1704090315,winter_wet_gear
Drizzle,347,-0.3,996.9,97.4,-1.8,2.4,13.6,28.3,1704130010,1704098073,winter_wet_gear
Snow,624,4.5,1002.9,58.4,1.7,6.3,6.4,23.3,1704136876,1704090965,medium_coat_scarf
Clear,820,29.4,1031.3,31.8,27.7,30.1,0.3,21.1,1704133322,1704094109,hot_summer
Rain,592,21.6,1009.6,73.8,19.3,24.3,9.3,88.9,1704139422,1704095871,light_rain_jacket
Clear,844,12.5,1029.2,52.0,10.3,13.0,6.0,3.8,1704131115,1704089985,light_jacket_jeans
Snow,622,-1.0,1011.1,71.5,-2.6,0.6,10.8,76.8,1704129934,1704091865,warm_winter_coat
Snow,685,-20.5,982.2,71.2,-23.1,-19.5,1.0,82.2,1704125956,1704095900,extreme_cold_gear
Clear,835,6.7,995.3,52.7,3.9,8.4,9.4,26.6,1704129806,1704093249,medium_coat_scarf
Clear,897,39.5,1028.2,66.1,38.4,41.1,2.2,29.9,1704130108,1704094417,hot_summer
Snow,691,-1.9,983.5,46.2,-2.4,-0.9,11.0,37.5,1704126212,1704099192,warm_winter_coat
Snow,648,3.6,1010.2,62.8,1.3,6.5,5.3,65.6,1704137180,1704097038,medium_coat_scarf
Snow,666,-26.2,1013.2,38.5,-29.0,-25.6,16.5,86.0,1704137696,1704099273,extreme_cold_gear
Clouds,865,13.0,1015.8,72.3,10.9,14.6,8.2,15.9,1704134515,1704089000,light_jacket_jeans
Clouds,849,10.9,998.7,67.8,9.3,13.1,24.1,83.6,1704134087,1704092411,windproof_jacket
Rain,586,8.2,1037.2,91.1,6.2,9.8,4.6,59.3,1704128628,1704092496,raincoat_umbrella
Clear,814,-2.1,995.1,56.2,-4.8,0.0,5.8,19.3,1704139874,1704097130,warm_winter_coat
Clear,807,33.9,1004.6,65.8,31.2,36.1,2.1,27.0,1704126397,1704098076,hot_summer
Clear,844,32.2,1003.5,31.7,31.4,34.6,1.4,28.4,1704142462,1704089973,hot_summer
Rain,595,7.6,1006.2,81.9,6.2,10.5,14.0,94.1,1704136689,1704098797,raincoat_umbrella
Clouds,837,8.1,980.4,43.1,6.4,9.2,19.8,90.9,1704140113,1704093053,windproof_jacket
Clear,842,22.8,1003.3,59.0,21.1,24.8,4.7,24.6,1704140392,1704098471,tshirt_shorts
Clouds,868,11.6,1034.8,50.5,10.0,14.6,13.7,3.0,1704131197,1704095925,windproof_jacket
Rain,573,23.7,1004.9,93.8,22.9,25.6,8.6,63.0,1704129903,1704091642,light_rain_jacket
Clouds,868,17.5,1013.1,54.0,16.8,20.1,13.0,8.8,1704137016,1704091925,windproof_jacket
Clouds,856,12.8,992.5,52.7,12.3,15.6,17.5,94.7,1704127897,1704096758,windproof_jacket
Snow,622,-14.4,999.0,42.8,-14.9,-13.2,15.4,84.0,1704140830,1704090718,extreme_cold_gear
Drizzle,393,25.3,990.7,74.8,23.2,28.1,9.9,9.6,1704135518,1704094841,light_rain_jacket
Clear,847,12.9,1004.0,51.0,11.9,14.3,4.0,5.0,1704138556,1704099187,light_jacket_jeans
Drizzle,367,26.9,1005.7,74.0,25.5,29.7,4.8,47.6,1704131270,1704095913,light_rain_jacket
Snow,634,-30.0,1029.4,59.0,-30.6,-29.4,15.6,47.1,1704126472,1704098707,extreme_cold_gear
Clear,817,-3.3,1014.9,60.2,-4.4,-0.8,5.8,27.5,1704126326,1704088929,warm_winter_coat
Clear,884,-23.2,999.6,32.5,-25.7,-21.8,19.1,27.9,1704133325,1704096296,extreme_cold_gear
Clear,893,26.0,1037.3,47.5,23.8,27.3,7.8,17.4,1704138023,1704092920,tshirt_shorts
Rain,588,24.9,991.8,80.2,23.5,25.8,5.5,1.0,1704139808,1704093354,light_rain_jacket
Rain,501,8.3,1031.8,87.3,7.8,10.3,3.0,1.3,1704140206,1704099314,raincoat_umbrella
Rain,574,7.8,1017.0,99.5,6.4,10.3,7.5,7.8,1704141082,1704093953,raincoat_umbrella
Clear,899,14.7,1035.5,61.5,13.1,16.1,4.7,8.7,1704128146,1704089730,light_jacket_jeans
Clouds,880,0.9,1000.3,79.1,0.3,3.8,1.3,8.5,1704133902,1704096572,medium_coat_scarf
Drizzle,364,-5.6,1009.0,99.8,-6.2,-3.9,12.9,31.0,1704137604,1704092688,winter_wet_gear
Clouds,867,1.1,1031.8,69.6,-1.6,1.8,2.5,70.0,1704140654,1704097423,medium_coat_scarf
Clear,862,11.5,1007.5,65.2,10.4,12.9,9.5,4.9,1704135318,1704089551,light_jacket_jeans
Clouds,847,12.1,990.2,64.9,11.0,14.6,17.8,95.5,1704132417,1704090892,windproof_jacket
Clouds,849,11.4,980.0,55.6,8.7,13.3,21.5,88.7,1704136892,1704090121,windproof_jacket
Clouds,819,14.5,1017.2,66.6,12.0,16.2,16.3,33.2,1704132360,1704092466,windproof_jacket
Snow,640,-5.4,1012.4,50.7,-6.2,-4.6,5.4,49.9,1704139943,1704090206,warm_winter_coat
Clear,839,-3.3,1022.2,54.6,-5.6,-2.5,7.3,28.5,1704126019,1704096552,warm_winter_coat
Clouds,881,18.0,1009.8,50.9,16.0,19.6,14.0,31.0,1704141257,1704096246,windproof_jacket
Clouds,820,22.4,1023.7,71.0,20.9,25.3,2.4,25.2,1704131574,1704091443,tshirt_shorts
Rain,546,26.8,1010.1,77.8,23.8,28.4,6.7,13.0,1704136456,1704094261,light_rain_jacket
Clouds,820,11.2,1027.2,54.0,10.5,11.8,23.5,68.4,1704135265,1704090208,windproof_jacket
Rain,547,11.5,987.4,75.2,10.1,12.8,12.7,51.0,1704142746,1704093955,raincoat_umbrella
Drizzle,375,13.7,997.1,68.7,12.7,15.9,6.2,90.4,1704134496,1704098786,light_jacket_jeans
Drizzle,360,23.2,1021.2,72.2,22.0,25.2,4.7,41.3,1704129382,1704096794,light_rain_jacket
Drizzle,388,-2.8,1018.8,88.7,-5.1,-0.0,8.9,55.5,1704126786,1704094590,winter_wet_gear
Clear,896,26.8,1006.6,50.8,25.6,29.1,6.0,17.9,1704129478,1704097504,tshirt_shorts
Clouds,801,13.1,984.1,46.7,11.3,14.2,18.7,34.7,1704125732,1704095930,windproof_jacket
Rain,578,6.9,1039.3,84.9,4.7,9.8,14.8,60.2,1704127263,1704093659,raincoat_umbrella
Snow,695,-19.9,981.4,58.3,-20.9,-17.6,13.6,1.2,1704141363,1704091396,extreme_cold_gear
Snow,637,-12.6,994.8,60.9,-13.9,-11.6,12.7,40.3,1704126525,1704096624,extreme_cold_gear
Rain,566,8.1,1016.8,95.1,7.0,10.1,9.9,46.3,1704131477,1704096543,raincoat_umbrella
Drizzle,379,22.1,1032.6,75.6,19.3,23.3,4.8,94.2,1704142348,1704092988,light_rain_jacket
Snow,691,3.9,1001.8,73.6,1.6,6.5,4.8,94.7,1704141330,1704094668,medium_coat_scarf
Drizzle,360,27.6,1038.1,88.3,25.9,29.7,6.3,95.9,1704132595,1704097540,light_rain_jacket
Clear,804,4.4,1038.0,64.1,1.7,6.7,6.8,26.3,1704132728,1704088989,medium_coat_scarf
Clear,843,-3.8,980.7,68.0,-6.7,-2.1,4.6,9.7,1704138487,1704094953,warm_winter_coat
Clear,894,-8.5,995.8,47.6,-10.9,-7.3,9.3,23.9,1704127794,1704089589,warm_winter_coat
Rain,537,16.3,1038.6,88.9,14.1,19.2,14.3,99.5,1704140272,1704093168,raincoat_umbrella
Snow,607,-0.5,1000.0,64.4,-2.0,1.5,8.0,18.4,1704127851,1704095651,warm_winter_coat
Clear,809,-13.0,1012.9,38.3,-15.9,-12.5,14.9,18.1,1704126266,1704095698,extreme_cold_gear
Clear,855,-16.6,1011.9,31.5,-17.7,-15.0,19.7,15.2,1704136647,1704094483,extreme_cold_gear
Rain,507,12.9,997.3,90.5,12.3,14.1,7.8,80.9,1704125050,1704089222,raincoat_umbrella
Rain,558,7.9,1002.6,81.2,6.3,8.9,12.4,0.7,1704128300,1704096179,raincoat_umbrella
Clouds,877,17.5,1036.7,46.6,16.5,20.1,21.5,57.1,1704137458,1704098303,windproof_jacket
Snow,629,-3.7,999.1,63.4,-4.3,-2.7,8.7,89.3,1704136887,1704089557,warm_winter_coat
Clouds,894,12.6,986.8,63.0,10.6,14.9,12.3,72.0,1704139267,1704091285,windproof_jacket
Drizzle,368,-8.5,1011.0,95.0,-10.7,-7.5,5.1,75.6,1704141211,1704089632,winter_wet_gear
Clear,879,30.0,1028.1,43.1,27.6,31.3,4.7,23.7,1704135509,1704093701,tshirt_shorts
Clear,862,-1.5,1006.8,60.7,-2.8,-0.1,5.0,25.9,1704128409,1704097073,warm_winter_coat
Snow,616,-8.5,991.9,95.5,-9.6,-7.6,10.3,1.2,1704140690,1704098263,winter_wet_gear
Rain,598,19.2,998.2,85.2,18.2,20.1,6.8,18.4,1704127471,1704097507,light_rain_jacket
Drizzle,313,-8.7,1024.9,79.1,-11.0,-7.8,2.5,88.5,1704134170,1704095349,winter_wet_gear
Clear,805,22.3,994.2,73.2,20.6,24.2,6.8,11.3,1704131650,1704098398,tshirt_shorts
Clear,825,-6.7,1006.0,59.1,-9.4,-5.2,4.8,3.3,1704139020,1704089694,warm_winter_coat
Clear,853,-27.4,1020.1,54.8,-30.1,-26.7,0.7,27.3,1704126669,1704095182,extreme_cold_gear
Snow,622,-20.6,1033.7,43.0,-21.8,-19.4,17.9,90.0,1704127064,1704098723,extreme_cold_gear
Drizzle,306,19.1,1030.7,64.3,17.1,20.4,6.7,60.9,1704127784,1704097806,light_jacket_jeans
Clear,817,-15.0,1039.8,60.0,-16.9,-13.4,0.0,12.9,1704139812,1704089883,extreme_cold_gear
Clear,865,12.2,1035.1,67.2,9.4,13.9,6.2,10.8,1704138072,1704099215,light_jacket_jeans
Rain,525,10.0,991.7,85.3,7.5,12.7,13.8,97.2,1704138358,1704098837,raincoat_umbrella
Snow,640,-3.9,1010.0,73.0,-6.3,-1.7,7.1,19.7,1704126367,1704093776,warm_winter_coat
Clear,889,38.2,1012.6,38.5,37.4,39.0,5.4,25.0,1704141834,1704094813,hot_summer
Clouds,878,2.2,1009.8,60.7,1.7,3.8,1.9,38.2,1704139865,1704089603,medium_coat_scarf
Drizzle,394,17.6,996.3,78.7,15.8,18.4,3.9,29.6,1704128078,1704092962,light_jacket_jeans
Snow,649,-8.1,1013.1,44.1,-9.7,-6.5,4.7,98.9,1704138584,1704089440,warm_winter_coat
Drizzle,383,10.3,1003.9,53.2,7.7,12.6,2.8,82.2,1704130611,1704098486,light_jacket_jeans
Clouds,873,8.6,1025.0,46.8,5.7,9.7,16.6,56.0,1704129892,1704098218,windproof_jacket
Snow,602,-2.4,1013.3,42.4,-3.4,-0.6,8.9,82.0,1704126137,1704095433,warm_winter_coat
Clouds,827,3.0,997.1,60.3,0.9,4.0,3.7,69.3,1704130039,1704096268,medium_coat_scarf
Rain,571,12.7,1018.1,83.2,10.3,14.6,7.0,16.3,1704131367,1704098681,raincoat_umbrella
Clouds,894,12.3,1030.7,59.1,9.7,13.9,24.1,6.9,1704136902,1704092581,windproof_jacket
Clouds,800,10.5,984.6,47.2,9.8,12.2,12.8,91.5,1704140106,1704096339,windproof_jacket
Clouds,842,16.4,1018.8,57.4,15.5,18.8,9.5,92.3,1704134975,1704089703,light_jacket_jeans
Clear,888,-10.7,981.7,70.8,-11.5,-9.1,6.8,8.4,1704134027,1704098946,extreme_cold_gear
Drizzle,359,23.8,1015.0,71.8,22.8,24.8,7.7,5.0,1704136655,1704090646,light_rain_jacket
Snow,600,-1.8,1011.6,96.8,-4.3,-0.6,12.2,26.5,1704127890,1704091444,winter_wet_gear
Drizzle,360,-4.4,1028.3,95.4,-6.1,-2.8,9.3,53.4,1704131471,1704088825,winter_wet_gear
Snow,672,-7.0,1037.3,80.7,-9.0,-5.2,5.5,97.2,1704139267,1704089322,winter_wet_gear
Clouds,858,21.7,1034.2,66.0,19.5,24.1,2.4,9.9,1704141974,1704092633,tshirt_shorts
Clear,858,22.0,998.1,48.6,19.5,23.0,0.1,22.5,1704133843,1704099157,tshirt_shorts
Clouds,877,8.5,996.7,58.3,7.0,9.9,5.2,21.5,1704138257,1704097301,medium_coat_scarf
Drizzle,326,-9.5,1000.5,89.5,-10.5,-7.6,4.0,58.2,1704125984,1704096518,winter_wet_gear
Clouds,896,11.1,1005.6,53.4,9.9,12.2,9.9,80.1,1704135890,1704091513,light_jacket_jeans
Snow,666,1.4,990.3,50.3,0.7,2.7,3.5,25.8,1704141802,1704094415,medium_coat_scarf
Clear,839,29.6,1011.3,60.8,28.2,30.5,4.0,23.4,1704136773,1704095117,tshirt_shorts
Clear,890,2.5,1012.5,71.7,0.3,5.5,9.5,21.8,1704136097,1704097386,medium_coat_scarf
Rain,587,6.0,1033.7,93.1,4.1,8.2,10.7,52.0,1704125464,1704092292,raincoat_umbrella
Clouds,809,20.3,1004.4,43.3,18.7,23.2,4.8,60.6,1704137287,1704094575,tshirt_shorts
Drizzle,398,21.3,1007.1,72.3,18.5,23.8,2.3,94.3,1704140212,1704095588,light_rain_jacket
Clear,870,-9.4,1011.4,47.5,-11.0,-7.0,7.0,18.9,1704127974,1704092563,warm_winter_coat
Clouds,891,7.4,986.2,65.9,4.8,8.0,6.7,9.7,1704141678,1704091870,medium_coat_scarf
Clouds,885,25.1,1027.3,72.6,24.0,27.8,7.8,70.8,1704128294,1704098449,tshirt_shorts
Clear,860,7.4,997.4,53.8,6.1,8.1,7.4,14.7,1704139716,1704097100,medium_coat_scarf
Clear,817,-9.1,1030.2,55.8,-10.3,-7.2,1.8,28.6,1704131619,1704092014,warm_winter_coat
Clouds,860,12.2,996.9,41.3,11.6,15.0,21.4,4.9,1704132862,1704091522,windproof_jacket
Clouds,897,9.2,993.7,67.9,7.6,12.0,14.1,13.0,1704134553,1704091651,windproof_jacket
Snow,654,0.5,1028.7,65.3,-1.7,2.0,4.2,79.0,1704136317,1704095617,medium_coat_scarf
Rain,508,17.1,1030.9,97.4,14.3,19.2,12.5,10.2,1704137119,1704098187,raincoat_umbrella
Rain,567,17.7,1036.2,88.7,17.2,20.4,10.2,55.9,1704133831,1704091875,raincoat_umbrella
Snow,646,-28.5,998.5,49.9,-31.0,-27.4,3.8,33.1,1704134398,1704095968,extreme_cold_gear
Rain,570,15.8,1005.8,80.3,15.0,16.7,12.5,12.7,1704142636,1704098418,raincoat_umbrella
Clouds,875,18.6,994.8,78.6,15.8,20.2,2.6,87.6,1704127952,1704093552,light_jacket_jeans
Snow,684,4.2,1031.1,50.2,1.6,6.5,9.0,85.0,1704142085,1704095652,medium_coat_scarf
Clear,822,30.4,1012.7,43.9,29.2,31.5,5.0,3.8,1704132200,1704091106,hot_summer
Clear,890,-1.8,1001.2,53.9,-2.7,-0.4,1.4,11.9,1704140253,1704098891,warm_winter_coat
Rain,534,22.1,1026.8,76.6,20.9,24.5,6.4,93.8,1704127047,1704098364,light_rain_jacket
Drizzle,379,14.5,1033.5,79.7,12.6,15.8,5.4,61.7,1704136033,1704091432,light_jacket_jeans
Rain,581,15.9,1008.2,81.0,14.4,18.2,13.0,32.3,1704124931,1704094381,raincoat_umbrella
Clear,844,22.0,1034.1,57.2,19.3,24.1,5.0,7.8,1704137843,1704089019,tshirt_shorts
Clouds,875,10.2,1034.9,48.6,8.4,11.1,17.0,36.8,1704134885,1704096748,windproof_jacket
Rain,586,19.2,1023.5,80.8,17.5,21.7,4.7,4.2,1704128184,1704094850,raincoat_umbrella
Snow,665,-18.6,1011.1,30.3,-19.4,-16.4,13.1,99.7,1704128514,1704091143,extreme_cold_gear
Snow,660,-5.1,1014.9,45.4,-7.7,-3.0,9.3,21.1,1704128337,1704089167,warm_winter_coat
Clouds,820,14.8,980.9,59.2,12.2,17.6,23.0,92.9,1704140614,1704097370,windproof_jacket
Clear,856,23.0,1004.0,66.3,21.8,25.6,9.2,5.8,1704132990,1704094973,tshirt_shorts
Clear,845,36.1,989.5,45.8,33.4,38.9,1.1,28.5,1704128549,1704099508,hot_summer
Rain,594,17.3,1036.5,82.7,15.9,18.9,13.7,49.6,1704128623,1704092409,raincoat_umbrella
Drizzle,332,-1.9,988.5,82.0,-2.7,-1.4,11.5,40.9,1704133457,1704095422,winter_wet_gear
Clear,894,39.7,1028.7,68.6,38.7,41.9,1.7,5.9,1704141567,1704093174,hot_summer
Clear,821,34.0,1027.3,63.6,32.5,35.5,5.6,10.5,1704125901,1704090872,hot_summer
Clouds,850,17.6,994.5,62.4,15.3,20.1,18.4,27.9,1704126977,1704094509,windproof_jacket
Drizzle,363,15.6,997.4,54.4,14.7,18.4,3.9,89.0,1704137680,1704094446,light_jacket_jeans
Clouds,838,26.8,1006.6,62.8,25.1,29.6,9.5,59.9,1704133820,1704089621,tshirt_shorts
Drizzle,351,-5.6,1026.4,92.7,-6.1,-4.4,10.6,24.1,1704142089,1704092557,winter_wet_gear
Drizzle,336,23.9,994.9,78.2,22.7,26.6,8.8,40.9,1704133084,1704096665,light_rain_jacket
Drizzle,334,27.6,1005.4,75.5,26.1,28.3,8.7,78.9,1704127512,1704096497,light_rain_jacket
Clouds,873,27.0,1008.2,65.0,25.2,28.5,1.9,72.0,1704135787,1704092281,tshirt_shorts
Clear,817,-18.7,1020.8,31.0,-19.3,-17.5,16.1,6.9,1704125073,1704095588,extreme_cold_gear
Clouds,853,9.7,1024.1,77.8,7.9,12.4,6.6,59.4,1704140276,1704096770,medium_coat_scarf
Clear,808,-1.3,1017.7,54.1,-4.0,0.2,1.2,13.4,1704132973,1704093240,warm_winter_coat
Snow,693,-21.0,1007.3,40.8,-22.8,-18.3,12.4,77.3,1704127411,1704097256,extreme_cold_gear
Clear,887,11.1,996.0,59.4,10.1,11.9,11.6,8.9,1704136361,1704091319,light_jacket_jeans
Drizzle,397,11.3,1013.5,64.0,10.7,13.8,7.7,11.9,1704126272,1704096639,light_jacket_jeans
Clouds,823,16.9,1032.9,74.6,14.6,18.0,5.6,64.4,1704140376,1704088806,light_jacket_jeans
Rain,557,12.8,1012.7,80.2,10.4,13.8,11.3,1.8,1704131190,1704097708,raincoat_umbrella
Clear,803,26.0,987.4,44.9,23.4,28.0,9.6,7.6,1704134083,1704097852,tshirt_shorts
Clear,844,1.1,1007.2,66.6,-1.7,1.7,1.9,8.4,1704137314,1704095819,medium_coat_scarf
Clouds,812,23.7,1018.3,51.8,21.6,26.0,8.3,89.8,1704125785,1704097833,tshirt_shorts
Clear,850,-1.0,1004.7,59.1,-2.9,0.3,8.5,19.7,1704136529,1704092286,warm_winter_coat
Snow,640,-3.0,1026.5,63.7,-5.1,-0.9,7.9,23.2,1704135500,1704095866,warm_winter_coat
Clear,863,7.6,984.1,73.6,6.3,8.9,9.9,26.7,1704142553,1704090174,medium_coat_scarf
Clear,819,38.1,989.3,59.1,37.1,40.6,7.8,6.8,1704125999,1704090818,hot_summer
Snow,679,9.8,991.0,59.9,8.7,12.0,3.1,41.2,1704139837,1704091389,medium_coat_scarf
Snow,647,-6.3,1016.9,81.9,-7.2,-4.0,7.6,18.8,1704133095,1704096206,winter_wet_gear
Drizzle,305,18.4,991.5,82.4,15.9,20.3,6.7,25.3,1704138565,1704092210,light_rain_jacket
Clouds,879,24.0,1027.0,65.0,21.3,25.5,7.8,51.9,1704129124,1704098397,tshirt_shorts
Drizzle,326,18.3,988.6,53.7,16.2,20.6,7.9,29.8,1704134356,1704089223,light_jacket_jeans
Drizzle,399,24.5,1023.7,75.8,22.7,26.8,8.0,14.2,1704133129,1704090868,light_rain_jacket
Clouds,869,8.3,983.1,55.5,7.3,10.8,18.9,71.2,1704133402,1704092156,windproof_jacket
Clear,884,1.4,980.6,55.7,0.4,2.6,9.3,5.9,1704126657,1704092724,medium_coat_scarf
Clouds,819,7.5,1000.1,52.6,5.5,8.2,6.6,66.9,1704132922,1704094523,medium_coat_scarf
Snow,620,-2.4,1031.6,78.8,-4.5,0.0,7.5,0.3,1704140705,1704092945,winter_wet_gear
Clear,850,-9.9,1007.2,66.4,-11.1,-7.7,6.2,16.2,1704134854,1704091992,warm_winter_coat
Drizzle,349,20.4,999.0,83.3,18.6,21.9,4.2,60.2,1704142249,1704089961,light_rain_jacket
Snow,699,-5.5,993.2,90.6,-6.2,-4.1,9.0,76.4,1704133848,1704098194,winter_wet_gear
Rain,569,14.3,1005.8,86.0,11.7,17.2,5.9,87.3,1704131767,1704092124,raincoat_umbrella
Snow,611,2.5,995.8,57.2,1.2,3.9,3.4,88.4,1704142216,1704091674,medium_coat_scarf
Clear,814,33.6,1024.6,64.7,32.2,35.0,5.8,12.8,1704125521,1704099466,hot_summer
Clear,880,-6.7,1015.7,56.8,-8.8,-4.0,6.4,14.2,1704140580,1704093099,warm_winter_coat
Clouds,881,8.7,1017.4,56.3,6.2,10.0,15.7,59.8,1704138792,1704095040,windproof_jacket
Rain,594,25.5,1019.9,78.6,23.4,26.6,5.9,34.3,1704130392,1704091953,light_rain_jacket
Clouds,858,11.5,1008.3,84.4,10.7,13.4,9.4,61.1,1704134607,1704089595,light_jacket_jeans
Clouds,838,12.1,988.8,58.6,9.3,12.6,17.3,10.7,1704132815,1704089939,windproof_jacket
Snow,696,-16.2,1037.2,44.8,-18.9,-15.6,7.9,8.6,1704134797,1704092449,extreme_cold_gear
Clear,891,28.5,988.9,44.7,27.9,29.4,4.3,22.4,1704137658,1704095072,hot_summer
Snow,660,-5.5,1002.3,82.2,-7.5,-2.9,3.4,41.4,1704130457,1704093809,winter_wet_gear
Clear,806,6.2,989.9,59.9,4.7,8.0,7.4,18.0,1704125878,1704094952,medium_coat_scarf
Snow,678,-28.6,981.4,72.6,-29.2,-27.9,18.5,22.0,1704137942,1704094567,extreme_cold_gear
Snow,661,8.4,1023.3,56.4,5.7,10.3,4.8,49.9,1704138966,1704095599,medium_coat_scarf
Clouds,857,12.2,982.2,83.2,10.4,14.8,3.5,53.4,1704134493,1704099047,light_jacket_jeans
Snow,614,-0.6,1020.7,69.8,-1.1,0.6,2.0,24.6,1704125160,1704093552,warm_winter_coat
Drizzle,308,-9.9,1014.7,94.6,-11.1,-9.0,3.8,9.4,1704136909,1704096753,winter_wet_gear
Snow,600,-4.1,1033.7,74.6,-4.9,-2.9,9.3,46.4,1704133832,1704089329,warm_winter_coat
Clouds,833,9.3,1022.1,50.7,7.0,11.2,2.9,58.5,1704141586,1704095075,medium_coat_scarf
Clear,860,-12.6,1015.9,38.2,-14.4,-11.2,9.9,27.9,1704128689,1704091955,extreme_cold_gear
Drizzle,392,-8.1,981.3,82.2,-10.7,-6.3,9.1,6.4,1704124858,1704098903,winter_wet_gear
Clouds,836,26.2,1019.2,47.6,24.9,27.0,1.9,5.4,1704136711,1704095065,tshirt_shorts
Clouds,870,25.5,994.6,57.9,23.6,27.5,8.1,88.3,1704139516,1704098250,tshirt_shorts
Clear,885,-8.3,1005.5,55.1,-10.4,-6.5,4.8,21.1,1704140231,1704097600,warm_winter_coat
Rain,528,7.1,1037.7,87.6,6.1,9.8,4.1,21.5,1704137357,1704099252,raincoat_umbrella
Clouds,884,8.9,1020.3,57.7,7.1,11.2,18.4,98.0,1704130181,1704092549,windproof_jacket
Clear,854,14.7,1016.2,67.5,13.2,15.3,10.8,20.8,1704141884,1704098854,light_jacket_jeans
Clouds,897,13.3,981.3,69.0,10.6,13.9,3.7,33.7,1704138519,1704093432,light_jacket_jeans
Clear,833,32.7,1020.4,32.1,30.4,34.1,3.2,13.5,1704128155,1704095655,hot_summer
Clouds,882,23.0,1002.7,44.4,20.5,24.9,4.9,69.5,1704135940,1704089147,tshirt_shorts
Rain,531,27.1,1032.0,88.4,25.9,29.2,2.7,34.9,1704134488,1704094940,light_rain_jacket
Clouds,878,29.6,983.5,60.6,28.2,32.2,9.8,58.4,1704129488,1704092701,tshirt_shorts
Clouds,867,9.3,1027.4,40.5,6.7,11.3,19.6,55.4,1704125306,1704095855,windproof_jacket
Drizzle,373,18.0,996.8,81.5,15.3,20.2,2.1,43.6,1704133631,1704092714,light_rain_jacket
Rain,589,9.6,1038.8,81.7,7.8,11.2,12.8,77.4,1704133131,1704094628,raincoat_umbrella
Clear,803,33.9,1020.3,69.4,32.8,36.2,1.9,22.8,1704136181,1704092772,hot_summer
Clear,897,20.4,981.5,53.1,19.8,21.8,8.9,12.2,1704129339,1704090664,tshirt_shorts
Clouds,821,25.5,999.0,43.7,23.3,27.7,3.8,53.6,1704139433,1704090276,tshirt_shorts
Clouds,857,17.7,1024.6,60.8,15.4,20.0,2.4,33.1,1704138792,1704094575,light_jacket_jeans
Clouds,809,24.8,1037.4,74.4,22.8,26.4,9.0,88.0,1704138116,1704097168,tshirt_shorts
Snow,653,-2.9,1002.3,49.8,-4.9,-0.2,6.4,3.9,1704134113,1704098751,warm_winter_coat
Clouds,889,11.1,1013.6,49.0,9.6,13.4,24.9,88.0,1704141212,1704091895,windproof_jacket
Snow,617,-29.5,983.0,75.9,-31.6,-28.1,0.6,29.8,1704139852,1704089464,extreme_cold_gear
Drizzle,325,-5.3,1029.0,91.5,-5.8,-3.3,11.3,4.9,1704138960,1704096617,winter_wet_gear
Clear,842,37.4,987.4,34.9,34.6,38.4,5.1,2.1,1704134603,1704097669,hot_summer
Clear,895,31.6,1014.9,58.3,29.6,32.2,0.5,10.4,1704142322,1704098212,hot_summer
Clear,877,-5.7,1023.6,59.9,-6.9,-4.8,6.5,26.2,1704140389,1704099430,warm_winter_coat
Drizzle,343,-3.8,1032.2,92.2,-5.8,-1.1,11.3,91.0,1704128449,1704097057,winter_wet_gear
Clear,895,29.7,988.6,58.4,27.2,30.7,4.3,0.3,1704130864,1704095347,hot_summer
Drizzle,389,-3.6,994.0,76.6,-4.9,-1.4,10.0,17.9,1704137048,1704095044,winter_wet_gear
Snow,654,7.8,988.5,62.4,5.2,9.7,4.3,59.5,1704136702,1704090582,medium_coat_scarf
Drizzle,335,-2.9,999.1,89.4,-5.6,-2.3,12.0,62.4,1704137685,1704096451,winter_wet_gear
Clear,839,-5.3,1033.6,62.8,-7.0,-3.7,3.0,19.7,1704130341,1704097681,warm_winter_coat
Clouds,865,24.8,999.9,43.1,22.2,26.6,5.6,15.5,1704139308,1704098879,tshirt_shorts
Snow,692,1.2,1025.5,78.0,-1.8,2.5,2.4,14.9,1704133203,1704094156,medium_coat_scarf
Clear,814,-28.8,1033.8,65.7,-30.3,-27.1,14.7,17.3,1704142323,1704093460,extreme_cold_gear
Clear,846,20.2,1020.4,66.1,19.1,22.8,3.8,17.7,1704139605,1704094112,tshirt_shorts
Clear,874,26.5,1035.1,77.9,23.9,27.9,0.4,18.3,1704140439,1704093895,tshirt_shorts
Clouds,863,3.7,1029.7,59.4,0.9,4.3,6.7,13.3,1704139886,1704089827,medium_coat_scarf
Snow,601,4.6,1010.4,55.1,2.4,5.8,3.3,97.4,1704132110,1704092929,medium_coat_scarf
Rain,510,22.0,1037.9,84.3,21.3,24.3,9.9,50.9,1704136850,1704091701,light_rain_jacket
Drizzle,398,-1.4,1003.1,98.7,-3.0,0.0,5.6,42.9,1704127568,1704093939,winter_wet_gear
Clear,878,-2.3,1024.8,54.5,-4.6,0.4,5.4,12.8,1704133422,1704090278,warm_winter_coat
Rain,529,19.3,1006.5,78.4,17.7,21.2,14.7,95.3,1704137807,1704097491,raincoat_umbrella
Clouds,850,13.3,996.2,52.2,10.4,15.5,6.8,71.5,1704132954,1704098378,light_jacket_jeans
Rain,539,27.3,1023.1,89.9,26.4,28.8,3.9,66.8,1704138096,1704098668,light_rain_jacket
Clear,887,39.5,980.5,30.7,36.7,40.6,1.6,19.4,1704125884,1704098811,hot_summer
Clear,884,15.7,1009.1,79.5,15.2,16.8,11.2,19.2,1704126482,1704091810,light_jacket_jeans
Rain,573,26.0,992.5,81.6,24.1,28.5,8.0,1.4,1704135046,1704093481,light_rain_jacket
Snow,669,-18.1,1010.9,42.9,-20.1,-17.2,15.5,89.5,1704133835,1704099523,extreme_cold_gear
Snow,674,1.3,1017.6,79.9,0.7,4.2,9.7,82.5,1704141174,1704093728,medium_coat_scarf
Clear,823,-0.7,1001.7,69.6,-3.3,0.7,10.6,29.6,1704138395,1704098481,warm_winter_coat
Snow,624,-16.8,986.5,75.1,-18.1,-14.6,0.7,69.1,1704136108,1704091259,extreme_cold_gear
Clouds,827,15.9,1000.9,59.2,15.1,18.5,16.9,65.4,1704136146,1704092799,windproof_jacket
Snow,692,-9.7,1034.2,91.7,-11.2,-7.0,10.7,9.1,1704129002,1704097414,winter_wet_gear
Clear,899,-19.3,993.9,62.9,-20.5,-17.4,17.5,24.8,1704134006,1704098894,extreme_cold_gear
Clouds,813,3.0,1018.6,64.7,0.7,4.3,1.9,73.3,1704141843,1704097901,medium_coat_scarf
Clouds,831,7.7,1039.6,65.6,6.5,10.3,3.8,61.9,1704133144,1704090421,medium_coat_scarf
Snow,647,-7.9,1035.0,88.0,-8.9,-6.9,9.0,40.2,1704129820,1704091966,winter_wet_gear
Clear,866,0.4,1029.4,60.6,-2.4,1.2,4.3,22.1,1704125163,1704094564,medium_coat_scarf
Clear,813,-24.1,984.0,35.1,-24.9,-21.4,6.9,23.4,1704129814,1704093285,extreme_cold_gear
Clear,830,29.2,992.2,46.1,26.9,31.2,6.4,16.7,1704131196,1704090830,hot_summer
Drizzle,393,24.7,990.5,85.5,23.4,27.7,6.3,84.1,1704129534,1704092956,light_rain_jacket
Clear,811,28.6,994.9,60.9,26.8,30.9,3.6,12.3,1704128788,1704090107,tshirt_shorts
Clear,834,39.4,983.3,40.7,38.7,42.2,6.5,16.1,1704136643,1704097076,hot_summer
Clouds,823,11.4,1039.6,65.8,9.5,14.3,22.3,52.9,1704134802,1704093115,windproof_jacket
Snow,609,-8.4,1015.5,45.2,-9.9,-7.6,2.9,41.5,1704131603,1704092915,warm_winter_coat
Clear,877,25.0,1007.8,50.8,22.7,26.3,9.5,1.8,1704129832,1704095857,tshirt_shorts
Snow,672,-25.4,988.5,79.5,-26.5,-24.2,15.3,49.8,1704135582,1704095329,extreme_cold_gear
Clouds,800,11.5,1017.5,44.3,9.8,13.6,19.2,86.0,1704140901,1704089387,windproof_jacket
Rain,569,9.3,987.9,93.2,7.0,10.4,8.8,10.4,1704133789,1704090288,raincoat_umbrella
Snow,663,-25.6,997.8,70.7,-28.5,-24.6,10.7,34.5,1704138062,1704098376,extreme_cold_gear
Rain,587,6.7,1021.1,88.6,5.6,9.5,13.3,81.9,1704140144,1704092872,raincoat_umbrella
Clear,840,-29.4,1024.2,71.6,-31.6,-28.6,17.5,24.7,1704140065,1704089122,extreme_cold_gear
Drizzle,377,-8.7,1000.6,77.6,-9.7,-5.9,3.2,52.4,1704140731,1704095133,winter_wet_gear
Clouds,876,14.3,985.3,59.8,11.7,15.6,12.0,3.5,1704132906,1704092764,windproof_jacket
Clouds,885,27.2,1004.9,65.6,24.7,29.3,6.6,4.5,1704140995,1704093906,tshirt_shorts
Clouds,887,10.9,997.4,41.8,8.0,13.5,13.8,97.6,1704132748,1704091311,windproof_jacket
Snow,676,-4.5,1027.1,49.8,-5.2,-2.8,10.2,82.0,1704136927,1704090267,warm_winter_coat
Rain,587,19.3,1025.6,93.0,16.4,20.9,12.0,86.3,1704133088,1704093298,raincoat_umbrella
Rain,513,27.1,999.4,89.3,25.9,28.9,4.0,66.6,1704134145,1704095833,light_rain_jacket
Snow,613,-28.7,1009.0,46.7,-31.5,-26.8,18.6,21.5,1704137682,1704092793,extreme_cold_gear
Clear,840,17.7,1036.5,52.1,16.6,19.1,10.4,20.3,1704135683,1704093954,light_jacket_jeans
Drizzle,303,19.2,1032.3,75.3,16.7,21.2,10.2,97.3,1704128069,1704092746,light_jacket_jeans
Rain,524,22.5,1021.0,94.2,21.6,25.1,4.5,7.5,1704134387,1704098452,light_rain_jacket
Snow,688,-5.6,1022.4,95.2,-7.6,-3.2,5.4,29.8,1704126392,1704089082,winter_wet_gear
Clouds,830,16.3,1020.4,54.6,14.7,17.4,15.2,72.7,1704129368,1704094818,windproof_jacket
Snow,655,-1.5,995.2,89.7,-3.0,-0.0,14.1,97.6,1704142170,1704091379,winter_wet_gear
Clouds,834,11.2,1003.8,61.1,9.2,14.1,20.5,27.6,1704139184,1704090232,windproof_jacket
Rain,597,24.5,1038.7,71.5,22.5,25.2,4.7,12.1,1704129815,1704096029,light_rain_jacket
Clouds,866,6.6,983.3,61.4,4.4,9.0,1.6,85.9,1704138309,1704098831,medium_coat_scarf
Snow,689,-6.7,1025.3,60.9,-9.5,-3.9,8.9,39.6,1704141202,1704090913,warm_winter_coat
Clear,881,31.5,1004.7,48.7,30.1,33.4,5.0,12.8,1704128427,1704097986,hot_summer
Clouds,875,12.9,998.8,52.2,11.1,15.7,10.6,19.6,1704138584,1704089270,light_jacket_jeans
Rain,515,25.6,986.4,93.0,24.4,28.1,5.3,21.4,1704128562,1704096215,light_rain_jacket
Clear,806,36.7,1009.6,33.1,33.7,37.6,0.8,4.8,1704131354,1704094064,hot_summer
Clouds,821,13.8,1030.0,60.5,10.9,14.4,15.3,45.0,1704128048,1704092907,windproof_jacket
Snow,640,-17.5,1015.4,60.4,-19.7,-16.9,17.5,71.6,1704130892,1704090018,extreme_cold_gear
Rain,558,19.2,1033.2,86.1,17.4,20.5,9.7,69.0,1704131031,1704092655,light_rain_jacket
Snow,637,-3.9,1035.8,53.6,-5.4,-1.0,11.0,26.4,1704132571,1704094643,warm_winter_coat
Clouds,803,4.7,1014.6,54.0,2.1,7.1,7.7,51.3,1704132367,1704090412,medium_coat_scarf
Snow,606,-3.4,982.7,83.1,-5.5,-1.1,2.9,23.7,1704127304,1704090187,winter_wet_gear
Clouds,808,20.0,1038.3,53.0,18.6,20.7,2.2,72.7,1704128642,1704094381,tshirt_shorts
Clear,874,24.0,1039.9,49.2,21.3,26.8,3.4,24.8,1704130147,1704092482,tshirt_shorts
Clear,850,18.7,1030.8,80.4,17.2,19.3,2.6,18.2,1704130707,1704096118,light_jacket_jeans
Clear,817,35.6,1001.7,62.1,33.0,38.1,3.7,3.3,1704134020,1704090615,hot_summer
Clouds,808,12.6,992.8,60.1,11.3,14.8,8.8,22.9,1704136942,1704098405,light_jacket_jeans
Snow,616,-19.7,1001.3,36.5,-21.9,-18.0,3.1,49.0,1704129677,1704089063,extreme_cold_gear
Rain,520,7.3,1011.3,76.1,6.4,8.1,7.8,51.6,1704140115,1704089306,raincoat_umbrella
Clouds,819,2.7,986.4,67.6,1.1,4.0,3.7,29.0,1704141883,1704095541,medium_coat_scarf
Drizzle,359,-2.7,1005.2,91.3,-5.4,-2.0,10.7,5.5,1704130234,1704093811,winter_wet_gear
Clear,870,-9.1,1002.6,73.0,-12.0,-7.4,2.2,4.0,1704138638,1704090000,warm_winter_coat
Drizzle,309,-0.1,1012.3,99.2,-2.7,1.3,10.2,30.9,1704130093,1704089952,winter_wet_gear
Clear,890,-1.4,983.4,66.1,-2.8,-0.5,4.8,10.1,1704136825,1704090102,warm_winter_coat
Clear,813,35.6,999.7,47.9,33.2,38.1,2.3,20.2,1704126441,1704097327,hot_summer
Clear,853,37.7,1034.8,62.4,36.0,40.2,6.9,15.3,1704137435,1704095819,hot_summer
Snow,600,-4.3,1022.3,85.9,-6.8,-3.7,7.2,13.0,1704128856,1704095045,winter_wet_gear
Clear,852,0.8,990.9,71.4,-0.9,3.4,1.3,17.8,1704142169,1704095365,medium_coat_scarf
Clouds,808,21.9,1007.8,77.1,19.7,24.5,0.3,31.3,1704132484,1704092692,tshirt_shorts
Clear,853,24.5,1020.1,71.7,21.7,26.5,7.7,25.6,1704131975,1704091364,tshirt_shorts
Clear,809,28.9,1025.0,49.9,27.5,29.5,0.9,5.3,1704127917,1704090280,tshirt_shorts
Snow,656,1.1,1007.7,70.5,-0.2,2.8,2.1,23.1,1704137047,1704098478,medium_coat_scarf
Clouds,846,15.3,986.1,58.9,12.8,17.0,18.2,20.7,1704142799,1704099198,windproof_jacket
Clear,823,14.2,1033.7,62.6,12.1,16.9,3.8,4.4,1704139078,1704098649,light_jacket_jeans
Clouds,885,11.7,1000.6,54.4,10.4,12.9,16.7,99.4,1704135434,1704092622,windproof_jacket
Drizzle,329,-6.9,991.3,80.7,-9.2,-4.0,6.1,37.1,1704130196,1704091073,winter_wet_gear
Clear,885,35.3,986.4,44.9,33.8,37.5,2.0,10.6,1704126061,1704095908,hot_summer
Drizzle,355,24.4,1010.6,71.0,23.5,25.0,4.5,18.8,1704125809,1704098644,light_rain_jacket
Clear,836,14.5,1005.8,61.9,11.6,15.2,6.7,19.3,1704140150,1704089872,light_jacket_jeans
Clear,872,36.5,1030.2,48.2,35.9,38.9,5.3,5.1,1704137393,1704095384,hot_summer
Clear,855,26.8,990.4,60.2,26.0,28.3,6.9,25.6,1704134613,1704089612,tshirt_shorts
Clouds,897,12.0,1018.2,45.2,10.3,13.4,12.4,26.9,1704133950,1704090688,windproof_jacket
Clear,801,33.4,986.9,44.2,31.9,34.9,3.2,26.5,1704132756,1704095924,hot_summer
Clear,853,14.6,1028.1,69.4,14.0,16.0,3.2,23.5,1704139057,1704089542,light_jacket_jeans
Clear,831,6.9,1039.1,69.4,5.2,9.8,2.0,16.9,1704134586,1704090315,medium_coat_scarf
Clear,815,9.1,983.8,78.9,6.5,10.4,10.0,17.1,1704129907,1704093504,medium_coat_scarf
Clear,829,24.6,1037.4,59.8,22.9,27.0,4.3,6.4,1704141522,1704094813,tshirt_shorts
Rain,506,7.3,988.9,90.8,4.8,7.8,11.1,2.5,1704133702,1704092514,raincoat_umbrella
Clouds,838,11.1,1029.6,65.6,10.6,13.8,21.3,20.0,1704128035,1704092976,windproof_jacket
Rain,590,26.5,1000.0,70.5,24.1,27.8,9.1,69.9,1704133971,1704092649,light_rain_jacket
Rain,580,20.4,1027.9,90.6,19.1,22.7,2.1,77.6,1704135172,1704091111,light_rain_jacket
Clear,844,35.7,996.5,35.2,35.1,38.5,3.4,26.6,1704130156,1704097796,hot_summer
Clouds,873,11.2,1023.1,46.9,9.7,14.0,13.0,28.9,1704126547,1704094917,windproof_jacket
Snow,619,6.8,1008.5,74.0,4.5,8.5,5.6,93.7,1704126476,1704092391,medium_coat_scarf
Clear,895,17.3,1021.6,83.3,14.4,18.2,9.4,7.9,1704130427,1704098572,light_jacket_jeans
Clear,803,-10.9,989.3,76.3,-12.3,-8.1,13.1,17.0,1704137287,1704093191,extreme_cold_gear
Clear,862,8.0,987.1,73.6,5.2,9.5,7.5,29.6,1704140799,1704095035,medium_coat_scarf
Clear,807,33.4,1032.4,37.4,30.8,35.5,4.3,22.0,1704140085,1704096276,hot_summer
Drizzle,344,-8.7,983.8,97.7,-10.7,-6.9,14.8,7.8,1704130508,1704095157,winter_wet_gear
Clouds,854,24.3,1015.3,56.7,23.6,27.2,0.4,55.0,1704140187,1704089873,tshirt_shorts
Snow,647,-8.8,992.1,59.2,-10.3,-6.0,10.2,69.2,1704125519,1704089691,warm_winter_coat
Clouds,828,29.1,1031.7,67.0,27.3,32.0,4.0,18.1,1704139505,1704095554,tshirt_shorts
Clear,883,39.4,1026.8,65.7,37.6,40.4,3.4,14.3,1704128150,1704095184,hot_summer
Snow,629,-2.6,1038.7,96.9,-5.3,0.2,2.1,19.1,1704141246,1704088824,winter_wet_gear
Rain,593,5.3,1018.3,85.0,2.4,6.3,6.1,45.9,1704137403,1704095148,raincoat_umbrella
Clouds,807,26.0,1012.8,70.1,25.3,28.6,4.3,6.2,1704127849,1704089444,tshirt_shorts
Rain,588,25.2,983.7,75.9,24.5,26.8,3.8,39.3,1704127591,1704088905,light_rain_jacket
Snow,696,-23.3,1030.3,53.5,-25.2,-21.9,19.7,79.3,1704131053,1704098055,extreme_cold_gear
Rain,544,8.6,1028.1,78.1,6.0,10.6,14.3,2.3,1704125020,1704094404,raincoat_umbrella
Clouds,824,16.4,1011.0,46.0,15.4,17.5,16.1,57.2,1704137945,1704096995,windproof_jacket
Clouds,880,16.9,983.6,62.9,15.6,19.0,23.3,31.8,1704138794,1704093645,windproof_jacket
Rain,522,25.9,1026.4,77.1,25.0,26.7,8.0,90.8,1704131267,1704090118,light_rain_jacket
Snow,685,-2.6,983.1,53.5,-4.6,0.1,4.6,53.9,1704124938,1704094230,warm_winter_coat
Rain,551,8.5,1001.0,81.6,6.4,11.0,5.7,80.5,1704129439,1704095096,raincoat_umbrella
Clear,855,25.1,1021.4,54.4,24.1,27.9,4.7,26.5,1704142419,1704097603,tshirt_shorts
Clouds,806,8.3,1027.7,57.8,7.4,9.9,24.4,34.6,1704142291,1704093043,windproof_jacket
Snow,658,-10.7,1023.2,48.0,-12.8,-8.6,7.5,16.3,1704128219,1704089496,extreme_cold_gear
Clear,820,38.3,1020.1,63.2,37.0,41.0,3.2,6.1,1704126339,1704088940,hot_summer
Snow,642,-4.1,981.3,45.9,-5.4,-2.2,1.8,41.3,1704131893,1704093654,warm_winter_coat
Clear,804,27.1,1034.5,65.4,26.2,28.2,3.9,29.1,1704126442,1704094476,tshirt_shorts
Snow,609,-8.8,1028.5,47.7,-9.9,-7.0,11.9,54.2,1704124882,1704095809,warm_winter_coat
Clouds,834,13.2,1035.7,49.8,11.4,14.3,15.7,91.2,1704127618,1704089905,windproof_jacket
Clear,848,3.4,1026.2,65.3,0.8,6.2,3.1,5.9,1704140225,1704099509,medium_coat_scarf
Clouds,804,12.5,988.9,58.6,10.1,13.6,17.3,8.9,1704138174,1704097952,windproof_jacket
Rain,596,14.6,995.6,91.9,12.0,15.9,11.7,58.3,1704135966,1704098489,raincoat_umbrella
Rain,576,18.1,987.9,77.3,16.5,20.9,6.4,93.3,1704127074,1704091979,raincoat_umbrella
Clouds,881,11.4,984.7,64.6,8.5,14.2,16.1,18.1,1704134763,1704091227,windproof_jacket
Clear,854,-27.4,1027.9,77.4,-29.2,-25.1,11.8,22.9,1704125182,1704091368,extreme_cold_gear
Clear,882,6.7,1023.8,63.4,5.4,7.9,1.6,11.3,1704138167,1704088883,medium_coat_scarf
Snow,603,-5.9,1010.6,70.4,-8.3,-4.1,3.8,20.2,1704140270,1704094591,warm_winter_coat
Clouds,824,28.1,998.4,73.1,26.8,30.2,5.7,21.8,1704129455,1704090664,tshirt_shorts
Clear,865,35.5,1000.1,62.3,33.4,36.9,0.6,9.4,1704135536,1704090403,hot_summer
Drizzle,363,23.6,1030.2,75.0,20.9,25.3,4.4,81.0,1704138670,1704094892,light_rain_jacket
Drizzle,345,-9.1,1030.2,86.3,-10.9,-8.6,12.9,98.8,1704142011,1704098509,winter_wet_gear
Rain,554,18.8,1013.5,98.3,16.9,21.3,4.3,9.7,1704140496,1704094608,raincoat_umbrella
Clear,849,39.3,1013.0,62.2,38.0,40.8,6.8,24.8,1704133212,1704092222,hot_summer
Clouds,875,14.7,984.0,52.6,12.9,15.2,24.6,83.0,1704132138,1704091647,windproof_jacket
Drizzle,344,15.9,1039.9,54.9,13.1,18.5,6.7,15.9,1704128032,1704099299,light_jacket_jeans
Clouds,828,10.7,1013.2,53.3,7.9,12.4,23.6,93.3,1704128945,1704095089,windproof_jacket
Snow,625,-20.5,985.9,62.4,-21.4,-18.4,15.3,87.7,1704140640,1704094768,extreme_cold_gear
Rain,599,13.2,982.6,80.7,11.4,15.2,12.9,9.9,1704129466,1704096682,raincoat_umbrella
Rain,568,16.1,999.6,82.0,14.7,19.1,8.9,50.7,1704136086,1704092660,raincoat_umbrella
Rain,558,14.9,1007.4,94.4,11.9,16.0,13.4,36.3,1704137677,1704091197,raincoat_umbrella
Clear,887,-5.8,1037.7,63.3,-8.5,-4.0,5.8,15.1,1704131750,1704096018,warm_winter_coat
Drizzle,397,-3.3,988.8,76.0,-5.7,-2.6,13.6,61.5,1704131211,1704098555,winter_wet_gear
Snow,617,-9.2,1000.4,50.6,-10.8,-6.7,2.1,12.8,1704134935,1704089528,warm_winter_coat
Snow,623,-9.9,1035.0,81.4,-10.9,-8.3,11.6,15.5,1704136656,1704096881,winter_wet_gear
Drizzle,372,-1.0,1008.7,95.7,-2.6,0.1,11.9,42.5,1704125863,1704095369,winter_wet_gear
Clouds,891,4.5,994.7,51.8,2.4,6.7,3.4,29.7,1704138988,1704092461,medium_coat_scarf
Drizzle,383,-1.8,988.4,87.0,-4.4,-0.4,14.5,5.4,1704134012,1704093737,winter_wet_gear
Clear,822,-6.8,1004.7,45.2,-9.6,-6.0,10.2,17.1,1704134857,1704094817,warm_winter_coat
Clear,885,34.3,1024.2,57.5,33.7,35.8,2.2,1.5,1704130481,1704092617,hot_summer
Clear,825,-21.1,1007.6,48.7,-23.9,-18.7,1.7,20.0,1704127784,1704089656,extreme_cold_gear
Drizzle,347,-8.8,1021.0,83.9,-9.8,-8.1,5.1,93.4,1704131835,1704094271,winter_wet_gear
Snow,682,6.8,995.8,50.6,5.9,7.5,5.3,54.0,1704130119,1704092290,medium_coat_scarf
Rain,549,23.4,1012.8,88.7,22.4,24.6,6.4,28.5,1704139372,1704093561,light_rain_jacket
Snow,641,-0.3,984.2,95.5,-2.5,1.2,10.1,40.6,1704138361,1704099568,winter_wet_gear
Drizzle,328,25.0,999.3,75.8,23.9,27.2,7.5,22.2,1704135272,1704097086,light_rain_jacket
Clear,821,20.1,981.4,58.4,18.9,22.0,4.9,20.6,1704127808,1704092049,tshirt_shorts
Clear,886,-8.1,1012.9,58.5,-9.5,-6.5,8.7,0.5,1704134632,1704092501,warm_winter_coat
Clouds,890,27.7,1036.7,50.6,24.8,28.6,2.1,1.9,1704129766,1704097649,tshirt_shorts
Rain,570,7.3,1021.5,85.7,6.0,9.4,11.4,70.9,1704141800,1704092768,raincoat_umbrella
Rain,505,6.1,985.3,95.7,5.3,7.9,5.0,20.2,1704125417,1704099472,raincoat_umbrella
Clear,800,33.6,1037.5,32.4,31.4,34.6,4.5,5.3,1704126540,1704094586,hot_summer
Clear,881,14.0,1035.5,74.7,11.7,15.3,7.7,0.8,1704133987,1704090746,light_jacket_jeans
Clear,873,28.3,999.6,67.9,25.6,29.4,6.9,23.6,1704131858,1704095555,tshirt_shorts
Clear,878,28.8,988.6,48.6,28.0,30.7,9.7,3.0,1704131400,1704097234,tshirt_shorts
Clear,840,-4.3,996.3,66.6,-6.1,-1.7,4.5,21.9,1704138676,1704091078,warm_winter_coat
Clear,891,-21.4,987.7,57.3,-22.6,-18.6,4.8,17.9,1704127286,1704093944,extreme_cold_gear
Clear,883,31.2,981.5,41.2,28.8,33.8,7.4,20.9,1704142360,1704099323,hot_summer
Rain,508,8.4,1003.0,90.1,7.5,11.0,8.2,10.7,1704131682,1704096897,raincoat_umbrella
Snow,680,-16.6,987.4,34.7,-18.7,-14.4,18.7,66.7,1704131681,1704093480,extreme_cold_gear
Clouds,861,20.4,1027.3,57.2,19.8,21.0,0.6,53.0,1704139310,1704095416,tshirt_shorts
Rain,532,23.6,1005.1,86.7,21.2,24.2,5.1,49.8,1704125056,1704093628,light_rain_jacket
Clear,834,21.5,1032.0,64.5,20.2,23.5,2.4,9.8,1704129927,1704090782,tshirt_shorts
Rain,514,25.0,988.5,78.6,24.0,26.3,7.7,45.8,1704129000,1704096528,light_rain_jacket
Snow,673,-22.6,1004.5,49.1,-23.4,-21.2,18.6,95.4,1704127067,1704096283,extreme_cold_gear
Rain,533,15.1,986.9,89.2,13.7,18.0,10.9,47.6,1704130169,1704089335,raincoat_umbrella
Clear,875,13.6,983.0,55.9,12.4,14.5,9.6,16.6,1704128713,1704097135,light_jacket_jeans
Clouds,845,16.0,1010.6,47.7,15.2,17.0,19.2,23.8,1704129761,1704089851,windproof_jacket
Rain,589,22.3,985.5,71.1,21.4,23.2,4.0,96.1,1704134087,1704099298,light_rain_jacket
Drizzle,386,22.5,998.7,81.0,20.5,24.2,5.7,87.8,1704141644,1704093822,light_rain_jacket
Clouds,884,9.8,1005.6,67.9,7.2,12.6,19.9,51.3,1704138477,1704096680,windproof_jacket
Clouds,819,15.4,1034.4,50.6,14.8,17.9,17.3,75.3,1704141715,1704099491,windproof_jacket
Snow,666,-8.8,997.8,91.5,-9.6,-7.1,2.1,90.7,1704141081,1704097386,winter_wet_gear
Rain,552,23.2,1009.6,75.6,20.8,25.9,5.1,45.0,1704125241,1704092042,light_rain_jacket
Rain,566,21.5,1014.7,75.3,20.5,24.0,4.3,42.9,1704139823,1704089472,light_rain_jacket
Snow,643,-5.6,1018.9,79.2,-7.5,-4.3,13.8,18.0,1704128073,1704090389,winter_wet_gear
Clear,883,27.5,990.6,55.5,25.6,28.8,9.0,8.8,1704133663,1704093381,tshirt_shorts
Snow,626,-1.1,1006.2,93.0,-3.9,0.9,13.8,12.8,1704135316,1704095345,winter_wet_gear
Rain,545,20.9,988.9,71.7,18.0,23.0,5.0,84.5,1704130949,1704089916,light_rain_jacket
Drizzle,327,21.0,984.2,93.3,20.0,23.8,3.8,93.7,1704126274,1704097698,light_rain_jacket
Clouds,850,1.8,1017.5,64.1,0.7,3.1,5.2,66.5,1704127068,1704090361,medium_coat_scarf
Clouds,861,11.8,1007.2,60.7,11.0,13.6,9.7,88.2,1704134103,1704095787,light_jacket_jeans
Snow,607,-3.3,1025.6,47.3,-5.7,-1.2,11.4,71.7,1704129365,1704089038,warm_winter_coat
Clear,848,-10.1,1037.2,43.1,-11.1,-8.7,14.1,22.9,1704135354,1704093273,extreme_cold_gear
Rain,565,10.7,1006.8,94.8,8.3,13.1,10.9,57.8,1704130216,1704090801,raincoat_umbrella
Clouds,833,20.4,1018.9,40.6,18.5,21.0,1.2,56.7,1704141443,1704093868,tshirt_shorts
Rain,559,18.3,1008.2,75.2,17.3,20.3,12.3,52.4,1704127756,1704094602,raincoat_umbrella
Clouds,892,17.0,1031.0,42.7,15.7,19.0,14.3,81.9,1704124985,1704092933,windproof_jacket
Rain,513,9.9,988.3,75.2,9.1,11.7,14.5,28.8,1704126612,1704098867,raincoat_umbrella
Clouds,874,11.3,1029.9,78.9,8.6,13.5,2.0,26.2,1704131375,1704095994,light_jacket_jeans
Clouds,886,26.9,1038.5,44.9,25.4,29.2,0.7,68.1,1704138839,1704096968,tshirt_shorts
Clouds,809,20.4,1039.8,61.9,19.8,23.0,0.9,89.7,1704131163,1704098729,tshirt_shorts
Clear,840,-3.7,1029.6,71.4,-4.9,-2.1,7.6,5.3,1704132478,1704097997,warm_winter_coat
Snow,651,-3.1,1039.8,74.0,-5.2,-0.1,6.0,18.7,1704132942,1704095715,warm_winter_coat
Clouds,898,8.4,997.7,58.1,7.2,9.4,20.4,99.2,1704130616,1704094028,windproof_jacket
Rain,535,22.9,1035.0,80.4,22.0,24.8,9.8,58.2,1704125484,1704097354,light_rain_jacket
Clouds,819,14.9,1034.9,63.0,12.3,16.3,14.0,13.3,1704129961,1704089938,windproof_jacket
Rain,554,27.4,1025.5,89.5,25.0,30.1,4.4,45.0,1704129095,1704091499,light_rain_jacket
Clear,842,-13.7,1015.9,77.1,-16.0,-12.0,6.9,21.5,1704136626,1704095423,extreme_cold_gear
Rain,586,6.5,1006.6,80.1,4.8,9.4,5.8,4.6,1704136157,1704089064,raincoat_umbrella
Snow,681,0.6,1026.1,63.3,-1.3,1.5,9.1,33.5,1704137556,1704099126,medium_coat_scarf
Clouds,838,28.1,1014.5,75.5,26.9,29.7,2.4,76.8,1704127227,1704094458,tshirt_shorts
Clouds,844,17.9,1003.1,53.4,15.1,19.3,25.0,34.8,1704126205,1704093465,windproof_jacket
Snow,682,-0.1,1035.2,64.9,-2.7,0.4,8.1,83.7,1704138889,1704094355,warm_winter_coat
Rain,590,7.8,1003.2,83.4,4.8,9.2,10.5,71.2,1704127753,1704093796,raincoat_umbrella
Drizzle,308,-8.7,1031.8,89.7,-10.8,-5.8,14.1,55.5,1704140470,1704094387,winter_wet_gear
Rain,598,15.9,998.6,77.0,14.1,17.1,12.2,80.5,1704138571,1704099089,raincoat_umbrella
Drizzle,398,-8.3,986.9,96.6,-9.5,-6.7,2.9,69.8,1704133048,1704094620,winter_wet_gear
Clouds,828,27.0,1006.0,64.6,25.9,29.9,5.1,59.3,1704130401,1704095158,tshirt_shorts
Clear,843,38.7,1034.3,45.6,37.4,41.6,0.1,2.7,1704135121,1704099066,hot_summer
Clear,873,-18.2,1003.9,35.9,-19.2,-16.6,12.8,1.9,1704132551,1704099524,extreme_cold_gear
Clear,848,39.2,1013.8,43.8,38.7,40.3,1.3,28.3,1704127879,1704098935,hot_summer
Snow,683,-3.3,1022.6,49.7,-4.8,-2.3,5.8,67.5,1704129659,1704094028,warm_winter_coat
Clouds,829,8.9,1016.9,43.2,7.0,10.9,13.8,10.6,1704136074,1704098562,windproof_jacket
Rain,547,23.1,999.4,75.2,21.6,25.5,9.2,80.5,1704138547,1704091185,light_rain_jacket
Clouds,872,15.3,1029.9,47.9,14.4,16.2,21.4,25.5,1704129609,1704090960,windproof_jacket
Clouds,855,15.7,1039.5,43.4,13.2,17.6,21.5,95.8,1704137905,1704096088,windproof_jacket
Rain,504,6.4,990.7,90.8,5.9,9.2,13.5,73.8,1704131175,1704099415,raincoat_umbrella
Clear,866,-2.6,1007.9,54.8,-3.9,-0.5,3.0,8.6,1704131946,1704089816,warm_winter_coat
Drizzle,385,22.7,990.6,79.2,21.1,23.8,8.8,3.7,1704142549,1704093082,light_rain_jacket
Snow,697,-3.3,1020.2,42.0,-5.8,-2.8,11.6,31.7,1704140921,1704092863,warm_winter_coat
Rain,522,26.4,1021.8,85.9,23.5,28.7,2.9,56.5,1704127237,1704092515,light_rain_jacket
Drizzle,365,-4.8,989.5,81.8,-6.8,-3.7,11.7,3.0,1704128960,1704093111,winter_wet_gear
Rain,580,24.6,1018.0,81.3,23.6,25.9,7.8,62.8,1704139347,1704092519,light_rain_jacket
Rain,510,13.8,1003.0,87.0,13.1,15.5,3.2,64.1,1704137697,1704099529,raincoat_umbrella
Clear,877,-3.3,1028.8,46.3,-5.6,-2.6,7.5,25.7,1704142212,1704092562,warm_winter_coat
Snow,626,-8.8,1004.6,51.0,-9.6,-6.5,9.6,67.2,1704135344,1704096079,warm_winter_coat
Clear,861,-5.1,1002.0,43.3,-7.9,-4.0,7.7,4.7,1704132528,1704096480,warm_winter_coat
Drizzle,392,-3.4,1026.6,89.2,-6.0,-2.1,11.3,78.8,1704141839,1704096854,winter_wet_gear
Snow,691,-10.6,999.3,56.0,-12.5,-10.0,3.1,78.1,1704138350,1704092130,extreme_cold_gear
Snow,655,-19.5,1012.6,47.6,-21.7,-17.8,13.1,24.9,1704141934,1704093879,extreme_cold_gear
Clear,883,28.6,1014.5,36.0,28.1,31.5,4.3,19.4,1704127375,1704089281,hot_summer
Drizzle,392,15.6,980.8,52.4,12.8,16.9,8.0,32.5,1704129302,1704098950,light_jacket_jeans
Rain,509,15.5,1011.5,75.5,12.6,18.3,3.3,9.6,1704125946,1704095817,raincoat_umbrella
Rain,505,9.1,998.2,75.5,7.8,10.2,14.2,55.2,1704130566,1704090445,raincoat_umbrella
Snow,627,-21.6,982.4,76.4,-22.1,-18.9,4.2,98.2,1704133577,1704097720,extreme_cold_gear
Rain,586,14.7,989.4,95.0,12.7,17.3,10.4,85.3,1704130161,1704097160,raincoat_umbrella
Clear,866,28.4,1013.1,42.9,26.8,31.3,4.4,10.7,1704129448,1704092875,hot_summer
Snow,678,-2.2,1008.6,78.5,-4.2,0.2,6.7,80.5,1704129070,1704091434,winter_wet_gear
Clouds,802,14.7,1039.6,58.5,12.3,16.6,24.0,16.3,1704142397,1704093778,windproof_jacket
Drizzle,373,-2.0,1025.8,84.5,-2.9,-1.3,10.0,71.0,1704126230,1704098781,winter_wet_gear
Clouds,813,20.8,1006.9,76.6,17.8,22.9,4.9,97.3,1704133911,1704090172,tshirt_shorts
Clouds,852,20.0,1010.6,70.5,17.2,21.8,7.5,90.3,1704142737,1704095366,tshirt_shorts
Clear,812,-4.4,1024.2,68.7,-5.9,-1.9,1.5,15.9,1704140919,1704091675,warm_winter_coat
Clear,817,-28.5,1003.7,50.7,-30.2,-26.5,14.9,17.1,1704135205,1704090646,extreme_cold_gear
Rain,548,18.4,987.1,79.5,16.2,19.1,9.2,27.9,1704141014,1704095953,raincoat_umbrella
Drizzle,389,-8.3,1014.9,93.5,-8.9,-6.2,6.9,66.1,1704126291,1704094553,winter_wet_gear
Clouds,868,12.2,984.1,50.4,10.5,13.6,13.9,32.2,1704135222,1704088950,windproof_jacket
Clouds,836,17.7,1031.6,57.9,15.4,19.4,21.1,84.0,1704140589,1704091750,windproof_jacket
Snow,645,-0.5,1037.1,93.1,-3.4,1.7,8.0,72.1,1704135893,1704089639,winter_wet_gear
Clouds,881,17.4,992.9,58.9,15.1,19.4,15.8,71.7,1704135669,1704095434,windproof_jacket
Clouds,814,6.7,987.8,66.6,5.8,8.4,9.5,99.3,1704129694,1704091299,medium_coat_scarf
Clouds,885,16.9,1022.6,45.4,15.4,18.8,17.9,6.8,1704133443,1704092761,windproof_jacket
Clear,827,31.2,999.1,54.5,28.3,33.9,5.4,25.4,1704129794,1704096781,hot_summer
Clear,836,37.2,1030.1,34.6,35.1,38.9,5.2,17.3,1704125418,1704094510,hot_summer
Clouds,895,4.6,1021.8,79.6,1.8,7.4,1.3,37.1,1704128786,1704092981,medium_coat_scarf
Drizzle,321,18.2,983.0,84.0,16.1,21.0,4.8,41.8,1704140221,1704095501,light_rain_jacket
Clouds,824,27.1,984.5,75.3,25.5,29.2,3.7,95.8,1704134637,1704095996,tshirt_shorts
Clear,871,13.2,1024.9,68.3,11.9,14.5,8.6,7.4,1704142793,1704092717,light_jacket_jeans
Drizzle,304,-5.2,1016.0,85.5,-8.1,-2.4,11.8,12.1,1704138794,1704095050,winter_wet_gear
Rain,550,16.8,997.8,91.4,14.8,18.8,4.4,31.4,1704139020,1704098773,raincoat_umbrella
Clouds,811,8.4,1008.5,53.2,5.8,11.0,22.2,87.4,1704129194,1704090203,windproof_jacket
Clear,860,-9.5,982.4,46.8,-11.2,-6.9,2.5,29.1,1704125566,1704092668,warm_winter_coat
Clouds,812,20.5,1002.4,66.3,19.5,21.9,8.4,87.5,1704135970,1704090427,tshirt_shorts
Clear,891,-6.6,1003.7,69.6,-7.4,-4.5,7.5,9.8,1704130570,1704092731,warm_winter_coat
Clear,895,30.5,1030.6,63.7,29.5,31.4,0.2,13.8,1704126107,1704099095,hot_summer
Clouds,843,20.2,1017.3,74.5,18.7,23.1,1.7,2.5,1704132426,1704089887,tshirt_shorts
Rain,535,10.2,990.4,79.7,8.4,11.6,3.1,80.8,1704138117,1704095370,raincoat_umbrella
Clear,896,3.0,1021.9,79.9,1.9,3.9,4.8,27.1,1704140683,1704091427,medium_coat_scarf
Drizzle,340,-1.8,1023.3,84.5,-4.1,1.0,13.0,35.0,1704134657,1704091108,winter_wet_gear
Clear,815,30.9,998.1,30.5,29.7,32.2,3.8,18.0,1704125666,1704096826,hot_summer
Snow,642,-11.1,1016.6,52.2,-13.1,-10.2,2.7,7.2,1704136058,1704094372,extreme_cold_gear
Clouds,834,27.9,980.6,68.6,26.5,30.9,8.6,96.6,1704133287,1704091528,tshirt_shorts
Drizzle,332,11.9,1003.4,83.5,10.0,13.0,7.9,80.1,1704131943,1704091032,light_jacket_jeans
Rain,548,24.9,1029.4,77.8,22.7,27.7,3.9,16.3,1704126365,1704091307,light_rain_jacket
Clear,869,36.8,982.5,50.5,34.6,37.5,5.4,2.5,1704125017,1704089569,hot_summer
Clear,816,36.0,989.8,33.2,35.0,37.5,3.5,5.5,1704131960,1704089352,hot_summer
Clouds,804,2.0,1005.9,59.9,-0.8,4.1,8.2,25.5,1704125241,1704097501,medium_coat_scarf
Drizzle,310,-4.6,983.6,89.9,-5.4,-3.0,10.1,89.5,1704134767,1704091954,winter_wet_gear
Clear,811,33.6,995.5,30.5,31.5,35.2,0.7,0.8,1704127943,1704094719,hot_summer
Clear,826,-13.3,990.7,33.2,-15.8,-10.7,9.2,7.6,1704140338,1704095067,extreme_cold_gear
Drizzle,383,-7.3,986.9,91.5,-9.3,-5.8,5.2,66.4,1704133355,1704089196,winter_wet_gear
Clear,808,7.7,1033.8,66.0,5.7,10.7,4.7,14.9,1704138903,1704094441,medium_coat_scarf
Clouds,861,26.9,1013.2,59.9,25.4,29.4,1.9,40.7,1704125276,1704093202,tshirt_shorts
Snow,608,-8.8,1028.6,67.2,-10.5,-7.1,6.7,79.9,1704134223,1704089105,warm_winter_coat
Clouds,858,9.8,1028.5,75.5,8.3,11.5,9.8,95.1,1704136244,1704091389,medium_coat_scarf
Drizzle,367,-3.2,1001.1,80.9,-4.2,-1.2,13.2,28.4,1704132109,1704098048,winter_wet_gear
Rain,591,21.8,992.4,74.6,19.9,23.6,5.1,86.8,1704127146,1704097307,light_rain_jacket
Drizzle,345,21.2,1026.3,90.7,19.7,23.0,8.0,13.9,1704131435,1704090146,light_rain_jacket
Clouds,800,12.7,1027.8,44.6,11.0,14.0,14.2,70.3,1704136256,1704093773,windproof_jacket
Clear,889,38.7,985.3,37.9,36.4,40.9,4.9,11.7,1704129885,1704095546,hot_summer
Drizzle,362,17.8,1021.1,72.1,17.1,18.6,11.8,97.5,1704131727,1704093675,light_jacket_jeans
Clear,857,33.1,1006.6,51.5,30.9,35.2,0.2,23.4,1704125124,1704098623,hot_summer
Drizzle,343,21.6,1026.4,94.2,19.8,22.9,7.9,29.6,1704134434,1704091606,light_rain_jacket
Clouds,865,26.9,982.6,74.7,26.4,29.8,3.7,97.4,1704124981,1704092781,tshirt_shorts
Clear,810,26.9,984.2,40.7,24.5,27.6,2.2,17.1,1704134799,1704097854,tshirt_shorts
Rain,540,9.7,1003.1,89.4,8.6,12.2,5.5,85.8,1704125420,1704091855,raincoat_umbrella
Snow,658,-4.5,1007.1,78.9,-6.2,-2.4,9.2,34.5,1704134481,1704090954,winter_wet_gear
Clear,820,-9.6,1038.3,71.1,-11.4,-7.6,6.2,16.0,1704129372,1704090637,warm_winter_coat
Drizzle,303,20.3,1028.2,78.8,19.1,21.6,4.2,50.0,1704125689,1704089230,light_rain_jacket
Rain,552,13.1,1019.1,90.9,11.2,15.1,14.5,88.4,1704127198,1704089554,raincoat_umbrella
Drizzle,387,18.0,1000.5,66.4,17.0,18.6,10.4,95.8,1704138339,1704098222,light_jacket_jeans
Drizzle,388,14.7,1019.7,74.5,11.9,16.3,9.4,54.7,1704140002,1704089459,light_jacket_jeans
Clouds,813,15.6,1020.2,40.1,13.0,17.4,14.9,39.9,1704135546,1704095859,windproof_jacket
Drizzle,302,-0.3,1015.0,75.1,-2.5,1.0,5.9,27.9,1704140097,1704095692,winter_wet_gear
Clear,881,20.3,1037.2,55.9,17.8,22.2,5.7,15.5,1704130470,1704089240,tshirt_shorts
Drizzle,323,19.3,1016.0,79.0,16.8,21.1,5.9,30.5,1704129806,1704095690,light_rain_jacket
Clouds,889,16.5,1020.1,59.0,15.7,17.2,19.1,3.0,1704129488,1704089860,windproof_jacket
Clear,826,2.3,996.1,76.2,-0.1,3.7,6.1,28.3,1704135528,1704097066,medium_coat_scarf
Clouds,801,8.5,1003.9,44.7,6.2,10.5,24.7,84.3,1704128947,1704099036,windproof_jacket
Clouds,872,11.9,1039.1,73.7,10.7,14.1,9.1,54.1,1704127989,1704099377,light_jacket_jeans
Clouds,878,10.0,1006.5,40.0,9.5,11.2,24.5,1.3,1704131541,1704088950,windproof_jacket
Clouds,893,19.1,1023.0,78.8,18.0,20.4,5.8,39.5,1704130771,1704089566,light_jacket_jeans
Drizzle,313,19.7,1037.0,87.8,18.3,22.0,5.2,63.0,1704139208,1704097858,light_rain_jacket
Clear,867,34.2,983.1,62.3,33.1,35.3,3.7,23.6,1704130743,1704090578,hot_summer
Clear,845,12.0,1004.7,67.2,11.5,14.2,5.7,23.4,1704125935,1704088801,light_jacket_jeans
Clouds,846,16.1,993.9,62.0,13.8,18.6,20.0,26.3,1704128171,1704090054,windproof_jacket
Clouds,840,1.3,1007.6,55.4,-0.3,2.2,8.5,35.5,1704134079,1704091390,medium_coat_scarf
Snow,618,-7.6,1006.5,69.8,-9.0,-6.9,8.8,99.0,1704138426,1704096721,warm_winter_coat
Clear,893,-4.1,985.8,64.0,-6.0,-3.4,9.7,22.0,1704129021,1704096034,warm_winter_coat
Snow,670,-4.9,1000.7,81.3,-6.9,-2.7,8.0,36.9,1704140579,1704088936,winter_wet_gear
Clear,839,38.5,989.6,55.5,38.0,39.6,6.1,13.8,1704142652,1704096645,hot_summer
Clear,885,15.4,999.2,60.6,14.8,18.4,8.6,12.9,1704125236,1704094282,light_jacket_jeans
Snow,652,-4.6,1003.2,98.6,-6.9,-3.2,9.9,60.8,1704136138,1704092823,winter_wet_gear
Drizzle,383,17.5,985.8,77.6,14.7,18.6,7.0,38.1,1704138242,1704092253,light_jacket_jeans
Snow,654,-5.4,1006.0,56.0,-7.7,-4.1,7.0,80.6,1704134134,1704097570,warm_winter_coat
Clear,818,3.4,1005.7,50.7,2.4,4.3,9.1,18.0,1704139177,1704089737,medium_coat_scarf
Clear,822,21.0,1028.3,42.5,18.3,23.8,3.5,27.6,1704134290,1704098603,tshirt_shorts
Clouds,880,8.8,1025.9,52.3,7.4,10.6,18.3,89.2,1704130716,1704095792,windproof_jacket
Clear,858,29.2,1005.9,41.1,28.5,31.0,2.2,29.4,1704142272,1704090737,hot_summer
Clouds,829,10.4,1020.5,66.5,7.5,11.4,14.3,41.1,1704136315,1704093214,windproof_jacket
Clear,803,4.7,1017.3,65.6,3.5,7.6,7.9,12.0,1704127130,1704091872,medium_coat_scarf
Clear,843,-7.9,991.3,51.7,-10.2,-5.5,1.8,22.1,1704125574,1704090584,warm_winter_coat
Drizzle,320,-9.8,1028.0,87.3,-11.9,-8.1,14.9,7.0,1704126573,1704097723,winter_wet_gear
Clouds,807,28.0,995.3,77.8,25.5,29.9,6.1,92.4,1704141437,1704096312,tshirt_shorts
Snow,661,-0.4,1013.1,42.4,-2.5,2.0,1.8,50.4,1704127483,1704097409,warm_winter_coat
Snow,694,6.1,1006.6,78.9,4.7,7.0,7.1,99.4,1704129592,1704095474,medium_coat_scarf
Rain,575,12.9,999.6,77.5,11.1,14.6,8.4,28.2,1704126386,1704094005,raincoat_umbrella
Rain,502,18.7,1037.2,80.3,17.8,20.1,9.2,78.2,1704136538,1704090771,light_rain_jacket
Clear,853,18.0,983.9,63.5,15.6,19.6,4.0,2.4,1704137081,1704096642,light_jacket_jeans
Drizzle,325,19.3,998.1,77.1,17.6,20.2,11.4,86.1,1704137114,1704096023,light_jacket_jeans
Snow,601,-1.9,1021.1,57.9,-2.9,0.9,7.8,45.6,1704134872,1704096794,warm_winter_coat
Rain,595,19.0,984.7,91.9,17.1,19.8,3.3,72.2,1704139385,1704095431,raincoat_umbrella
Clouds,810,25.0,1036.0,46.8,22.8,26.5,1.3,60.5,1704136282,1704098616,tshirt_shorts
Drizzle,374,-5.8,1021.8,79.0,-6.3,-3.2,3.2,48.2,1704125490,1704095490,winter_wet_gear
Drizzle,324,15.8,1014.0,74.7,14.9,17.9,2.3,17.0,1704132735,1704092157,light_jacket_jeans
Drizzle,392,18.3,1010.6,82.0,17.3,20.8,4.6,60.6,1704142656,1704093930,light_rain_jacket
Clear,829,26.6,1003.6,46.2,25.5,29.1,2.7,8.4,1704134978,1704095692,tshirt_shorts
Clear,807,35.6,1005.7,39.9,33.4,38.4,5.6,13.3,1704139645,1704089491,hot_summer
Rain,534,21.8,1036.8,93.5,21.3,22.6,8.9,12.1,1704127634,1704098674,light_rain_jacket
Clouds,817,12.7,987.6,69.7,11.1,15.2,20.4,45.8,1704126280,1704098694,windproof_jacket
Clouds,802,22.9,1008.3,59.6,21.5,23.8,1.1,24.4,1704126178,1704091284,tshirt_shorts
Snow,687,1.9,1023.8,76.6,0.7,4.0,4.2,32.0,1704140405,1704090488,medium_coat_scarf
Clouds,893,15.3,983.4,55.5,12.7,17.8,18.0,96.5,1704130012,1704092093,windproof_jacket
Clear,824,35.4,1005.7,39.5,34.6,38.0,3.9,2.2,1704128309,1704091390,hot_summer
Clear,820,25.1,1033.3,47.0,23.5,27.5,8.1,25.5,1704125524,1704089853,tshirt_shorts
Clouds,880,13.8,1021.4,45.1,11.9,15.7,21.3,88.7,1704129728,1704095489,windproof_jacket
Clouds,889,11.9,1000.9,69.7,9.6,13.7,2.7,22.6,1704134075,1704096911,light_jacket_jeans
Snow,679,-10.0,1033.8,72.2,-10.8,-9.0,6.8,34.5,1704125524,1704093883,warm_winter_coat
Clouds,862,8.7,1036.2,54.2,6.8,10.9,15.4,73.8,1704127456,1704094553,windproof_jacket
Clouds,866,15.7,1037.9,64.9,14.9,18.5,9.4,22.9,1704132683,1704096024,light_jacket_jeans
Clouds,805,23.4,1013.8,75.7,20.6,24.3,2.9,10.0,1704134846,1704091228,tshirt_shorts
Rain,596,11.1,994.2,79.6,10.5,11.7,10.4,10.6,1704132481,1704093456,raincoat_umbrella
Rain,532,14.7,1034.0,78.4,13.7,16.6,5.7,69.9,1704131013,1704098895,raincoat_umbrella
Drizzle,305,22.4,993.9,81.8,19.7,24.5,6.9,13.5,1704142098,1704089455,light_rain_jacket
Snow,624,-3.6,1018.3,44.9,-6.3,-2.2,3.8,91.2,1704134003,1704097771,warm_winter_coat
Clear,825,33.1,1028.6,56.0,31.9,33.7,0.2,16.1,1704140910,1704090554,hot_summer
Clouds,800,7.8,1001.8,74.4,7.2,9.5,3.8,81.6,1704140730,1704098740,medium_coat_scarf
Clear,814,15.1,1038.1,82.3,12.9,17.2,10.6,19.5,1704127448,1704095526,light_jacket_jeans
Drizzle,327,25.0,980.6,74.4,23.2,26.4,7.5,31.1,1704134208,1704096295,light_rain_jacket
Clear,881,30.0,1019.9,36.6,28.6,32.7,6.5,15.7,1704139498,1704093038,hot_summer
Clouds,867,24.8,1035.6,57.2,23.8,27.6,0.1,60.3,1704142605,1704098681,tshirt_shorts
Clear,875,-29.5,1002.9,36.5,-31.5,-28.6,9.8,10.4,1704128460,1704093732,extreme_cold_gear
Clear,859,24.0,1007.1,54.4,21.0,24.6,8.3,15.7,1704138733,1704094069,tshirt_shorts
Clear,827,33.4,1006.4,43.7,31.9,35.6,1.1,14.9,1704142105,1704093345,hot_summer
Rain,599,11.5,985.2,93.3,9.8,13.9,10.4,30.8,1704133629,1704096830,raincoat_umbrella
Snow,638,-10.0,986.7,86.3,-12.2,-7.0,5.8,83.9,1704130752,1704094182,winter_wet_gear
Clouds,899,9.7,995.3,53.1,7.7,10.3,15.3,30.4,1704128162,1704093214,windproof_jacket
Drizzle,386,22.2,1024.9,73.3,21.1,24.4,6.3,15.4,1704127858,1704091712,light_rain_jacket
Drizzle,313,-8.1,981.0,78.7,-8.6,-7.5,7.5,12.1,1704132880,1704099571,winter_wet_gear
Clouds,896,23.6,1027.9,49.2,22.2,26.6,5.8,78.7,1704131989,1704095213,tshirt_shorts
Clouds,857,8.6,1038.8,68.6,7.0,9.9,14.4,17.6,1704129309,1704093478,windproof_jacket
Clear,869,-13.0,1008.8,44.0,-15.1,-11.7,11.9,27.7,1704130540,1704095697,extreme_cold_gear
Rain,516,12.3,1023.3,98.0,11.3,13.4,10.4,33.6,1704129843,1704094558,raincoat_umbrella
Rain,560,16.0,1039.1,100.0,14.8,16.9,7.9,14.2,1704139145,1704093931,raincoat_umbrella
Snow,633,-1.5,981.2,63.3,-2.4,-0.5,11.5,93.0,1704132007,1704097627,warm_winter_coat
Clouds,814,9.4,1001.0,66.7,8.1,11.7,7.0,60.7,1704140629,1704092117,medium_coat_scarf
Rain,578,18.6,991.6,71.2,15.7,20.8,4.8,71.9,1704124918,1704095871,light_rain_jacket
Rain,546,14.9,992.0,76.0,13.2,17.5,3.2,31.8,1704131577,1704092200,raincoat_umbrella
Clear,822,13.1,980.7,55.2,11.8,13.7,4.2,6.8,1704135038,1704095365,light_jacket_jeans
Clear,861,29.4,1008.6,52.8,27.2,30.0,6.9,29.8,1704132142,1704099522,hot_summer
Drizzle,379,27.6,1013.2,79.8,25.4,28.2,7.0,21.3,1704141803,1704090993,light_rain_jacket
Drizzle,344,14.1,1013.5,52.2,12.7,15.3,10.7,33.1,1704130866,1704093719,light_jacket_jeans
Clouds,899,10.0,1002.4,64.6,7.5,12.3,24.3,11.4,1704132814,1704091097,windproof_jacket
Snow,658,-25.8,1001.1,54.5,-26.4,-23.0,5.1,80.2,1704135528,1704092249,extreme_cold_gear
Drizzle,316,-7.9,1018.8,80.3,-9.0,-6.4,11.8,67.6,1704126026,1704091590,winter_wet_gear
Clear,877,-8.2,998.8,54.8,-10.5,-5.9,6.8,15.0,1704140317,1704098760,warm_winter_coat
Clouds,881,9.8,1019.2,69.3,8.3,11.1,13.9,1.3,1704133765,1704092925,windproof_jacket
Snow,651,7.7,1039.0,68.2,5.9,8.6,4.6,1.0,1704127197,1704092356,medium_coat_scarf
Snow,677,-4.4,990.0,58.2,-7.3,-3.2,8.7,77.7,1704125387,1704095399,warm_winter_coat
Clouds,803,22.5,1036.1,41.6,20.6,24.3,4.0,1.2,1704126312,1704098232,tshirt_shorts
Snow,677,-9.9,1018.5,69.4,-11.7,-7.4,4.3,32.3,1704136750,1704090757,warm_winter_coat
Drizzle,343,14.1,994.5,74.4,13.4,15.9,7.1,79.6,1704126007,1704091056,light_jacket_jeans
Drizzle,344,11.5,1032.0,51.6,10.7,13.6,4.9,33.9,1704128981,1704099563,light_jacket_jeans
Drizzle,351,25.6,1018.0,81.5,24.3,28.1,2.6,46.9,1704141237,1704090467,light_rain_jacket
Snow,639,-13.3,1039.4,78.2,-15.9,-10.4,0.1,7.5,1704134730,1704094860,extreme_cold_gear
Clear,811,-23.1,989.4,74.6,-24.9,-20.3,5.5,7.7,1704135238,1704090714,extreme_cold_gear
Clouds,831,17.5,1039.6,65.0,16.4,19.7,13.4,61.0,1704126821,1704098050,windproof_jacket
Clouds,867,20.3,1008.0,56.6,19.0,21.6,4.3,70.5,1704137162,1704089453,tshirt_shorts
Clear,898,28.5,1016.1,55.3,25.8,29.6,7.6,24.6,1704135797,1704091090,hot_summer
Clear,887,-4.6,1010.3,46.8,-6.0,-2.5,7.9,12.2,1704127528,1704095471,warm_winter_coat
Clear,896,17.4,988.6,81.0,14.5,19.0,8.5,28.0,1704138790,1704095224,light_jacket_jeans
Clouds,889,10.6,1037.2,69.4,10.0,12.0,15.1,65.0,1704139795,1704093942,windproof_jacket
Clouds,871,14.2,1007.6,57.7,12.3,16.6,12.5,43.6,1704132590,1704091854,windproof_jacket
Clear,895,-2.8,982.9,57.8,-3.9,-0.4,10.9,7.8,1704125070,1704093819,warm_winter_coat
Clear,868,3.1,1024.5,71.6,1.1,4.2,2.5,12.9,1704127920,1704097997,medium_coat_scarf
Clouds,879,17.5,996.4,52.0,15.6,18.0,16.4,56.5,1704138989,1704095863,windproof_jacket
Clouds,899,15.8,1000.2,53.4,12.8,18.2,11.4,99.8,1704134582,1704089016,light_jacket_jeans
Clouds,835,29.9,989.9,52.1,28.6,30.6,0.3,39.5,1704130886,1704093472,tshirt_shorts
Snow,615,-8.4,984.4,79.9,-10.2,-7.5,3.9,28.3,1704137378,1704099285,winter_wet_gear
Drizzle,356,19.9,1032.7,92.3,17.5,22.1,9.8,67.7,1704129739,1704093773,light_rain_jacket
Snow,679,-15.9,1038.7,59.1,-18.6,-13.4,1.0,76.3,1704141588,1704091093,extreme_cold_gear
Clear,836,-11.1,1012.7,57.6,-14.0,-8.5,16.2,1.0,1704132752,1704096936,extreme_cold_gear
Clouds,889,9.8,999.7,54.7,7.1,11.9,24.3,61.2,1704142635,1704092711,windproof_jacket
Clear,811,-1.5,1003.9,44.5,-3.0,-0.4,4.1,20.0,1704139965,1704089157,warm_winter_coat
Snow,680,-23.0,1036.0,40.5,-24.7,-21.2,8.5,85.5,1704141805,1704093213,extreme_cold_gear
Clear,832,33.0,1035.8,43.1,30.0,33.5,4.9,25.1,1704135770,1704090018,hot_summer
Snow,642,5.1,990.3,61.1,2.6,5.8,6.9,16.2,1704130028,1704097479,medium_coat_scarf
Rain,576,18.1,997.0,78.5,16.9,19.6,7.8,1.0,1704134996,1704089795,raincoat_umbrella
Clear,868,-15.5,987.5,43.0,-18.4,-15.0,18.0,17.7,1704129235,1704094537,extreme_cold_gear
Clear,827,-3.2,999.3,56.3,-4.5,-1.6,8.0,4.3,1704138076,1704093544,warm_winter_coat
Rain,586,15.8,993.6,93.1,13.6,16.8,11.2,21.5,1704133665,1704095944,raincoat_umbrella
Clear,846,30.9,987.7,33.0,30.0,33.0,1.0,4.6,1704131022,1704090764,hot_summer
Clear,891,16.5,980.4,67.4,13.6,18.9,3.3,3.7,1704125442,1704099244,light_jacket_jeans
Drizzle,320,22.4,1026.9,93.2,19.6,23.8,8.4,35.4,1704136280,1704089231,light_rain_jacket
Drizzle,320,-4.7,1027.8,75.4,-7.5,-3.5,13.9,50.5,1704139292,1704098016,winter_wet_gear
Clear,807,32.3,1027.4,44.2,29.5,35.2,6.6,9.2,1704131179,1704092328,hot_summer
Snow,674,-7.9,996.5,99.8,-8.7,-5.5,7.5,0.3,1704129237,1704095811,winter_wet_gear
Clouds,830,15.5,1013.3,65.6,12.8,16.7,15.1,82.9,1704128990,1704089924,windproof_jacket
Snow,668,-0.5,984.0,98.1,-2.2,2.4,5.5,99.6,1704140754,1704094606,winter_wet_gear
Rain,519,13.4,1010.3,97.0,11.8,14.9,8.6,13.4,1704140771,1704092598,raincoat_umbrella
Clear,892,2.0,1008.4,55.5,0.0,3.2,4.2,10.3,1704140330,1704090713,medium_coat_scarf
Rain,579,17.5,991.9,81.7,14.8,19.3,7.1,50.7,1704129331,1704090133,raincoat_umbrella
Clouds,834,17.0,1001.2,55.6,14.3,18.9,24.3,96.7,1704131566,1704092620,windproof_jacket
Drizzle,334,-3.7,986.4,93.0,-5.0,-1.1,12.5,69.6,1704135251,1704093985,winter_wet_gear
Clouds,852,14.1,988.4,51.1,13.1,16.8,13.4,52.7,1704131082,1704097809,windproof_jacket
Clear,871,35.0,983.7,68.8,33.2,35.9,3.0,10.2,1704142759,1704095907,hot_summer
Rain,589,19.5,1006.1,92.0,18.5,20.3,14.8,89.8,1704131485,1704096387,raincoat_umbrella
Snow,690,-5.8,1023.5,89.7,-7.4,-4.9,8.5,71.8,1704127682,1704093205,winter_wet_gear
Rain,523,14.6,987.4,88.3,13.7,16.5,5.2,48.6,1704134261,1704095773,raincoat_umbrella
Clear,821,12.8,1017.5,58.5,11.4,15.4,10.7,0.0,1704124858,1704089095,light_jacket_jeans
Clear,872,29.2,1011.0,47.3,26.4,32.0,1.8,7.6,1704131179,1704094921,hot_summer
Snow,698,-12.9,1025.4,60.9,-14.4,-11.4,0.4,41.3,1704137655,1704095242,extreme_cold_gear
Snow,647,-6.3,1016.4,83.3,-7.2,-5.7,11.4,15.7,1704130458,1704096181,winter_wet_gear
Clouds,871,15.4,998.3,64.6,13.3,16.6,16.3,84.4,1704131002,1704096507,windproof_jacket
Clear,822,8.9,1035.4,62.1,6.4,11.7,5.3,16.5,1704126765,1704094967,medium_coat_scarf
Rain,568,18.1,1022.4,80.3,15.6,19.1,6.5,68.4,1704127065,1704092604,raincoat_umbrella
Clouds,806,10.1,995.0,52.1,9.5,11.4,24.5,34.6,1704126597,1704092806,windproof_jacket
Clear,873,-12.6,1024.1,59.7,-14.5,-12.0,14.9,14.8,1704136938,1704098819,extreme_cold_gear
Rain,572,21.3,1030.0,89.4,18.9,23.1,5.3,40.1,1704130693,1704098906,light_rain_jacket
Drizzle,314,23.3,1023.8,81.3,20.5,26.0,9.5,33.7,1704126532,1704099108,light_rain_jacket
Snow,610,-6.4,986.9,93.2,-9.1,-5.3,13.7,0.0,1704130113,1704090457,winter_wet_gear
Clouds,865,25.8,1010.4,77.9,24.0,26.4,0.7,32.9,1704139557,1704092180,tshirt_shorts
Drizzle,385,15.7,1022.8,52.8,13.3,17.6,7.0,5.3,1704128725,1704097798,light_jacket_jeans
Clouds,867,4.0,992.5,63.7,3.5,6.7,9.4,80.3,1704133396,1704095164,medium_coat_scarf
Snow,699,-9.4,1007.4,96.1,-11.5,-7.2,8.3,0.3,1704130667,1704097339,winter_wet_gear
Snow,615,-2.2,995.5,58.1,-3.9,-0.4,4.5,54.1,1704135430,1704091615,warm_winter_coat
Clouds,899,12.2,1023.4,59.4,10.4,13.4,13.9,69.7,1704133989,1704097413,windproof_jacket
Clouds,812,17.6,987.1,63.2,15.4,20.2,17.3,23.7,1704127178,1704099377,windproof_jacket
Snow,639,-7.6,1035.3,57.7,-8.5,-5.2,2.2,90.0,1704142478,1704093775,warm_winter_coat
Clear,808,-6.4,990.0,53.3,-8.9,-4.2,1.9,8.1,1704140350,1704095103,warm_winter_coat
Clear,877,-4.5,1034.6,45.7,-7.0,-3.7,9.5,9.4,1704133113,1704091464,warm_winter_coat
Clear,898,32.4,1001.4,55.8,30.3,33.5,4.6,29.6,1704127551,1704089899,hot_summer
Clouds,828,10.2,1010.9,66.0,9.5,11.6,18.7,37.4,1704133422,1704093408,windproof_jacket
Clouds,814,14.5,1002.9,52.1,13.1,17.0,20.0,31.1,1704142331,1704095291,windproof_jacket
Clear,847,0.2,1016.0,59.1,-1.4,2.1,5.1,4.7,1704135141,1704094310,medium_coat_scarf
Snow,676,-21.0,1003.7,59.6,-21.5,-18.8,0.7,49.3,1704125246,1704097860,extreme_cold_gear
Clear,808,20.3,985.8,53.1,18.7,23.2,9.1,18.2,1704128616,1704090123,tshirt_shorts
Clear,800,-12.0,1010.0,75.7,-13.4,-9.4,19.0,25.8,1704135749,1704092552,extreme_cold_gear
Clear,861,-0.1,989.1,46.6,-2.9,1.7,9.0,20.8,1704127376,1704097041,warm_winter_coat
Rain,511,24.1,1022.1,77.3,22.8,26.7,5.7,6.9,1704136044,1704093185,light_rain_jacket
Rain,566,27.2,998.4,74.4,25.3,29.6,8.0,22.6,1704129007,1704096648,light_rain_jacket
Clear,827,37.2,1024.3,46.7,36.4,38.6,3.4,7.2,1704130133,1704091902,hot_summer
Drizzle,319,16.7,1017.4,65.7,14.2,17.3,10.9,99.0,1704135093,1704092262,light_jacket_jeans
Snow,655,-28.8,993.2,72.0,-29.6,-27.4,18.2,42.6,1704133972,1704093739,extreme_cold_gear
Clear,835,13.0,991.1,57.8,10.3,15.9,3.4,1.9,1704139928,1704095137,light_jacket_jeans
Clouds,884,15.0,997.2,75.5,12.4,16.7,6.8,36.3,1704141622,1704091105,light_jacket_jeans
Clear,821,15.1,1016.4,70.8,12.6,17.9,9.6,18.5,1704135188,1704092868,light_jacket_jeans
Drizzle,352,-10.0,1006.1,83.3,-12.7,-9.2,4.5,9.1,1704141707,1704097053,winter_wet_gear
Rain,566,9.9,990.1,84.3,8.3,12.7,8.8,57.8,1704134978,1704098910,raincoat_umbrella
Clouds,835,29.5,1024.4,49.9,26.6,31.8,6.7,44.8,1704135048,1704093745,tshirt_shorts
Snow,639,-27.7,1033.3,56.9,-29.2,-26.0,14.8,14.7,1704129433,1704098571,extreme_cold_gear
Clear,876,6.7,1036.9,79.9,4.5,7.6,4.3,11.0,1704140482,1704093772,medium_coat_scarf
Clear,875,10.6,1000.4,71.7,8.0,11.6,10.0,11.6,1704133820,1704090086,light_jacket_jeans
Rain,594,9.8,1003.8,84.8,8.7,10.3,14.3,49.6,1704126270,1704098512,raincoat_umbrella
Clear,809,15.0,993.2,84.9,14.4,17.7,6.9,15.2,1704137864,1704097640,light_jacket_jeans
Clouds,881,17.7,1037.5,63.3,15.4,18.7,21.4,40.7,1704125053,1704096328,windproof_jacket
Rain,585,9.8,1003.7,88.7,7.2,12.8,12.3,94.5,1704135901,1704098262,raincoat_umbrella
Clouds,878,8.4,1025.7,69.6,6.0,11.4,22.8,69.1,1704131128,1704097118,windproof_jacket
Drizzle,391,14.2,1020.2,81.1,12.4,17.0,11.8,86.4,1704142652,1704097781,light_jacket_jeans
Snow,692,-8.5,1035.1,98.7,-9.9,-6.9,13.0,28.6,1704133177,1704091221,winter_wet_gear
Clear,855,29.2,996.4,59.0,28.5,32.0,4.6,2.4,1704130620,1704090872,hot_summer
Clouds,864,25.4,1007.3,43.5,23.3,27.6,9.3,36.3,1704139864,1704091075,tshirt_shorts
Clear,829,-28.1,984.3,74.8,-29.3,-27.3,11.7,0.3,1704135540,1704095587,extreme_cold_gear
Rain,549,7.7,1003.4,94.5,4.8,9.5,13.5,51.1,1704127358,1704099546,raincoat_umbrella
Clear,839,28.3,1030.5,54.2,26.8,29.7,2.8,1.5,1704141211,1704091875,tshirt_shorts
Clear,852,26.1,1023.4,48.5,23.5,28.7,6.1,21.7,1704130978,1704089634,tshirt_shorts
Rain,512,5.1,1038.7,77.9,3.7,6.0,9.7,66.1,1704131329,1704090450,raincoat_umbrella
Rain,597,10.0,1039.3,93.8,9.5,12.0,7.5,17.1,1704136446,1704099091,raincoat_umbrella
Drizzle,303,15.8,1029.3,80.0,14.6,17.1,5.1,56.6,1704136008,1704092700,light_jacket_jeans
Clear,885,32.1,1015.0,37.3,30.5,35.0,7.3,12.0,1704135352,1704090456,hot_summer
Drizzle,301,14.4,1038.9,64.8,11.7,15.0,7.4,81.3,1704126325,1704090315,light_jacket_jeans
Snow,637,-9.9,1018.3,91.6,-12.4,-7.1,12.3,27.3,1704133998,1704096181,winter_wet_gear
Clear,809,38.4,1025.0,61.7,36.8,39.8,5.0,4.6,1704133550,1704089812,hot_summer
Snow,691,-21.5,1009.2,79.3,-24.2,-19.1,15.6,55.2,1704129602,1704095903,extreme_cold_gear
Clouds,815,14.6,982.5,48.1,13.9,15.4,13.6,83.8,1704132822,1704091367,windproof_jacket
Snow,697,4.0,981.1,74.5,1.8,6.5,2.0,11.9,1704140775,1704089326,medium_coat_scarf
Clear,876,1.8,1030.7,65.2,0.2,3.9,5.4,4.5,1704140986,1704099008,medium_coat_scarf
Clear,852,10.8,1011.3,63.1,9.9,12.3,2.6,19.6,1704132763,1704098846,light_jacket_jeans
Clear,894,19.1,996.8,58.2,16.8,21.8,5.4,12.4,1704137155,1704090772,light_jacket_jeans
Clear,811,19.5,1037.0,59.2,17.1,20.6,11.1,8.1,1704139153,1704096766,light_jacket_jeans
Clear,833,27.0,1009.4,59.7,26.0,28.3,9.1,13.5,1704136203,1704089257,tshirt_shorts
Snow,631,-18.2,1001.6,75.1,-20.8,-16.4,16.1,76.8,1704141775,1704091997,extreme_cold_gear
Clouds,819,23.6,1027.5,51.7,22.1,26.5,1.7,95.5,1704133458,1704097697,tshirt_shorts
Drizzle,333,17.2,1034.2,60.2,16.0,19.5,2.5,48.3,1704124805,1704098367,light_jacket_jeans
Clouds,823,17.3,1003.2,64.7,14.8,19.7,21.5,71.8,1704125648,1704096109,windproof_jacket
Clear,858,-13.0,1022.1,72.6,-15.7,-11.8,6.1,23.4,1704128980,1704097017,extreme_cold_gear
Clear,887,26.8,1030.4,53.6,25.9,28.1,5.4,26.5,1704125556,1704092420,tshirt_shorts
Clear,818,6.6,989.9,59.2,5.2,9.4,1.5,12.1,1704136088,1704094692,medium_coat_scarf
Clouds,811,12.0,998.6,44.5,9.5,13.8,17.4,11.2,1704133889,1704092540,windproof_jacket
Drizzle,358,26.5,1003.6,73.2,23.7,28.3,6.7,43.6,1704141669,1704089807,light_rain_jacket
Clear,873,22.7,1007.5,49.1,20.4,23.9,9.6,6.2,1704140626,1704091686,tshirt_shorts
Clear,874,29.5,1024.0,44.6,27.4,32.1,9.5,19.1,1704133885,1704089954,tshirt_shorts
Rain,577,18.3,1010.7,76.7,17.0,20.3,7.8,43.6,1704141020,1704099236,light_rain_jacket
Clouds,871,12.9,1008.2,42.8,12.4,15.4,22.2,44.7,1704132718,1704094122,windproof_jacket
Clouds,841,2.3,982.5,79.8,0.8,4.4,5.8,77.3,1704134110,1704099073,medium_coat_scarf
Snow,674,-22.3,1026.8,49.8,-23.1,-20.7,4.9,0.8,1704125440,1704099257,extreme_cold_gear
Clear,836,22.6,994.6,50.8,19.9,24.5,4.1,3.9,1704139760,1704098102,tshirt_shorts
Snow,692,-3.1,992.2,99.5,-6.0,-1.7,4.8,11.7,1704140809,1704098778,winter_wet_gear
Snow,620,-22.0,1013.2,62.2,-24.2,-19.4,4.8,74.0,1704140171,1704099126,extreme_cold_gear
Snow,600,-4.9,1010.8,82.6,-7.5,-1.9,11.0,84.1,1704132093,1704089527,winter_wet_gear
Drizzle,384,-9.6,1031.0,98.0,-10.4,-7.7,14.2,28.1,1704128430,1704091840,winter_wet_gear
Clouds,873,16.6,1018.6,53.7,14.7,17.6,12.2,67.7,1704132002,1704094008,windproof_jacket
Clear,871,31.8,990.7,66.2,31.1,32.8,1.0,14.8,1704142376,1704098992,hot_summer
Rain,553,25.3,988.1,92.2,23.9,27.1,4.7,63.9,1704132139,1704095648,light_rain_jacket
Snow,659,-2.0,1032.3,79.1,-4.6,-1.0,4.9,83.1,1704134221,1704089429,winter_wet_gear
Snow,693,-1.7,1026.7,63.2,-3.0,-0.4,11.9,91.1,1704132714,1704092713,warm_winter_coat
Clear,834,37.2,1009.2,35.6,34.7,38.7,6.9,26.8,1704129636,1704089042,hot_summer
Clear,874,29.3,1037.5,39.3,28.7,30.2,7.6,2.9,1704128039,1704099556,hot_summer
Drizzle,389,-6.0,1003.8,85.4,-8.9,-4.6,10.9,87.5,1704126155,1704091047,winter_wet_gear
Rain,533,19.0,981.7,87.7,16.1,20.7,12.5,72.8,1704136439,1704092447,raincoat_umbrella
Clear,802,-13.9,1035.9,47.1,-15.5,-13.1,15.5,9.4,1704134632,1704091984,extreme_cold_gear
Clear,889,-1.9,1032.4,68.9,-4.7,-0.9,10.0,12.7,1704134820,1704098919,warm_winter_coat
Clouds,817,10.5,1010.4,55.1,7.6,12.2,15.9,27.8,1704137409,1704096831,windproof_jacket
Drizzle,399,14.6,1015.2,51.6,12.4,17.2,4.9,31.0,1704141002,1704093340,light_jacket_jeans
Clouds,810,0.1,1001.3,69.9,-2.0,1.4,9.2,31.4,1704129716,1704093146,medium_coat_scarf
Clear,876,-9.0,982.0,66.4,-11.1,-8.0,8.0,29.7,1704140677,1704097877,warm_winter_coat
Clear,802,17.6,995.4,59.8,15.6,19.2,4.2,9.1,1704131537,1704092438,light_jacket_jeans
Clouds,862,11.2,1020.0,41.3,8.2,12.7,24.7,90.2,1704128109,1704091551,windproof_jacket
Clear,883,-2.6,987.0,67.4,-4.5,-1.8,11.2,5.6,1704136794,1704089801,warm_winter_coat
Clear,896,-21.3,1022.9,47.3,-24.1,-19.4,4.0,19.1,1704137091,1704090633,extreme_cold_gear
Snow,693,-5.0,1002.5,82.8,-6.1,-2.4,5.3,77.8,1704135655,1704091879,winter_wet_gear
Clouds,841,11.2,997.4,61.8,10.2,13.6,16.9,95.9,1704130262,1704096086,windproof_jacket
Clouds,877,28.4,1023.3,47.4,25.7,30.2,5.5,90.4,1704131896,1704095746,tshirt_shorts
Clouds,850,9.1,1003.0,55.0,8.0,10.0,1.2,55.5,1704128194,1704097492,medium_coat_scarf
Clouds,868,19.5,1021.5,79.6,18.3,21.6,11.8,37.8,1704136080,1704099392,light_jacket_jeans
Snow,604,-0.9,1018.8,47.7,-3.5,1.2,8.7,65.0,1704140029,1704094394,warm_winter_coat
Clouds,835,13.7,1016.5,60.0,12.1,15.2,22.4,76.2,1704140375,1704097689,windproof_jacket
Rain,543,21.2,999.4,76.2,19.3,22.8,4.5,95.5,1704142730,1704094235,light_rain_jacket
Snow,610,6.9,999.3,60.4,5.7,7.5,3.9,77.8,1704129808,1704092747,medium_coat_scarf
Drizzle,306,-5.9,985.6,97.3,-7.4,-4.3,3.6,65.6,1704128661,1704096317,winter_wet_gear
Clouds,802,12.8,1009.3,62.1,12.2,15.2,12.2,32.6,1704130797,1704094339,windproof_jacket
Clear,828,36.1,1032.0,50.4,33.7,37.8,6.9,0.3,1704133498,1704099479,hot_summer
Clear,872,28.3,996.4,69.3,25.8,29.7,9.9,26.2,1704126673,1704096728,tshirt_shorts
Clear,803,37.7,1010.3,41.2,36.6,38.4,1.5,26.0,1704138257,1704092649,hot_summer
Drizzle,345,22.3,1025.0,71.3,20.7,24.3,7.5,34.5,1704137603,1704089594,light_rain_jacket
Rain,595,14.1,1033.0,98.9,11.2,15.4,7.3,14.9,1704133131,1704092901,raincoat_umbrella
Drizzle,336,-3.4,1017.5,81.9,-5.3,-0.8,4.8,94.1,1704136942,1704094906,winter_wet_gear
Clear,824,25.2,1034.5,76.2,23.4,27.8,7.9,6.5,1704139103,1704090000,tshirt_shorts
Snow,648,-8.1,1010.9,80.7,-9.0,-7.5,10.2,12.1,1704140771,1704091172,winter_wet_gear
Snow,622,-9.5,1008.5,66.0,-10.9,-6.7,9.7,40.9,1704137375,1704096954,warm_winter_coat
Clouds,873,10.4,982.0,53.6,8.5,12.6,16.2,11.6,1704137966,1704093169,windproof_jacket
Clouds,831,12.1,997.7,67.5,9.2,14.8,19.9,56.4,1704141953,1704091837,windproof_jacket
Clear,817,24.0,1011.0,74.1,23.1,26.6,7.5,17.2,1704136616,1704097299,tshirt_shorts
Clear,864,-3.7,997.6,57.2,-4.4,-2.8,4.1,23.1,1704142098,1704096573,warm_winter_coat
Snow,673,-7.4,1032.2,51.4,-8.4,-5.3,4.6,6.3,1704137352,1704097064,warm_winter_coat
Drizzle,374,24.7,1016.5,91.1,23.6,25.2,3.4,37.5,1704127245,1704098217,light_rain_jacket
Drizzle,317,-8.0,985.3,87.2,-10.2,-7.3,5.9,48.2,1704136555,1704098329,winter_wet_gear
Clear,853,-6.0,1032.6,58.9,-8.7,-4.2,2.3,6.2,1704129431,1704095430,warm_winter_coat
Clouds,840,11.8,1035.3,78.6,9.3,12.5,4.8,70.9,1704139580,1704095093,light_jacket_jeans
Snow,621,-3.1,1038.1,66.3,-6.0,-1.9,3.6,37.3,1704134116,1704095379,warm_winter_coat
Drizzle,335,19.4,1000.3,89.5,16.5,22.3,5.3,7.4,1704130790,1704090221,light_rain_jacket
Snow,645,-16.6,999.1,33.1,-19.4,-15.3,3.0,70.4,1704131506,1704094476,extreme_cold_gear
Clouds,808,23.9,983.6,71.2,23.0,26.8,7.2,58.2,1704126775,1704097563,tshirt_shorts
Clouds,833,16.8,999.3,43.1,15.9,19.5,15.3,30.3,1704142136,1704093321,windproof_jacket
Drizzle,388,22.7,1011.0,90.5,20.2,25.0,6.2,27.8,1704130560,1704091328,light_rain_jacket
Rain,583,5.5,987.5,93.6,2.9,6.0,6.1,69.9,1704141814,1704091322,raincoat_umbrella
Clear,834,28.8,998.0,51.9,27.3,30.6,0.1,17.3,1704141224,1704098267,tshirt_shorts
Rain,508,13.4,984.6,89.6,10.7,15.2,9.9,75.4,1704141252,1704096563,raincoat_umbrella
Snow,641,-2.1,985.2,49.1,-2.8,-0.9,11.9,82.1,1704125760,1704094150,warm_winter_coat
Clear,828,36.4,996.5,69.7,34.9,38.0,1.1,11.8,1704137652,1704098602,hot_summer
Snow,610,-5.6,1018.2,52.6,-6.4,-4.6,2.2,19.3,1704127290,1704096235,warm_winter_coat
Drizzle,380,-1.3,1024.2,87.0,-2.1,-0.0,2.7,46.7,1704137874,1704091938,winter_wet_gear
Clear,834,-1.7,992.8,40.6,-3.5,-1.0,10.6,14.6,1704132414,1704090157,warm_winter_coat
Drizzle,362,27.5,1039.0,93.5,26.7,30.2,6.2,65.6,1704127548,1704093861,light_rain_jacket
Drizzle,313,18.3,995.2,65.0,15.3,19.4,6.2,81.8,1704139479,1704089406,light_jacket_jeans
Clear,854,-0.9,1001.9,46.8,-3.5,0.7,11.9,6.5,1704133612,1704096043,warm_winter_coat
Clear,830,39.0,996.1,52.9,37.8,40.2,1.4,6.0,1704135383,1704094795,hot_summer
Rain,509,19.4,1024.4,90.3,17.9,20.7,6.7,64.5,1704139324,1704096065,light_rain_jacket
Drizzle,348,-5.8,1010.5,80.3,-7.0,-5.3,11.7,75.1,1704134017,1704099235,winter_wet_gear
Clear,841,28.5,1005.6,70.4,27.7,30.8,3.0,5.6,1704139561,1704091689,tshirt_shorts
Snow,635,-7.1,1009.0,99.9,-9.9,-4.7,2.1,70.5,1704129179,1704091560,winter_wet_gear
Drizzle,393,26.4,1013.6,77.2,24.6,27.0,4.2,41.8,1704125847,1704099293,light_rain_jacket
Clouds,880,18.3,980.9,76.9,15.6,20.9,4.8,11.8,1704129933,1704091988,light_jacket_jeans
Clouds,829,10.7,1007.4,52.7,8.6,11.3,13.1,50.6,1704132358,1704089150,windproof_jacket
Clear,830,31.8,1005.5,39.7,30.0,32.7,1.7,27.2,1704137330,1704089631,hot_summer
Snow,616,-5.8,1007.5,79.7,-8.4,-4.0,12.4,60.8,1704142147,1704089993,winter_wet_gear
Rain,506,10.4,1006.6,83.2,9.2,11.1,6.0,64.2,1704133062,1704096452,raincoat_umbrella
Drizzle,331,11.3,1005.5,73.4,9.7,12.0,10.9,41.4,1704140445,1704098433,light_jacket_jeans
Rain,578,14.9,1003.0,83.4,12.7,16.7,10.8,70.0,1704133097,1704096411,raincoat_umbrella
Snow,655,-5.1,1005.1,80.9,-8.0,-3.4,10.8,2.4,1704128344,1704096420,winter_wet_gear
Snow,668,-1.7,1018.5,51.6,-4.7,-0.4,8.5,34.3,1704131642,1704095499,warm_winter_coat
Clouds,870,11.6,1002.0,53.7,8.8,12.8,20.5,77.5,1704136009,1704099221,windproof_jacket
Clear,833,1.8,1006.0,58.9,-0.9,2.8,9.9,1.8,1704129803,1704093158,medium_coat_scarf
Drizzle,366,-7.9,990.3,77.2,-9.7,-5.9,6.8,50.3,1704136947,1704095310,winter_wet_gear
Clear,837,29.0,999.7,47.2,26.8,30.3,4.4,21.6,1704136476,1704096952,hot_summer
Snow,666,-3.1,1034.6,87.2,-5.6,-1.2,5.9,95.9,1704135630,1704098351,winter_wet_gear
Rain,549,12.8,1022.2,87.8,11.5,14.0,10.6,34.7,1704131282,1704094727,raincoat_umbrella
Clear,880,25.3,1033.7,52.9,24.4,27.7,0.8,24.1,1704132164,1704095559,tshirt_shorts
Clear,804,37.0,997.5,51.8,35.3,38.0,1.6,22.5,1704137672,1704099246,hot_summer
Clear,889,35.9,997.7,44.2,33.6,37.4,6.5,17.1,1704133068,1704092069,hot_summer
Snow,649,-6.7,1026.7,74.7,-9.6,-5.7,7.5,55.5,1704139152,1704095332,warm_winter_coat
Clouds,829,12.1,1010.7,54.7,9.3,15.0,15.4,76.7,1704142620,1704093408,windproof_jacket
Clear,825,16.3,995.5,61.6,14.2,17.2,7.5,9.2,1704140140,1704095465,light_jacket_jeans
Snow,621,-1.7,999.6,92.4,-4.3,-0.3,6.1,52.8,1704130302,1704097072,winter_wet_gear
Rain,527,19.4,1021.9,80.3,17.9,22.2,15.0,77.6,1704137056,1704094690,raincoat_umbrella
Clear,827,14.8,1036.5,83.5,13.5,17.4,10.4,24.2,1704141846,1704098767,light_jacket_jeans
Clouds,856,2.2,1030.0,73.4,1.2,3.9,4.3,92.3,1704137504,1704090467,medium_coat_scarf
Snow,613,-2.6,1003.2,53.6,-5.3,-1.0,2.4,9.8,1704129337,1704090290,warm_winter_coat
Clear,864,-6.5,1031.7,58.9,-7.1,-4.2,5.5,28.5,1704140963,1704090034,warm_winter_coat
Clear,818,-10.5,1018.3,61.9,-11.7,-8.2,10.4,6.6,1704130246,1704089704,extreme_cold_gear
Clear,866,4.6,996.2,70.2,2.5,7.5,3.0,15.3,1704126527,1704095003,medium_coat_scarf
Drizzle,332,20.7,999.7,77.4,19.5,21.9,4.4,69.7,1704128280,1704094960,light_rain_jacket
Snow,601,-25.4,980.2,77.1,-27.1,-22.7,5.1,97.2,1704128022,1704096730,extreme_cold_gear
Clouds,843,15.2,1025.3,66.5,13.4,16.7,4.1,14.1,1704141317,1704095909,light_jacket_jeans
Clear,864,35.8,1035.2,64.7,33.9,38.2,7.2,2.8,1704135720,1704096974,hot_summer
Clear,878,10.1,980.6,77.7,8.3,12.3,4.9,24.1,1704134541,1704098678,light_jacket_jeans
Clouds,818,3.8,986.1,64.8,2.3,4.8,1.8,67.4,1704137761,1704091337,medium_coat_scarf
Clear,888,39.0,1031.2,32.0,36.4,39.6,4.6,7.3,1704141596,1704096710,hot_summer
Rain,511,23.8,1024.2,77.3,21.7,25.4,9.9,27.4,1704130721,1704098091,light_rain_jacket
Clear,835,35.1,1000.9,48.9,32.6,38.1,3.3,27.9,1704137955,1704090142,hot_summer
Clouds,872,13.9,1035.8,69.8,12.0,15.5,15.9,32.1,1704125899,1704097258,windproof_jacket
Clouds,864,2.7,1008.7,68.3,2.1,3.6,3.5,81.6,1704132811,1704099131,medium_coat_scarf
Snow,698,-21.6,1008.1,65.3,-22.7,-21.0,3.3,84.1,1704138975,1704098593,extreme_cold_gear
Clear,832,-15.4,986.5,70.6,-17.9,-13.5,3.2,9.0,1704127747,1704090342,extreme_cold_gear
Rain,549,5.4,1015.1,86.8,3.3,8.3,5.2,40.8,1704138972,1704094510,raincoat_umbrella
Rain,521,16.7,1005.0,99.4,13.8,17.6,9.5,86.0,1704139064,1704095044,raincoat_umbrella
Snow,697,9.6,1015.9,61.3,8.2,11.1,7.4,4.3,1704139414,1704099490,medium_coat_scarf
Snow,642,-0.2,987.2,97.4,-2.9,2.2,14.1,17.4,1704138660,1704098249,winter_wet_gear
Drizzle,314,10.5,1037.9,64.3,8.4,12.7,6.2,59.9,1704136230,1704097116,light_jacket_jeans
Clouds,882,9.7,1014.9,65.9,8.8,10.4,6.4,46.6,1704128151,1704093515,medium_coat_scarf
Clouds,895,16.1,992.5,67.5,13.2,18.8,8.2,79.4,1704132108,1704092271,light_jacket_jeans
Clear,891,31.2,1020.8,44.4,30.6,32.7,3.3,1.7,1704128281,1704096329,hot_summer
Clouds,820,12.5,1035.9,67.7,10.8,14.3,21.1,47.3,1704141152,1704089506,windproof_jacket
Clouds,864,18.0,999.4,63.4,17.1,20.4,13.9,45.2,1704141800,1704094488,windproof_jacket
Clear,843,-12.0,1021.6,48.3,-13.6,-9.6,5.1,25.8,1704137245,1704093444,extreme_cold_gear
Snow,603,2.6,1009.3,69.0,0.2,3.9,2.9,19.0,1704138387,1704093570,medium_coat_scarf
Rain,548,6.1,983.4,83.3,5.0,7.5,8.9,8.8,1704126921,1704093047,raincoat_umbrella
Clouds,898,20.7,989.7,79.7,19.7,23.3,7.0,1.2,1704128996,1704089033,tshirt_shorts
Drizzle,337,17.4,990.2,51.0,14.7,19.6,7.5,0.1,1704136753,1704089868,light_jacket_jeans
Clear,890,35.5,1035.3,33.3,34.3,38.1,7.0,1.8,1704128121,1704096881,hot_summer
Clouds,835,23.3,1009.6,57.7,21.4,25.6,6.5,62.0,1704134415,1704096424,tshirt_shorts
Clear,848,35.4,1022.1,34.0,32.9,37.7,0.7,2.2,1704126327,1704089678,hot_summer
Clouds,877,28.8,986.7,51.2,26.8,31.3,1.1,29.1,1704136027,1704098511,tshirt_shorts
Clouds,834,14.9,1027.7,52.3,14.0,17.2,22.8,21.1,1704134829,1704094745,windproof_jacket
Clear,853,35.8,984.8,58.5,34.6,38.4,1.4,28.2,1704138705,1704098125,hot_summer
Clear,833,12.1,1018.6,50.6,9.7,13.4,9.2,5.3,1704132406,1704090257,light_jacket_jeans
Snow,678,-0.9,1023.7,58.3,-3.0,1.6,5.6,45.6,1704129377,1704097884,warm_winter_coat
Drizzle,356,18.6,1014.9,71.3,15.8,20.8,11.1,17.1,1704142538,1704096351,light_jacket_jeans
Clouds,857,9.8,1036.9,63.8,7.6,12.1,15.6,81.0,1704135031,1704089314,windproof_jacket
Clouds,881,28.2,1017.7,60.2,27.4,30.9,9.2,84.0,1704127864,1704096091,tshirt_shorts
Clear,882,-4.7,983.5,65.9,-6.8,-2.7,6.6,11.2,1704135713,1704099308,warm_winter_coat
Drizzle,341,26.4,1033.8,89.4,24.3,27.8,7.8,75.3,1704133098,1704089890,light_rain_jacket
Clear,815,16.8,1038.2,58.5,14.7,19.6,8.1,29.6,1704129229,1704090963,light_jacket_jeans
Clear,896,7.8,989.7,52.6,5.7,10.1,5.4,22.6,1704133985,1704089609,medium_coat_scarf
Clear,877,37.1,1032.7,50.8,34.4,38.2,1.6,26.4,1704142529,1704093673,hot_summer
Clear,844,24.9,980.0,48.7,24.1,26.0,1.7,21.5,1704134886,1704092017,tshirt_shorts
Clear,835,28.8,985.7,34.0,28.2,30.1,0.1,20.5,1704125218,1704097924,hot_summer
Clear,879,29.0,1020.0,67.1,27.6,31.1,4.6,27.3,1704128161,1704089219,hot_summer
Snow,644,-9.4,1009.0,90.5,-11.4,-8.2,4.7,68.5,1704130916,1704093273,winter_wet_gear
Snow,677,-2.2,1000.7,97.2,-3.0,0.7,8.4,100.0,1704125202,1704093453,winter_wet_gear
Clouds,822,22.2,996.0,71.9,20.4,23.5,2.1,23.3,1704132957,1704090464,tshirt_shorts
Rain,551,14.7,987.9,81.6,13.8,16.8,5.5,24.2,1704135351,1704095266,raincoat_umbrella
Clear,855,30.6,1003.6,43.0,29.0,33.0,6.0,18.2,1704125852,1704091265,hot_summer
Snow,653,-22.5,1000.0,36.9,-24.1,-20.9,15.9,11.7,1704130685,1704091776,extreme_cold_gear
Drizzle,390,22.8,1019.0,87.0,21.9,25.1,3.4,82.6,1704124943,1704089537,light_rain_jacket
Snow,675,-5.7,1039.6,91.5,-6.5,-4.4,5.3,32.9,1704130450,1704098044,winter_wet_gear
Clear,831,-4.1,1038.7,62.9,-6.5,-3.1,5.4,29.2,1704126616,1704098306,warm_winter_coat
Clouds,880,27.5,1030.2,77.3,24.9,30.0,2.2,69.0,1704138739,1704092542,tshirt_shorts
Clear,822,-10.6,1024.5,60.9,-12.7,-9.5,15.5,21.2,1704140760,1704091980,extreme_cold_gear
Rain,539,19.6,1027.3,75.4,18.5,20.5,4.7,62.5,1704127496,1704089983,light_rain_jacket
Clear,870,37.3,1013.1,50.8,34.6,38.8,6.8,16.8,1704125318,1704090247,hot_summer
Rain,576,22.2,1009.5,82.2,19.4,24.1,4.3,37.6,1704137163,1704097808,light_rain_jacket
Rain,589,8.1,1000.4,97.5,5.7,10.6,12.0,28.4,1704136319,1704096531,raincoat_umbrella
Snow,657,1.9,985.7,63.0,0.9,3.7,9.6,79.1,1704137264,1704097083,medium_coat_scarf
Clear,896,37.6,993.2,37.0,34.9,38.7,5.4,6.5,1704124811,1704091643,hot_summer
Clear,821,36.6,1028.0,64.5,35.1,37.5,1.4,16.6,1704127630,1704098145,hot_summer
Clear,849,12.2,1019.6,59.6,11.1,13.8,7.9,0.5,1704140715,1704092385,light_jacket_jeans
Clear,867,-18.8,1002.2,30.2,-21.3,-17.0,16.9,21.7,1704137083,1704097334,extreme_cold_gear
Clear,801,37.7,1006.1,60.5,36.9,39.6,6.4,24.5,1704130642,1704088862,hot_summer
Clouds,841,16.7,998.7,58.3,15.6,17.2,15.8,46.6,1704131239,1704089086,windproof_jacket
Clear,816,11.0,982.8,66.3,9.8,11.5,7.9,12.1,1704127302,1704090157,light_jacket_jeans
Drizzle,301,-6.3,1026.9,98.2,-6.9,-4.5,10.0,9.0,1704140850,1704089619,winter_wet_gear
Clear,815,-9.2,1020.2,69.6,-11.3,-8.1,8.5,5.8,1704130803,1704096225,warm_winter_coat
Drizzle,321,25.3,1009.7,88.9,23.9,26.5,4.1,46.4,1704140512,1704090809,light_rain_jacket
Snow,677,-9.1,982.4,47.7,-12.1,-7.7,7.6,15.9,1704124998,1704094162,warm_winter_coat
Clear,848,24.3,1038.8,74.8,23.0,27.0,4.5,28.8,1704128592,1704097954,tshirt_shorts
Snow,604,-4.5,1010.5,76.7,-7.0,-3.8,13.5,33.5,1704134677,1704093916,winter_wet_gear
Clouds,875,25.0,984.3,62.5,22.6,27.6,3.4,94.4,1704138494,1704092762,tshirt_shorts
Rain,561,18.3,1030.8,80.0,17.3,19.0,5.7,90.3,1704129504,1704089775,raincoat_umbrella
Clear,896,33.4,1001.3,69.6,31.7,34.7,0.4,14.5,1704140545,1704096675,hot_summer
Clear,887,8.4,1032.4,59.5,6.6,9.0,6.8,18.7,1704142755,1704096160,medium_coat_scarf
Clear,898,39.0,1007.5,68.7,36.9,39.7,4.3,28.4,1704129124,1704093829,hot_summer
Rain,517,13.5,1019.7,90.1,11.5,16.1,14.2,78.6,1704128577,1704091647,raincoat_umbrella
Drizzle,315,-4.5,994.3,87.0,-5.9,-3.5,11.4,31.1,1704127173,1704093969,winter_wet_gear
Snow,687,-11.0,995.2,36.1,-12.2,-8.8,8.7,15.5,1704128067,1704094018,extreme_cold_gear
Snow,691,-20.5,1002.3,31.0,-22.6,-18.7,18.4,29.6,1704141402,1704093129,extreme_cold_gear
Drizzle,339,-1.6,983.0,84.8,-4.6,-0.8,4.5,65.6,1704131363,1704097134,winter_wet_gear
Snow,666,-23.2,1030.8,72.7,-25.4,-20.9,9.3,90.6,1704130629,1704090323,extreme_cold_gear
Snow,617,-7.9,981.7,78.7,-9.1,-6.5,11.1,84.6,1704139455,1704097459,winter_wet_gear
Clear,880,25.9,987.0,54.0,24.3,28.0,2.1,26.4,1704140506,1704094096,tshirt_shorts
Drizzle,322,13.3,1032.9,57.5,11.9,15.7,11.3,19.9,1704135448,1704091051,light_jacket_jeans
Rain,527,22.0,984.2,81.8,20.2,24.2,3.3,31.7,1704133804,1704093392,light_rain_jacket
Rain,598,12.0,1017.2,90.7,9.4,13.9,11.1,29.4,1704142567,1704094090,raincoat_umbrella
Snow,612,-5.7,1008.9,47.3,-6.8,-4.0,3.2,28.1,1704126243,1704091941,warm_winter_coat
Rain,598,19.4,991.2,82.8,16.5,19.9,7.0,3.3,1704130620,1704088822,light_rain_jacket
Clear,840,-13.3,1037.9,59.3,-14.9,-11.0,0.3,20.0,1704129488,1704091009,extreme_cold_gear
Snow,699,-2.9,1019.7,71.1,-5.3,-0.9,5.7,23.5,1704137268,1704093994,warm_winter_coat
Rain,500,22.7,986.5,72.4,20.6,24.2,8.8,61.1,1704125712,1704098641,light_rain_jacket
Drizzle,350,18.1,1037.9,77.2,16.2,18.9,4.8,66.1,1704125443,1704093023,light_rain_jacket
Snow,635,-28.3,992.7,46.8,-30.7,-27.5,6.9,43.6,1704129493,1704096053,extreme_cold_gear
Clouds,856,18.3,1006.4,62.8,15.4,19.4,9.5,78.5,1704135992,1704098113,light_jacket_jeans
Clear,898,37.8,1027.2,41.4,36.4,39.6,1.9,1.7,1704137915,1704094851,hot_summer
Snow,629,-0.8,1013.6,84.4,-1.5,0.4,8.4,86.8,1704132623,1704095139,winter_wet_gear
Clear,844,-11.5,1020.3,48.3,-12.2,-9.9,14.1,29.7,1704130701,1704099487,extreme_cold_gear
Clear,884,35.6,1011.9,46.1,34.0,37.9,6.0,20.3,1704127435,1704097704,hot_summer
Rain,585,5.1,985.1,77.6,4.0,7.1,13.3,21.4,1704130009,1704095027,raincoat_umbrella
Clouds,809,0.5,980.7,71.3,-1.7,1.9,2.8,79.5,1704131292,1704089656,medium_coat_scarf
Snow,633,-0.3,1026.1,83.4,-1.8,1.6,5.8,44.6,1704126309,1704098903,winter_wet_gear
Clear,840,-26.9,1007.7,71.5,-28.9,-25.3,16.2,28.4,1704141949,1704088942,extreme_cold_gear
Clear,818,9.6,1036.1,66.3,8.3,10.3,7.5,7.5,1704127670,1704094889,medium_coat_scarf
Clouds,871,24.9,989.9,49.0,23.8,26.7,2.0,77.7,1704135232,1704093676,tshirt_shorts
Clouds,864,1.8,1029.8,71.8,0.6,2.8,5.3,40.4,1704137729,1704098220,medium_coat_scarf
Drizzle,310,26.7,1021.0,88.5,24.8,29.5,3.3,43.1,1704141697,1704095847,light_rain_jacket
Rain,507,17.9,1025.4,84.3,17.1,19.1,7.5,29.5,1704125739,1704092983,raincoat_umbrella
Rain,588,5.3,1004.2,98.6,3.5,7.2,7.0,90.8,1704133775,1704090703,raincoat_umbrella
Rain,509,11.4,1033.9,77.4,9.3,12.0,11.9,26.0,1704130072,1704092974,raincoat_umbrella
Clouds,865,18.7,1031.7,60.8,17.3,21.7,9.0,20.3,1704128818,1704099418,light_jacket_jeans
Rain,562,5.3,1030.0,78.1,3.4,8.1,13.2,38.9,1704138895,1704098644,raincoat_umbrella
Clear,813,38.0,1005.9,51.6,35.2,39.1,6.8,11.4,1704133512,1704097917,hot_summer
Rain,511,5.6,1015.4,75.4,4.5,7.8,8.1,27.8,1704127808,1704095298,raincoat_umbrella
Clear,822,-4.1,1005.5,42.0,-5.5,-3.1,1.7,18.1,1704127320,1704096748,warm_winter_coat
Snow,687,-18.4,983.0,58.1,-20.9,-15.6,1.9,49.1,1704137547,1704089611,extreme_cold_gear
Clear,888,28.2,1014.6,66.6,26.3,30.3,0.9,8.2,1704128515,1704097761,hot_summer
Rain,556,8.6,1031.9,80.4,6.4,10.3,6.6,76.7,1704129608,1704094283,raincoat_umbrella
Clear,841,27.2,1010.4,72.4,26.5,28.3,4.5,1.0,1704138111,1704094674,tshirt_shorts
Clouds,846,25.8,1033.7,76.3,22.9,27.5,8.1,1.2,1704127089,1704097420,tshirt_shorts
Clouds,898,15.4,981.6,56.2,12.9,16.0,13.1,36.3,1704136596,1704096407,windproof_jacket
Snow,630,-9.5,980.8,97.6,-12.4,-7.7,7.9,22.5,1704130472,1704092676,winter_wet_gear
Clear,887,-25.2,1006.3,32.4,-28.0,-22.9,17.6,18.6,1704133441,1704097402,extreme_cold_gear
Snow,659,3.6,1039.9,76.5,2.5,5.8,3.4,20.0,1704140798,1704090539,medium_coat_scarf
Clear,834,20.1,1034.5,58.6,19.4,20.8,0.2,15.6,1704141724,1704092941,tshirt_shorts
Clear,810,35.1,983.9,49.2,33.2,37.0,5.1,17.4,1704136976,1704095317,hot_summer
Drizzle,344,26.0,1007.9,82.0,24.6,28.4,8.5,64.7,1704137748,1704091545,light_rain_jacket
Snow,635,-26.6,1022.2,34.2,-28.8,-24.3,2.3,99.2,1704140802,1704097253,extreme_cold_gear
Snow,685,0.5,1002.3,65.1,-0.6,1.5,5.1,11.3,1704142196,1704098994,medium_coat_scarf
Clouds,888,13.0,981.9,47.8,11.5,14.4,16.8,16.1,1704128945,1704091811,windproof_jacket
Clouds,898,26.1,1008.1,47.1,25.2,28.9,3.8,41.9,1704133464,1704097033,tshirt_shorts
Snow,650,-27.5,996.7,60.5,-29.0,-27.0,18.9,9.9,1704125690,1704094778,extreme_cold_gear
Snow,656,-5.0,988.8,89.0,-7.5,-2.4,7.1,66.5,1704132083,1704089037,winter_wet_gear
Clear,892,33.4,1019.9,60.2,30.6,34.5,2.8,23.9,1704127543,1704093112,hot_summer
Clouds,826,16.3,1010.3,46.0,13.4,18.0,21.4,90.5,1704138225,1704095114,windproof_jacket
Snow,648,-1.3,990.3,88.1,-3.7,1.4,10.9,81.6,1704140584,1704096469,winter_wet_gear
Clear,803,13.7,1006.3,69.8,12.6,16.1,10.0,28.8,1704133547,1704093325,light_jacket_jeans
Rain,543,26.3,1027.8,78.4,25.0,27.6,6.1,76.1,1704141605,1704095958,light_rain_jacket
Drizzle,315,-7.7,999.6,80.8,-8.8,-5.1,13.6,72.2,1704138411,1704096119,winter_wet_gear
Drizzle,305,25.3,1010.2,78.6,22.4,28.1,9.4,67.9,1704127783,1704095763,light_rain_jacket
Rain,574,19.8,1012.0,78.9,18.9,20.8,11.6,29.4,1704140512,1704098070,raincoat_umbrella
Drizzle,317,-4.4,988.4,83.5,-6.9,-3.0,5.1,72.8,1704141694,1704088865,winter_wet_gear
Snow,657,-1.2,1009.0,51.0,-2.8,0.5,10.7,57.2,1704141851,1704098609,warm_winter_coat
Rain,510,15.2,1032.3,97.0,14.3,15.8,3.4,69.8,1704141283,1704091607,raincoat_umbrella
Clear,805,36.6,1011.9,65.8,34.9,38.4,4.1,3.2,1704129646,1704091418,hot_summer
Clear,842,29.8,1034.6,41.9,28.1,30.6,0.7,0.2,1704141469,1704092122,hot_summer
Clouds,878,25.7,1008.5,75.6,24.1,28.4,6.5,85.5,1704127118,1704091949,tshirt_shorts
Rain,532,17.3,1009.1,79.3,15.0,19.2,11.6,18.7,1704136438,1704089128,raincoat_umbrella
Snow,612,-23.5,1003.7,55.7,-24.4,-22.8,13.8,52.4,1704138401,1704090606,extreme_cold_gear
Clear,836,-12.6,1005.6,55.9,-13.6,-10.1,9.7,21.6,1704129506,1704091957,extreme_cold_gear
Clear,871,-22.1,988.5,34.5,-23.6,-19.4,14.4,26.1,1704132962,1704094399,extreme_cold_gear
Clouds,894,6.8,980.4,75.7,5.0,8.7,1.1,15.4,1704126101,1704090027,medium_coat_scarf
Snow,680,-0.7,1026.4,81.4,-1.8,1.7,13.2,38.2,1704129372,1704095254,winter_wet_gear
Clouds,857,12.4,1020.5,45.4,11.1,15.4,16.8,35.1,1704134049,1704096563,windproof_jacket
Clouds,843,9.2,1001.7,55.7,7.1,10.2,24.5,29.5,1704127601,1704094804,windproof_jacket
Drizzle,383,-7.2,1023.1,84.1,-10.1,-6.0,11.5,2.8,1704134014,1704098601,winter_wet_gear
Clear,882,33.3,1022.4,49.6,32.2,36.0,6.8,14.7,1704128780,1704095031,hot_summer
Snow,688,-7.1,1011.2,83.2,-8.4,-5.3,8.4,63.0,1704128591,1704099493,winter_wet_gear
Clear,847,29.8,1008.6,43.0,28.3,31.4,5.9,11.3,1704140857,1704097278,hot_summer
Clear,887,-19.3,1024.7,32.2,-21.3,-17.5,5.4,11.6,1704130326,1704098603,extreme_cold_gear
Clouds,863,14.9,984.4,65.7,12.0,16.1,13.9,1.2,1704131901,1704093762,windproof_jacket
Clear,819,-25.9,992.6,52.1,-27.7,-24.9,14.5,12.9,1704140385,1704093949,extreme_cold_gear
Clear,883,19.0,1010.3,59.1,16.3,20.9,5.9,26.8,1704132060,1704091195,light_jacket_jeans
Rain,550,15.1,1038.9,79.1,13.4,17.4,10.4,7.4,1704138808,1704089296,raincoat_umbrella
Clear,814,-23.0,1016.4,69.7,-23.8,-20.7,13.7,27.9,1704127254,1704090067,extreme_cold_gear
Drizzle,336,-9.4,999.1,96.5,-11.2,-8.5,12.7,53.2,1704139996,1704090373,winter_wet_gear
Snow,683,-17.2,1020.4,67.3,-18.2,-15.5,1.4,13.9,1704141938,1704099378,extreme_cold_gear
Clear,867,4.0,1006.0,73.1,2.0,5.8,2.7,20.9,1704138336,1704093497,medium_coat_scarf
Clouds,819,15.6,1001.2,44.6,14.0,17.7,14.1,26.4,1704125815,1704093515,windproof_jacket
Drizzle,301,27.3,993.4,92.7,25.8,30.1,9.0,73.0,1704127342,1704091116,light_rain_jacket
Rain,540,14.8,1037.9,83.3,13.1,16.9,9.2,21.6,1704125583,1704090290,raincoat_umbrella
Clouds,832,13.4,1022.0,68.5,12.7,15.5,5.9,58.4,1704131472,1704096222,light_jacket_jeans
Snow,644,-8.0,985.2,79.3,-8.5,-6.8,13.4,41.3,1704128451,1704096434,winter_wet_gear
Snow,622,2.0,1038.5,66.5,-0.4,4.0,4.0,47.4,1704134572,1704089818,medium_coat_scarf
Rain,589,19.9,1025.7,84.4,19.3,20.9,14.4,16.8,1704136170,1704097210,raincoat_umbrella
Clear,896,-1.2,995.2,40.5,-1.9,1.4,3.3,7.9,1704139734,1704090522,warm_winter_coat
Drizzle,389,25.7,1036.1,85.6,24.5,27.2,4.3,49.2,1704129392,1704088981,light_rain_jacket
Rain,536,18.2,1032.7,98.9,16.9,19.0,7.7,76.3,1704127256,1704096172,raincoat_umbrella
Clear,890,17.8,1034.7,71.5,16.7,18.7,7.9,13.6,1704137629,1704093119,light_jacket_jeans
Clouds,873,17.0,1016.1,45.8,14.3,19.1,18.6,81.9,1704133462,1704089179,windproof_jacket
Drizzle,354,-5.8,1003.6,91.5,-8.7,-4.7,4.0,10.7,1704132332,1704099526,winter_wet_gear
Rain,509,19.8,992.9,86.3,18.1,21.2,4.5,26.8,1704127796,1704093714,raincoat_umbrella
Clouds,898,14.2,1007.0,63.9,12.9,16.6,12.0,87.1,1704127539,1704095902,windproof_jacket
Clear,808,38.1,1015.3,45.4,36.7,39.4,4.6,5.5,1704125235,1704089082,hot_summer
Snow,606,9.1,997.2,59.3,6.1,10.0,6.7,11.1,1704139954,1704090835,medium_coat_scarf
Clear,845,-22.0,1015.8,72.5,-24.9,-20.0,5.4,25.9,1704139929,1704094416,extreme_cold_gear
Drizzle,317,26.2,999.1,72.8,23.8,27.7,4.9,84.0,1704131900,1704095976,light_rain_jacket
Drizzle,342,10.8,1026.5,75.4,8.7,12.0,9.1,12.5,1704129126,1704097010,light_jacket_jeans
Drizzle,311,14.7,988.5,73.7,14.0,17.1,11.3,39.6,1704137524,1704093635,light_jacket_jeans
Clear,845,28.4,1036.5,53.1,26.9,30.4,4.9,6.8,1704141029,1704096957,tshirt_shorts
Clear,820,32.8,1029.6,43.1,32.0,34.7,0.1,24.0,1704126936,1704093811,hot_summer
Clear,874,7.7,1003.3,62.4,5.8,9.0,8.1,19.9,1704139746,1704093691,medium_coat_scarf
Clouds,844,14.6,1034.1,83.4,13.6,16.4,5.1,22.9,1704125597,1704096063,light_jacket_jeans
Drizzle,314,-3.6,1002.0,85.8,-5.5,-1.3,14.2,83.4,1704138281,1704090621,winter_wet_gear
Clear,862,6.1,999.7,62.9,4.0,8.2,9.1,2.0,1704128963,1704099481,medium_coat_scarf
Rain,546,11.7,981.6,93.8,10.0,14.5,11.6,17.9,1704136119,1704092494,raincoat_umbrella
Clouds,873,8.5,1015.7,46.0,7.8,9.6,15.8,81.0,1704128100,1704092863,windproof_jacket
Clouds,889,26.1,1015.4,46.7,25.5,26.7,5.3,29.8,1704138104,1704089084,tshirt_shorts
Clear,870,39.7,991.8,43.3,38.5,40.7,3.9,18.3,1704124899,1704094378,hot_summer
Clear,844,33.7,1025.2,56.5,30.9,36.2,6.0,17.3,1704125800,1704096976,hot_summer
Snow,661,-17.6,1029.9,79.8,-20.1,-15.7,18.5,50.1,1704128823,1704093751,extreme_cold_gear
Rain,546,11.1,1021.1,97.6,9.7,12.4,5.7,14.2,1704132503,1704098919,raincoat_umbrella
Rain,545,6.6,1019.1,83.0,4.2,8.4,12.9,16.9,1704131318,1704094337,raincoat_umbrella
Clear,869,29.1,1034.2,50.5,27.7,31.1,7.3,4.7,1704142224,1704090521,hot_summer
Clouds,813,22.4,1013.1,48.7,20.2,24.6,1.4,60.5,1704130745,1704091957,tshirt_shorts
Clear,880,34.8,1007.1,66.7,32.8,36.5,6.4,21.6,1704133150,1704090877,hot_summer
Clouds,813,26.0,987.1,65.8,23.7,27.9,7.6,83.3,1704137405,1704098409,tshirt_shorts
Clouds,820,14.9,1012.7,65.7,14.0,17.4,7.2,33.2,1704133905,1704093119,light_jacket_jeans
Rain,541,18.9,1029.3,75.4,18.1,21.5,8.9,19.2,1704140479,1704090723,light_rain_jacket
Rain,531,22.8,988.0,94.1,21.8,25.1,2.9,34.9,1704126418,1704099025,light_rain_jacket
Rain,560,18.6,1017.8,72.3,15.9,20.9,7.1,19.3,1704129270,1704092046,light_rain_jacket
Rain,585,17.3,1038.9,85.3,14.4,18.1,7.2,92.7,1704130716,1704098425,raincoat_umbrella
Clouds,875,11.5,999.1,68.4,9.0,12.2,10.6,42.5,1704130400,1704098082,light_jacket_jeans
Clear,870,15.8,1028.5,66.3,13.7,18.8,7.4,18.4,1704131645,1704095478,light_jacket_jeans
Clear,861,36.6,1021.7,48.5,33.9,37.8,7.4,21.9,1704128314,1704097516,hot_summer
Clouds,883,9.4,1005.5,57.9,7.1,11.9,20.4,69.2,1704139049,1704094224,windproof_jacket
Rain,576,20.4,1007.1,75.9,18.1,22.4,6.1,72.7,1704139961,1704095183,light_rain_jacket
Clouds,888,9.1,1010.4,46.4,8.3,10.6,23.1,98.3,1704134090,1704092384,windproof_jacket
Clouds,856,17.6,989.0,72.8,16.7,19.9,7.1,33.0,1704137438,1704090530,light_jacket_jeans
Drizzle,374,-0.6,1031.7,83.3,-2.7,1.8,12.2,7.1,1704135047,1704093487,winter_wet_gear
Clear,814,-26.2,1005.5,41.7,-29.0,-24.8,18.1,7.1,1704134469,1704096613,extreme_cold_gear
Snow,675,-20.6,1000.2,46.1,-23.0,-20.0,18.2,77.5,1704135111,1704090718,extreme_cold_gear
Rain,524,23.4,1022.1,81.3,22.8,26.0,9.5,68.2,1704130180,1704097367,light_rain_jacket
Clouds,845,10.5,1035.7,62.9,8.0,12.1,14.3,15.0,1704132042,1704090808,windproof_jacket
Clear,855,26.9,1034.1,78.9,25.4,29.5,0.8,3.8,1704133914,1704098587,tshirt_shorts
Rain,512,5.9,991.9,77.7,3.1,8.6,12.4,2.9,1704138843,1704091159,raincoat_umbrella
Clear,871,13.3,984.4,69.8,11.7,16.0,6.0,10.9,1704131626,1704092304,light_jacket_jeans
Rain,537,10.3,1021.4,95.2,7.5,11.3,11.8,2.2,1704125912,1704095593,raincoat_umbrella
Clouds,875,1.8,1035.3,62.6,-1.1,2.4,1.7,62.4,1704131640,1704090689,medium_coat_scarf
Rain,557,19.8,1023.5,74.8,18.4,22.5,7.2,73.7,1704132694,1704094675,light_rain_jacket
Snow,638,-3.1,997.1,58.3,-5.4,-1.6,9.6,67.7,1704131209,1704099480,warm_winter_coat
Rain,583,12.4,986.1,89.9,9.6,15.0,9.7,42.2,1704135101,1704095180,raincoat_umbrella
Drizzle,360,10.4,1039.4,73.7,9.2,12.6,4.1,53.4,1704139564,1704091772,light_jacket_jeans
Drizzle,305,-9.3,991.7,84.4,-10.8,-8.2,7.8,38.5,1704125355,1704095703,winter_wet_gear
Clear,895,25.9,987.3,68.3,24.2,27.6,8.3,24.3,1704133965,1704093378,tshirt_shorts
Clouds,826,15.4,1002.1,56.5,14.3,17.8,19.3,11.7,1704124840,1704091731,windproof_jacket
Clouds,825,25.3,1004.7,72.9,24.6,27.8,9.8,76.3,1704125509,1704092811,tshirt_shorts
Clear,832,23.4,1013.5,66.3,22.5,24.6,7.2,1.7,1704136921,1704091852,tshirt_shorts
Clear,896,-20.3,1035.5,69.4,-22.4,-17.4,0.3,12.2,1704131319,1704098332,extreme_cold_gear
Rain,517,7.9,1006.9,94.4,5.7,10.2,6.1,15.2,1704138925,1704092706,raincoat_umbrella
Clear,858,36.2,1029.4,36.5,33.9,38.3,7.3,28.5,1704141589,1704093317,hot_summer
Clouds,852,10.9,998.1,49.1,7.9,11.5,19.2,63.1,1704128023,1704090622,windproof_jacket
Snow,680,-1.3,982.1,83.0,-2.1,0.2,8.0,79.0,1704141319,1704099500,winter_wet_gear
Rain,548,19.9,1001.6,71.2,18.1,21.1,9.9,22.1,1704135894,1704091315,light_rain_jacket
Clear,838,21.8,1026.4,65.1,19.5,24.0,6.4,12.1,1704128672,1704099204,tshirt_shorts
Drizzle,334,23.3,986.3,88.1,21.1,24.5,5.0,65.4,1704136776,1704089180,light_rain_jacket
Drizzle,356,-0.8,1022.3,87.0,-3.5,0.3,11.5,17.8,1704134171,1704090858,winter_wet_gear
Clouds,837,9.8,996.5,54.0,8.1,10.9,8.3,86.1,1704139948,1704096465,medium_coat_scarf
Clouds,812,14.2,985.9,81.8,13.5,15.6,4.3,63.4,1704134655,1704093374,light_jacket_jeans
Clouds,837,21.2,990.6,49.3,19.4,21.9,9.0,68.2,1704134166,1704091880,tshirt_shorts
Snow,607,-8.2,1004.6,97.4,-10.0,-5.8,14.0,46.2,1704130715,1704090136,winter_wet_gear
Clouds,849,11.2,990.3,48.8,10.6,13.1,22.4,60.8,1704127965,1704089490,windproof_jacket
Rain,511,20.5,996.7,88.3,17.7,22.9,4.6,2.2,1704141772,1704093906,light_rain_jacket
Drizzle,353,-7.3,1010.8,92.9,-9.1,-6.2,6.8,42.2,1704135783,1704098357,winter_wet_gear
Clear,853,34.9,1024.8,47.7,32.5,36.2,2.8,26.8,1704127535,1704096839,hot_summer
Snow,652,-11.1,1006.6,78.0,-13.6,-8.5,3.8,27.9,1704136961,1704093867,extreme_cold_gear
Clouds,863,22.5,1009.6,55.2,21.2,23.9,7.8,88.9,1704133158,1704098398,tshirt_shorts
Clear,858,35.2,1035.2,69.8,34.5,36.2,3.5,10.4,1704128753,1704093321,hot_summer
Snow,673,-7.3,995.8,49.1,-9.4,-4.7,4.9,85.8,1704132630,1704098093,warm_winter_coat
Clouds,871,14.5,1014.0,44.3,13.7,15.8,17.1,5.0,1704140252,1704093793,windproof_jacket
Rain,551,24.5,1008.3,87.6,22.3,25.9,4.5,18.4,1704128636,1704096881,light_rain_jacket
Clouds,807,9.4,987.5,54.8,7.9,10.1,4.9,57.8,1704131559,1704097978,medium_coat_scarf
Snow,639,-4.5,1033.2,64.8,-7.4,-2.1,8.0,99.2,1704125437,1704096208,warm_winter_coat
Clear,833,32.7,1020.3,59.1,29.9,34.2,2.8,24.2,1704129586,1704097259,hot_summer
Clouds,858,15.0,1033.1,71.1,13.8,17.6,11.6,10.9,1704129756,1704097702,light_jacket_jeans
Clear,817,37.7,1006.0,48.4,36.8,39.3,4.4,1.3,1704125699,1704091059,hot_summer
Clear,846,24.5,981.2,69.9,21.7,26.0,2.8,16.2,1704142240,1704093337,tshirt_shorts
Clear,825,10.4,1015.9,84.2,9.4,11.6,11.9,9.9,1704133351,1704089341,light_jacket_jeans
Rain,537,20.2,981.8,88.8,19.4,21.1,2.8,83.7,1704139501,1704095351,light_rain_jacket
Snow,632,-21.6,1027.2,37.6,-24.6,-20.6,12.5,76.6,1704137987,1704098672,extreme_cold_gear
Clear,840,39.6,1002.5,52.9,38.2,40.4,1.1,23.9,1704140012,1704094813,hot_summer
Rain,520,12.4,1019.2,95.3,10.0,13.0,4.7,47.6,1704134821,1704095201,raincoat_umbrella
Clear,862,30.0,1015.8,62.9,28.9,30.8,6.2,10.1,1704135334,1704094305,hot_summer
Rain,546,18.0,982.6,79.7,15.2,20.6,8.4,4.0,1704134258,1704094522,raincoat_umbrella
Clear,864,-9.5,998.5,45.5,-12.4,-8.1,7.6,7.9,1704134416,1704094899,warm_winter_coat
Rain,587,12.4,1012.3,83.4,11.3,13.7,11.6,93.3,1704139307,1704092213,raincoat_umbrella
Snow,684,-0.2,1036.3,88.1,-2.7,2.1,6.6,98.4,1704130446,1704088822,winter_wet_gear
Rain,556,18.5,1013.2,70.2,17.6,21.2,8.3,72.0,1704140835,1704097151,light_rain_jacket
Drizzle,322,22.9,983.9,83.0,21.5,24.6,9.9,66.8,1704127684,1704091143,light_rain_jacket
Rain,590,23.8,1024.5,81.7,22.3,25.7,3.1,53.3,1704132503,1704091405,light_rain_jacket
Clear,845,34.6,1026.5,50.8,32.9,35.8,1.1,8.1,1704136132,1704090245,hot_summer
Rain,587,18.8,1039.7,74.0,17.0,21.6,9.6,79.8,1704141772,1704090008,light_rain_jacket
Drizzle,386,-1.9,1020.2,95.9,-3.9,-1.0,11.6,41.8,1704134057,1704095477,winter_wet_gear
Drizzle,373,16.3,981.2,75.1,14.2,17.0,6.3,64.6,1704141275,1704093791,light_jacket_jeans
Snow,669,-0.3,989.9,75.6,-2.6,0.9,9.3,24.5,1704131493,1704090741,winter_wet_gear
Clear,888,34.6,1014.6,53.8,32.1,36.5,7.0,10.4,1704134985,1704089656,hot_summer
Snow,621,-1.5,1034.5,88.5,-4.2,0.4,13.8,34.8,1704138736,1704093982,winter_wet_gear
Clear,823,-13.6,1019.6,69.9,-15.0,-11.4,7.0,11.2,1704134686,1704092950,extreme_cold_gear
Snow,683,8.4,988.3,79.5,5.5,10.6,4.4,56.7,1704130367,1704095303,medium_coat_scarf
Rain,570,6.6,1019.2,93.6,5.3,8.3,6.1,69.9,1704141852,1704093160,raincoat_umbrella
Snow,665,-10.2,1000.6,76.5,-12.9,-9.5,6.4,29.2,1704128153,1704095108,extreme_cold_gear
Clear,853,34.3,1034.4,55.6,33.6,35.9,2.7,17.6,1704139094,1704096968,hot_summer
Rain,592,13.6,1003.4,89.4,13.1,16.1,13.2,51.6,1704139497,1704091602,raincoat_umbrella
Snow,696,-0.8,997.0,75.5,-1.4,1.7,5.6,30.5,1704133398,1704088896,winter_wet_gear
Snow,664,7.5,1027.2,79.3,6.6,8.5,1.5,36.9,1704139368,1704098777,medium_coat_scarf
Drizzle,310,19.9,1003.1,75.6,17.1,22.2,3.5,20.0,1704140072,1704098496,light_rain_jacket
Drizzle,389,27.9,1032.1,80.0,25.0,28.5,9.9,8.2,1704135322,1704090764,light_rain_jacket
Drizzle,306,27.3,1025.4,85.3,25.3,29.5,4.1,69.8,1704134148,1704095426,light_rain_jacket
Clouds,863,0.0,1020.9,59.5,-1.1,0.7,1.8,21.2,1704125394,1704094025,medium_coat_scarf
Drizzle,392,20.2,1009.4,86.8,18.9,22.2,3.6,26.0,1704125016,1704089496,light_rain_jacket
Clouds,804,14.6,998.1,44.4,12.4,15.5,18.1,43.2,1704131944,1704088987,windproof_jacket
Rain,589,6.3,980.4,88.5,3.7,9.0,13.9,16.7,1704142648,1704096437,raincoat_umbrella
Clear,848,-2.7,987.6,46.1,-3.6,-0.4,4.8,24.4,1704127362,1704096438,warm_winter_coat
Clouds,889,23.8,1036.8,46.2,21.7,25.7,9.6,33.6,1704136094,1704097608,tshirt_shorts
Clouds,842,27.6,984.6,52.9,26.4,28.1,9.4,96.1,1704131261,1704093485,tshirt_shorts
Drizzle,341,10.6,1019.3,71.3,7.9,13.5,7.5,89.5,1704138701,1704099343,light_jacket_jeans
Snow,696,8.0,991.3,74.1,7.3,9.0,6.8,69.2,1704141140,1704095743,medium_coat_scarf
Clear,881,-11.1,986.0,54.5,-12.7,-9.2,14.4,6.6,1704129135,1704097499,extreme_cold_gear
Clouds,840,15.2,1009.2,54.3,14.4,17.7,21.9,55.6,1704130336,1704096987,windproof_jacket
Rain,572,25.4,1008.3,87.0,24.0,27.5,8.2,5.4,1704128313,1704095779,light_rain_jacket
Clear,848,32.4,986.8,35.4,31.5,33.6,4.1,28.0,1704131696,1704093191,hot_summer
Drizzle,392,-4.2,1021.7,88.9,-6.1,-1.5,8.0,51.3,1704135192,1704098090,winter_wet_gear
Snow,689,-5.4,1019.8,65.4,-6.1,-3.1,1.8,0.8,1704125871,1704093958,warm_winter_coat
Clear,839,24.1,1021.6,46.6,22.6,25.1,2.0,27.5,1704132990,1704091879,tshirt_shorts
Rain,594,23.9,1035.3,77.0,22.1,25.2,4.7,2.6,1704129260,1704092536,light_rain_jacket
Clear,808,30.5,1017.1,44.8,28.9,32.9,3.9,11.1,1704129343,1704089196,hot_summer
Snow,697,-21.6,988.5,70.5,-22.9,-19.8,8.8,48.9,1704136462,1704093024,extreme_cold_gear
Clear,864,15.4,1022.1,80.5,13.3,17.8,9.7,4.2,1704140869,1704094982,light_jacket_jeans
Drizzle,350,-2.5,986.4,87.5,-4.4,0.0,13.6,75.4,1704133477,1704092217,winter_wet_gear
Clouds,825,21.9,1009.3,48.2,20.0,24.7,1.9,79.8,1704137208,1704095674,tshirt_shorts
Snow,696,7.8,998.3,79.0,6.0,10.1,4.4,40.7,1704133137,1704098315,medium_coat_scarf
Drizzle,316,-3.6,996.6,94.0,-4.6,-1.2,12.4,38.5,1704131838,1704091723,winter_wet_gear
Clear,898,20.5,1027.0,48.8,18.2,21.9,7.1,13.7,1704131966,1704090527,tshirt_shorts
Rain,501,14.3,1011.4,85.5,13.3,16.0,13.5,3.6,1704128755,1704096335,raincoat_umbrella
Clear,803,2.5,1020.8,79.4,1.6,5.2,4.6,27.3,1704127816,1704096402,medium_coat_scarf
Clouds,864,8.9,1007.3,54.6,7.9,10.5,23.7,7.0,1704131861,1704091365,windproof_jacket
Snow,635,-19.7,987.5,64.3,-20.9,-17.3,15.5,79.9,1704137123,1704094995,extreme_cold_gear
Clear,805,15.3,1034.0,53.8,12.9,15.9,4.0,14.9,1704136936,1704093301,light_jacket_jeans
Clear,850,-7.7,980.5,59.3,-9.4,-5.1,9.7,8.3,1704127517,1704097428,warm_winter_coat
Clear,855,29.6,1003.3,51.1,28.9,30.5,8.7,3.6,1704133593,1704091498,tshirt_shorts
Drizzle,301,18.5,1005.0,82.9,17.5,20.0,2.3,1.8,1704126854,1704090006,light_rain_jacket
Rain,508,26.1,1034.2,70.8,23.9,28.6,2.3,12.4,1704134636,1704093636,light_rain_jacket
Rain,551,8.2,1029.2,86.2,5.6,10.3,14.7,84.7,1704131261,1704096834,raincoat_umbrella
Clear,809,29.5,1020.6,60.9,26.7,31.0,1.9,17.0,1704125144,1704089514,hot_summer
Clouds,857,15.2,1010.0,40.9,12.7,18.0,13.7,22.9,1704128992,1704088846,windproof_jacket
Clear,894,6.3,982.9,51.4,3.7,8.7,2.7,5.1,1704140948,1704092492,medium_coat_scarf
Drizzle,394,24.2,999.3,82.4,22.6,25.7,5.9,0.8,1704135815,1704093366,light_rain_jacket
Drizzle,308,25.9,1004.2,90.3,24.4,26.6,5.3,95.4,1704137587,1704090449,light_rain_jacket
Rain,500,18.9,1025.0,92.9,16.5,21.4,12.3,32.1,1704134461,1704094560,raincoat_umbrella
Drizzle,366,10.2,1017.8,58.7,7.8,11.7,6.4,17.2,1704126563,1704097628,light_jacket_jeans
Clear,819,38.9,988.6,45.9,37.3,40.9,2.4,4.5,1704141712,1704089670,hot_summer
Clear,897,28.5,1012.9,52.4,25.8,29.2,2.0,13.6,1704138332,1704091583,tshirt_shorts
Clouds,818,11.2,988.5,50.3,8.6,14.1,15.0,48.7,1704139616,1704090196,windproof_jacket
Snow,694,-15.1,984.4,34.0,-17.0,-14.6,2.0,54.6,1704138539,1704095892,extreme_cold_gear
Clear,821,25.7,1014.4,77.5,23.4,28.5,0.1,21.5,1704124805,1704088847,tshirt_shorts
Clouds,821,0.1,985.2,75.8,-2.3,1.9,9.5,27.9,1704131805,1704099051,medium_coat_scarf
Clear,845,31.4,989.8,41.2,29.0,34.2,1.3,8.6,1704128981,1704099330,hot_summer
Rain,560,19.2,1008.3,82.9,17.7,22.1,8.9,16.6,1704137595,1704099597,light_rain_jacket
Clouds,827,9.6,988.5,63.2,7.4,12.2,21.9,3.1,1704128450,1704096944,windproof_jacket
Clear,855,-21.0,989.6,36.4,-21.7,-18.3,5.5,27.0,1704136775,1704094501,extreme_cold_gear
Clear,823,6.5,1006.5,67.0,4.1,7.5,8.6,24.1,1704139828,1704093700,medium_coat_scarf
Drizzle,364,19.7,986.9,91.5,18.0,22.6,6.8,88.7,1704134318,1704091843,light_rain_jacket
Clear,846,-13.9,983.2,34.5,-16.1,-11.7,11.8,24.7,1704133721,1704097026,extreme_cold_gear
Clear,891,-29.9,999.2,39.7,-32.5,-28.0,12.7,12.3,1704133183,1704093108,extreme_cold_gear
Clear,834,-18.1,1012.6,31.7,-19.6,-15.8,14.2,28.8,1704125961,1704089601,extreme_cold_gear
Drizzle,364,27.4,1017.2,85.3,25.3,28.5,6.1,94.3,1704140635,1704095670,light_rain_jacket
Clear,856,34.5,1029.2,39.3,32.8,36.8,5.1,1.2,1704130339,1704091524,hot_summer
Clear,863,23.8,1031.4,76.9,21.1,24.6,0.4,6.9,1704140785,1704095066,tshirt_shorts
Clear,842,8.9,982.8,72.9,6.8,10.5,6.6,18.7,1704140242,1704095903,medium_coat_scarf
Drizzle,351,10.4,1015.1,54.5,9.5,12.4,3.1,24.3,1704130778,1704097022,light_jacket_jeans
Snow,660,-7.9,1020.4,84.6,-9.6,-5.1,14.9,44.2,1704130575,1704090921,winter_wet_gear
Snow,659,8.3,993.8,63.9,5.8,11.0,9.9,64.7,1704128279,1704092108,medium_coat_scarf
Clear,897,29.3,1003.0,56.1,27.6,30.1,8.9,22.1,1704132973,1704098821,tshirt_shorts
Drizzle,332,19.1,1024.7,72.3,18.4,21.4,9.2,5.3,1704137835,1704092799,light_rain_jacket
Drizzle,357,-1.6,1025.8,76.4,-3.7,0.6,9.9,78.0,1704132300,1704093920,winter_wet_gear
Drizzle,359,18.7,998.4,76.6,17.0,19.8,5.3,83.5,1704127051,1704099062,light_rain_jacket
Drizzle,306,15.1,1036.0,50.4,13.7,16.8,5.0,31.1,1704139356,1704094866,light_jacket_jeans
Clear,838,-7.9,1030.0,61.9,-10.3,-5.3,11.9,20.5,1704135006,1704093903,warm_winter_coat
Rain,533,13.0,996.2,85.2,10.0,15.1,10.9,34.9,1704139339,1704098227,raincoat_umbrella
Clear,892,36.1,1011.9,58.1,33.2,38.2,7.6,12.0,1704127076,1704092020,hot_summer
Snow,608,8.7,1001.3,64.3,7.2,9.5,4.4,27.6,1704134546,1704089503,medium_coat_scarf
Snow,665,-6.8,1004.2,89.0,-7.6,-3.9,7.1,7.2,1704124913,1704095388,winter_wet_gear
Rain,525,5.7,1025.8,82.1,4.4,6.8,10.5,1.0,1704136877,1704099586,raincoat_umbrella
Clear,839,38.9,995.4,55.3,38.4,40.4,5.8,21.6,1704127429,1704095568,hot_summer
Clouds,896,17.8,1018.6,63.6,16.9,18.8,21.7,34.8,1704136922,1704088868,windproof_jacket
Rain,566,14.4,1013.1,79.3,13.9,16.5,13.4,90.4,1704133891,1704093254,raincoat_umbrella
Clouds,818,13.7,999.1,51.5,10.7,14.4,20.1,38.5,1704125579,1704089936,windproof_jacket
Snow,686,-15.9,983.2,49.9,-17.2,-15.1,15.9,31.9,1704138795,1704096810,extreme_cold_gear
Clouds,868,29.6,991.2,42.4,27.0,32.4,4.4,48.5,1704131170,1704095649,tshirt_shorts
Rain,566,18.9,1005.1,79.3,16.3,21.8,13.2,13.7,1704130263,1704091945,raincoat_umbrella
Rain,522,18.4,1022.8,79.4,17.8,19.5,9.4,39.6,1704134216,1704098539,raincoat_umbrella
Clear,876,26.8,995.0,75.9,24.3,27.4,1.4,16.3,1704132988,1704099427,tshirt_shorts
Clouds,850,5.8,1029.5,58.9,3.7,8.8,1.8,6.6,1704128762,1704089746,medium_coat_scarf
Rain,596,15.1,1003.6,93.2,12.7,16.3,13.4,70.7,1704140373,1704099256,raincoat_umbrella
Snow,666,-2.8,1019.1,86.0,-5.0,-0.4,10.7,82.4,1704133521,1704094811,winter_wet_gear
Clouds,854,0.4,992.7,80.0,-0.1,3.2,3.7,41.5,1704134188,1704091699,medium_coat_scarf
Clouds,867,12.3,1009.8,45.8,10.1,15.1,16.9,36.0,1704131203,1704092560,windproof_jacket
Clear,866,7.9,1003.9,65.3,5.4,8.9,2.1,2.3,1704128553,1704090575,medium_coat_scarf
Clear,855,-0.1,1037.9,60.8,-0.6,1.9,3.4,16.1,1704134296,1704089561,warm_winter_coat
Clear,890,25.7,1016.6,41.4,24.5,27.8,5.1,5.7,1704140244,1704093857,tshirt_shorts
Clear,853,3.4,1038.3,68.7,1.5,4.3,6.7,12.8,1704125449,1704094722,medium_coat_scarf
Clear,884,32.9,997.7,69.4,31.0,34.0,2.3,10.6,1704129582,1704098685,hot_summer
Drizzle,361,13.6,980.7,56.3,12.9,14.9,4.0,35.0,1704140900,1704095584,light_jacket_jeans
Clear,812,-1.0,986.1,68.7,-3.0,-0.1,8.9,18.6,1704130415,1704097157,warm_winter_coat
Drizzle,368,14.0,1034.9,58.5,11.9,14.9,10.9,41.9,1704136166,1704093497,light_jacket_jeans
Drizzle,335,-6.0,1004.0,99.9,-7.1,-3.6,4.2,83.2,1704127996,1704092734,winter_wet_gear
Drizzle,335,-6.9,1006.7,88.0,-8.5,-5.9,3.7,73.3,1704131899,1704097462,winter_wet_gear
Clouds,821,11.4,1000.9,51.4,9.9,11.9,2.6,62.1,1704132758,1704093946,light_jacket_jeans
Clouds,822,9.6,1005.2,42.3,7.8,12.0,14.5,88.8,1704126707,1704090680,windproof_jacket
Clouds,891,9.0,1030.3,68.0,7.8,10.4,6.3,66.8,1704133153,1704090668,medium_coat_scarf
Drizzle,396,-3.8,1029.0,91.4,-6.3,-1.6,13.6,14.1,1704139980,1704097742,winter_wet_gear
Rain,599,11.3,986.5,93.6,8.8,12.5,7.9,17.3,1704141528,1704091655,raincoat_umbrella
Clear,896,-13.3,993.3,47.4,-14.6,-12.0,0.2,24.4,1704129744,1704093656,extreme_cold_gear
Snow,699,-9.9,1004.9,88.1,-11.5,-8.6,7.9,50.4,1704133797,1704090039,winter_wet_gear
Clear,886,-10.8,1024.7,60.1,-12.5,-10.2,6.1,8.7,1704142017,1704097942,extreme_cold_gear
Clouds,856,15.7,1018.2,57.4,15.2,16.5,17.2,73.3,1704128974,1704089820,windproof_jacket
Clear,877,23.0,1004.1,46.4,21.0,25.3,4.4,17.3,1704126686,1704094306,tshirt_shorts
Drizzle,306,-3.8,993.2,87.1,-4.6,-1.2,11.5,10.3,1704139459,1704098654,winter_wet_gear
Clouds,800,15.1,1019.8,54.2,14.1,16.7,15.5,37.1,1704133364,1704097043,windproof_jacket
Clouds,832,8.7,1004.9,45.8,7.7,11.6,23.6,47.7,1704124836,1704098768,windproof_jacket
Clouds,852,10.8,981.3,71.6,9.1,13.1,10.5,6.6,1704129689,1704090503,light_jacket_jeans
Clear,892,23.8,1008.5,76.1,22.3,25.4,0.2,27.9,1704133132,1704095048,tshirt_shorts
Snow,684,8.9,986.2,53.3,5.9,9.6,7.9,37.9,1704130805,1704089047,medium_coat_scarf
Drizzle,356,25.3,1034.7,88.8,24.7,27.4,3.5,41.4,1704127067,1704095323,light_rain_jacket
Clouds,881,9.5,988.8,55.4,8.1,12.3,19.5,75.6,1704127496,1704092986,windproof_jacket
Rain,557,15.8,1027.2,96.9,13.0,16.9,13.1,1.4,1704128345,1704098390,raincoat_umbrella
Rain,551,7.9,1028.3,78.1,7.4,9.4,10.6,96.4,1704139714,1704096727,raincoat_umbrella
Clouds,816,14.6,1029.8,70.6,13.1,17.1,7.1,23.1,1704132038,1704094503,light_jacket_jeans
Clear,827,-5.1,980.1,69.4,-7.2,-2.5,10.0,12.4,1704136108,1704089328,warm_winter_coat
Clouds,802,25.9,1028.8,69.4,23.9,26.8,5.1,72.2,1704141646,1704097828,tshirt_shorts
Snow,615,-1.0,989.8,81.9,-1.6,0.7,12.0,88.3,1704136028,1704093349,winter_wet_gear
Snow,609,-1.2,1026.3,64.0,-2.4,1.3,10.5,28.6,1704126791,1704090794,warm_winter_coat
Clouds,893,8.4,989.3,59.3,5.5,10.5,19.1,54.8,1704139695,1704093650,windproof_jacket
Clouds,847,7.3,1006.1,73.2,5.3,9.8,7.9,15.8,1704132947,1704098651,medium_coat_scarf
Snow,657,8.4,992.4,71.4,6.8,10.2,8.8,28.7,1704131662,1704091523,medium_coat_scarf
Clear,899,30.8,1019.3,32.0,27.9,32.3,2.1,16.0,1704133607,1704096293,hot_summer
Drizzle,313,10.1,994.4,55.5,8.1,11.2,10.8,97.0,1704128743,1704094169,light_jacket_jeans
Drizzle,361,25.3,997.2,78.9,23.9,26.1,3.3,93.3,1704128048,1704089693,light_rain_jacket
Snow,662,-17.8,997.5,75.8,-20.6,-15.3,10.6,40.6,1704134953,1704097474,extreme_cold_gear
Clear,821,15.4,1034.2,79.0,12.6,17.9,4.7,30.0,1704135127,1704097573,light_jacket_jeans
Clear,898,29.4,1014.5,79.9,27.5,30.3,2.8,13.5,1704141172,1704098046,tshirt_shorts
Rain,578,12.1,1029.2,94.2,9.8,13.3,13.3,41.6,1704136967,1704089400,raincoat_umbrella
Clouds,845,9.7,993.4,63.8,7.2,11.8,16.1,97.0,1704142644,1704096328,windproof_jacket
Clouds,822,9.7,1034.1,41.6,9.0,11.7,13.4,28.0,1704126060,1704089613,windproof_jacket
Rain,588,27.6,987.9,86.0,24.8,29.5,8.5,68.3,1704134283,1704090817,light_rain_jacket
Drizzle,381,-9.4,1023.3,95.0,-12.3,-7.9,11.7,73.6,1704128116,1704098105,winter_wet_gear
Clear,827,37.4,1038.1,44.0,34.5,40.3,0.5,26.5,1704131932,1704090678,hot_summer
Clear,858,35.8,1000.0,51.3,32.8,38.0,2.6,20.1,1704137951,1704094824,hot_summer
Snow,669,-29.1,993.2,36.0,-29.7,-26.5,9.6,64.8,1704142243,1704096118,extreme_cold_gear
Snow,683,-0.6,986.5,92.4,-1.3,0.3,4.9,87.7,1704128219,1704095244,winter_wet_gear
Snow,637,8.8,1033.0,54.5,7.2,10.2,6.2,22.1,1704132423,1704089763,medium_coat_scarf
Snow,676,-15.7,1014.2,45.2,-18.0,-15.1,6.6,79.8,1704140664,1704097281,extreme_cold_gear
Clouds,817,13.7,1012.2,42.2,10.7,14.6,21.1,57.3,1704133057,1704095893,windproof_jacket
Clouds,844,22.9,1021.9,77.5,21.3,24.8,8.3,8.2,1704132868,1704090824,tshirt_shorts
Clear,801,-16.3,1016.7,78.2,-19.2,-15.2,17.8,2.6,1704127326,1704092696,extreme_cold_gear
Clear,899,27.4,995.2,67.7,25.0,30.1,2.5,18.9,1704142167,1704098003,tshirt_shorts
Drizzle,304,-1.2,1018.0,85.4,-3.1,-0.6,14.0,47.6,1704130064,1704097521,winter_wet_gear
Clear,866,-2.1,1035.8,40.1,-3.6,0.7,4.8,22.8,1704125746,1704098528,warm_winter_coat
Snow,698,-26.4,1001.7,37.6,-28.4,-23.9,5.7,55.3,1704128548,1704089592,extreme_cold_gear
Clear,877,22.5,1019.2,50.4,21.6,23.7,4.9,3.6,1704131948,1704099316,tshirt_shorts
Clear,876,-12.4,997.4,79.5,-14.2,-10.6,13.7,17.0,1704128301,1704089649,extreme_cold_gear
Rain,504,26.7,1028.3,90.4,25.5,27.6,4.1,41.3,1704132484,1704098616,light_rain_jacket
Clear,833,15.8,1029.1,68.1,15.1,18.6,6.1,5.5,1704142382,1704088840,light_jacket_jeans
Clouds,870,4.3,1038.9,79.0,3.1,6.8,3.5,81.9,1704134665,1704089337,medium_coat_scarf
Clear,847,-11.7,1015.2,72.4,-13.8,-9.6,5.1,3.2,1704132393,1704091650,extreme_cold_gear
Snow,616,-6.9,1016.2,41.3,-7.7,-5.1,8.3,91.0,1704133002,1704090428,warm_winter_coat
Clouds,891,10.7,1039.9,61.2,8.4,12.9,6.7,43.1,1704125853,1704091008,light_jacket_jeans
Snow,691,-1.6,1024.2,58.7,-3.5,0.6,10.9,5.5,1704139775,1704094641,warm_winter_coat
Clear,809,10.3,1024.6,52.3,8.3,11.6,2.8,4.1,1704128681,1704093739,light_jacket_jeans
Snow,642,-28.7,998.1,47.6,-29.7,-25.8,7.5,52.7,1704129508,1704098601,extreme_cold_gear
Rain,561,12.0,1004.6,89.5,11.1,14.1,11.5,73.6,1704140809,1704097724,raincoat_umbrella
Clouds,837,19.5,1037.0,84.5,17.2,21.6,6.2,3.5,1704133931,1704091494,light_jacket_jeans
Clouds,847,26.8,1006.8,53.6,26.2,28.5,5.7,65.9,1704130671,1704091996,tshirt_shorts
Drizzle,307,19.5,987.2,62.6,17.5,22.2,10.8,61.7,1704128218,1704088835,light_jacket_jeans
Clouds,859,8.0,981.1,57.3,6.1,8.9,15.9,86.0,1704129364,1704098144,windproof_jacket
Snow,639,-20.4,1027.5,36.1,-22.7,-19.9,18.6,78.1,1704138317,1704094249,extreme_cold_gear
Clear,879,-19.4,1018.4,61.3,-21.7,-16.9,14.3,7.0,1704130346,1704089206,extreme_cold_gear
Clouds,887,11.0,1005.8,55.4,8.9,13.4,16.1,73.9,1704139471,1704096500,windproof_jacket
Clear,811,-5.8,1031.9,48.8,-6.6,-5.0,3.8,4.7,1704125060,1704089600,warm_winter_coat
Clear,887,4.2,1027.5,55.4,2.4,6.9,5.4,18.2,1704140279,1704092181,medium_coat_scarf
Snow,611,-14.3,1036.9,64.7,-16.4,-13.6,10.3,19.7,1704137856,1704096068,extreme_cold_gear
Rain,593,6.1,1034.2,90.5,3.5,6.9,6.0,11.0,1704129031,1704089071,raincoat_umbrella
Drizzle,358,-7.7,1008.7,78.4,-9.6,-5.9,9.0,15.0,1704138465,1704098212,winter_wet_gear
Snow,658,-3.5,996.9,63.7,-5.7,-0.7,6.8,20.0,1704135091,1704091099,warm_winter_coat
Rain,521,16.6,1028.0,84.4,15.4,19.0,4.9,33.3,1704141269,1704098888,raincoat_umbrella
Clouds,870,27.8,1039.4,71.2,27.1,29.5,9.3,58.1,1704125299,1704097306,tshirt_shorts
Clear,844,38.8,1028.9,34.8,37.3,40.5,2.6,17.9,1704130920,1704098029,hot_summer
Clouds,897,14.0,1008.1,42.0,11.5,15.3,21.5,72.3,1704129493,1704094032,windproof_jacket
Clear,830,23.6,1014.3,71.9,21.1,24.4,5.2,25.6,1704132637,1704096510,tshirt_shorts
Clear,844,23.0,984.9,78.0,20.4,24.7,1.5,12.9,1704137934,1704097756,tshirt_shorts
Snow,623,1.2,1014.6,56.7,-1.5,3.0,10.0,58.6,1704132404,1704091195,medium_coat_scarf
Snow,644,-25.2,1003.1,63.7,-25.9,-23.8,16.5,71.8,1704141572,1704096172,extreme_cold_gear
Drizzle,304,27.6,1003.9,84.0,24.7,29.9,5.8,21.0,1704136161,1704094930,light_rain_jacket
Drizzle,346,27.6,1015.5,73.5,26.7,28.9,3.8,15.1,1704142123,1704099051,light_rain_jacket
Rain,557,25.4,1021.2,84.4,22.9,26.7,3.0,1.8,1704127760,1704090065,light_rain_jacket
Snow,673,-2.6,1007.7,73.8,-4.2,-1.1,5.5,61.5,1704139773,1704092478,warm_winter_coat
Snow,656,-19.4,996.1,52.7,-20.5,-18.1,18.2,43.4,1704136854,1704091489,extreme_cold_gear
Clear,863,23.0,1030.2,46.0,20.9,24.4,8.3,24.4,1704124953,1704092083,tshirt_shorts
Clear,829,-4.5,984.4,50.2,-6.2,-3.3,4.1,16.1,1704139532,1704099280,warm_winter_coat
Clear,893,34.3,981.0,69.0,31.7,35.1,1.0,23.1,1704125115,1704091668,hot_summer
Clear,895,-11.1,1037.4,40.9,-11.7,-9.9,9.9,5.4,1704136824,1704090488,extreme_cold_gear
Clear,814,4.7,988.2,79.6,3.4,7.6,5.7,8.4,1704132547,1704091651,medium_coat_scarf
Rain,578,18.8,1001.6,95.6,17.9,21.4,14.6,66.5,1704130667,1704090542,raincoat_umbrella
Clouds,881,14.2,1021.9,63.7,11.4,15.9,19.8,43.2,1704134249,1704094759,windproof_jacket
Clouds,815,12.5,1024.3,58.4,11.2,15.2,24.1,72.3,1704141580,1704099027,windproof_jacket
Clouds,813,12.1,988.3,84.8,11.2,12.9,7.7,27.2,1704133723,1704097409,light_jacket_jeans
Rain,503,22.9,1028.3,89.3,20.0,24.6,3.6,83.2,1704137436,1704092803,light_rain_jacket
Rain,594,6.7,993.0,91.2,5.0,7.4,8.4,35.3,1704136780,1704099142,raincoat_umbrella
Clouds,844,29.8,1008.4,44.5,27.3,32.5,2.1,96.9,1704142656,1704092404,tshirt_shorts
Clouds,807,15.6,1001.4,57.0,14.2,16.2,17.0,15.1,1704140941,1704094225,windproof_jacket
Clear,824,-11.5,1001.1,70.0,-12.3,-9.3,6.5,15.5,1704130536,1704095378,extreme_cold_gear
Drizzle,328,18.8,1037.2,76.9,16.6,19.5,5.7,56.9,1704134502,1704098275,light_rain_jacket
Clear,805,34.1,1030.3,49.3,32.4,34.8,3.1,4.4,1704135129,1704089568,hot_summer
Clear,801,-8.5,1016.9,63.3,-10.2,-6.9,4.1,19.3,1704129524,1704095079,warm_winter_coat
Clear,897,-14.5,998.0,75.8,-16.1,-12.7,2.1,5.7,1704140561,1704096589,extreme_cold_gear
Drizzle,325,24.3,1025.7,86.5,21.9,26.9,8.0,95.6,1704136638,1704094549,light_rain_jacket
Snow,644,-2.7,996.8,82.2,-5.2,-0.1,14.9,15.9,1704134539,1704093052,winter_wet_gear
Clear,877,-2.2,983.3,71.5,-3.7,0.2,8.8,16.5,1704137853,1704095182,warm_winter_coat
Clouds,858,26.0,1034.3,64.3,24.4,29.0,3.7,50.3,1704128011,1704094129,tshirt_shorts
Drizzle,313,25.7,1002.1,91.9,23.5,27.2,9.0,97.3,1704137168,1704093574,light_rain_jacket
Snow,656,-13.8,1017.7,43.3,-15.7,-11.0,16.0,11.9,1704136663,1704091931,extreme_cold_gear
Rain,543,19.3,995.4,76.4,17.7,21.7,9.0,74.5,1704132352,1704091309,light_rain_jacket
Snow,641,-3.7,1009.0,90.5,-5.9,-2.5,11.0,8.4,1704127856,1704089619,winter_wet_gear
Rain,503,21.3,1025.0,76.0,19.1,23.1,8.4,8.1,1704138111,1704090227,light_rain_jacket
Snow,663,-2.5,980.9,88.3,-5.1,-0.9,9.1,99.4,1704137297,1704089522,winter_wet_gear
Snow,633,1.1,991.1,58.1,-0.7,3.7,7.1,52.2,1704141305,1704095378,medium_coat_scarf
Snow,693,-14.2,989.1,68.6,-16.4,-13.1,0.3,36.4,1704133117,1704092286,extreme_cold_gear
Drizzle,337,-5.1,990.7,90.4,-7.0,-2.3,6.9,59.0,1704138721,1704095818,winter_wet_gear
Rain,577,24.8,1010.9,74.7,23.1,25.4,7.2,98.2,1704141312,1704091653,light_rain_jacket
Clear,859,-15.5,1036.6,55.3,-18.1,-13.8,8.2,8.3,1704125933,1704093570,extreme_cold_gear
Clear,888,28.2,1020.0,52.7,27.6,30.0,7.5,24.7,1704133781,1704093763,hot_summer
Rain,592,14.3,985.8,89.1,13.3,15.1,8.6,79.7,1704131975,1704095529,raincoat_umbrella
Snow,604,-10.0,1036.6,75.2,-12.8,-9.2,2.9,60.5,1704134579,1704089145,winter_wet_gear
Snow,609,-8.5,1030.8,96.1,-9.0,-7.0,7.3,42.5,1704132855,1704095389,winter_wet_gear
Clear,828,37.9,1004.3,39.4,37.1,38.4,5.2,17.9,1704129653,1704098623,hot_summer
Snow,674,-10.6,1016.5,63.0,-11.2,-9.7,14.9,56.5,1704136491,1704092895,extreme_cold_gear
Clear,837,39.9,1004.3,35.5,37.6,42.1,5.6,12.8,1704127111,1704099505,hot_summer
Clouds,815,2.3,984.9,57.6,0.2,5.2,6.4,5.9,1704132239,1704094021,medium_coat_scarf
Snow,627,-28.5,1031.9,48.1,-31.3,-27.5,4.9,60.8,1704131172,1704089681,extreme_cold_gear
Rain,577,14.9,1026.9,95.5,14.2,16.1,12.5,8.9,1704133807,1704089188,raincoat_umbrella
Clear,882,34.0,1018.2,37.3,31.7,35.4,4.6,16.7,1704132589,1704097063,hot_summer
Snow,686,9.6,1029.1,53.9,9.1,11.4,7.7,48.9,1704134926,1704090457,medium_coat_scarf
Clear,834,-17.0,1017.3,60.4,-19.7,-14.2,19.6,20.7,1704132968,1704090321,extreme_cold_gear
Snow,602,-12.8,1020.1,47.6,-13.4,-10.2,12.8,29.5,1704126518,1704094010,extreme_cold_gear
Rain,571,9.7,1034.8,86.3,7.8,11.1,7.6,23.4,1704134962,1704095961,raincoat_umbrella
Clouds,843,12.1,1032.7,62.4,11.4,14.8,12.0,70.6,1704136540,1704094062,windproof_jacket
Snow,641,-3.8,996.4,53.6,-5.0,-3.2,5.6,13.2,1704130649,1704091000,warm_winter_coat
Clear,820,-8.9,990.4,65.5,-11.5,-6.9,10.8,7.4,1704134931,1704095153,warm_winter_coat
Clear,882,32.0,1000.0,62.1,30.2,34.8,0.0,11.9,1704131045,1704092540,hot_summer
Drizzle,345,20.0,1014.7,72.9,18.7,20.7,3.8,25.6,1704127286,1704098435,light_rain_jacket
Clear,898,-18.5,1026.2,74.7,-21.1,-16.5,6.5,20.5,1704125690,1704093769,extreme_cold_gear
Snow,685,-11.6,1034.3,60.6,-13.5,-9.0,4.0,86.5,1704133101,1704089408,extreme_cold_gear
Snow,637,-2.1,1039.7,99.2,-4.3,0.5,8.1,95.7,1704141314,1704092002,winter_wet_gear
Clear,811,23.0,1020.1,56.4,21.6,23.7,0.2,25.4,1704129546,1704099457,tshirt_shorts
Drizzle,356,11.0,999.3,58.9,8.0,12.5,3.0,53.8,1704127802,1704091176,light_jacket_jeans
Clear,884,28.1,1029.1,46.1,25.5,28.6,1.9,10.1,1704129140,1704092124,hot_summer
Rain,543,11.2,985.9,77.0,9.4,12.9,10.6,60.6,1704136305,1704089528,raincoat_umbrella
Clear,824,34.7,1024.2,56.5,34.0,35.5,4.7,17.1,1704129749,1704095241,hot_summer
Drizzle,341,25.9,1025.2,89.9,23.9,28.3,2.1,85.3,1704133918,1704097182,light_rain_jacket
Clouds,844,13.8,1029.9,65.7,11.2,16.5,23.6,4.3,1704132293,1704089412,windproof_jacket
Drizzle,321,24.2,1011.3,94.5,21.5,25.2,5.2,25.7,1704139190,1704095393,light_rain_jacket
Drizzle,384,14.8,1013.5,78.5,13.4,15.6,6.5,0.3,1704133422,1704096248,light_jacket_jeans
Clouds,856,14.4,1007.0,67.8,12.0,15.3,6.2,89.5,1704142726,1704095391,light_jacket_jeans
Drizzle,347,21.3,1004.4,88.9,20.4,22.1,2.3,66.5,1704129958,1704093014,light_rain_jacket
Clouds,896,21.5,1036.6,58.0,20.8,23.3,2.8,88.4,1704132193,1704091230,tshirt_shorts
Snow,666,-7.2,991.6,78.5,-9.2,-5.3,12.7,90.7,1704125096,1704097178,winter_wet_gear
Clouds,837,8.1,1013.5,57.3,6.6,9.2,6.2,81.8,1704139793,1704098428,medium_coat_scarf
Clouds,816,9.4,1012.3,42.2,8.1,10.0,19.7,84.6,1704142245,1704093376,windproof_jacket
Drizzle,367,-5.6,1026.8,95.8,-7.5,-4.7,10.8,69.3,1704135731,1704097795,winter_wet_gear
Rain,569,15.4,980.1,84.0,13.4,17.2,6.9,6.4,1704139695,1704093495,raincoat_umbrella
Snow,650,-3.2,1026.1,58.5,-4.8,-1.0,4.0,21.2,1704140196,1704092452,warm_winter_coat
Clear,820,-26.0,1035.2,37.6,-28.8,-24.2,4.4,21.4,1704125419,1704088812,extreme_cold_gear
Snow,653,-9.3,1011.9,79.0,-11.4,-7.7,5.4,38.6,1704137644,1704097170,winter_wet_gear
Clear,889,-29.2,986.5,63.5,-30.6,-27.0,15.6,0.1,1704140631,1704098776,extreme_cold_gear
Clear,860,-26.1,1027.0,38.8,-27.8,-25.0,9.8,21.4,1704125837,1704091383,extreme_cold_gear
Clear,813,28.7,1004.9,57.7,27.2,30.5,1.1,16.5,1704127233,1704099562,hot_summer
Rain,573,20.0,1036.9,79.1,17.7,21.4,11.1,36.2,1704128432,1704092093,raincoat_umbrella
Clear,816,14.0,990.6,79.1,12.9,15.1,8.7,27.5,1704126705,1704097593,light_jacket_jeans
Clouds,887,16.4,1029.2,66.5,15.2,18.5,22.2,56.1,1704124896,1704093547,windproof_jacket
Rain,574,8.3,985.8,80.7,7.6,10.2,8.2,7.5,1704130085,1704093095,raincoat_umbrella
Clear,880,35.1,1017.4,66.5,32.8,35.9,1.7,18.9,1704141162,1704096530,hot_summer
Snow,687,-8.9,1016.6,47.5,-11.4,-7.1,8.8,35.6,1704138861,1704097379,warm_winter_coat
Clear,854,30.0,985.2,61.9,29.1,31.3,5.8,13.9,1704132005,1704088995,hot_summer
Clouds,829,13.7,1030.5,44.3,12.1,14.7,15.3,66.3,1704130413,1704088883,windproof_jacket
Rain,576,23.4,1021.9,76.0,21.3,25.8,9.4,95.9,1704138466,1704098418,light_rain_jacket
Clear,814,29.0,1036.4,51.5,26.4,30.0,2.5,24.3,1704125268,1704090347,tshirt_shorts
Rain,541,15.2,1009.2,79.6,12.4,16.7,6.7,60.7,1704142098,1704096393,raincoat_umbrella
Clear,814,32.1,1014.8,45.2,30.1,34.5,3.2,16.0,1704137726,1704097580,hot_summer
Clouds,841,7.9,1024.1,52.7,5.2,9.7,1.1,26.2,1704138710,1704093968,medium_coat_scarf
Clouds,802,15.2,1000.3,61.9,12.2,16.9,23.8,1.1,1704139424,1704097285,windproof_jacket
Clouds,870,18.2,1029.3,55.9,15.6,20.0,5.9,20.6,1704136723,1704092754,light_jacket_jeans
Snow,623,-4.8,1020.3,93.5,-6.9,-2.9,10.6,51.7,1704133893,1704095687,winter_wet_gear
Clouds,872,9.6,1006.6,51.6,7.9,10.9,19.3,59.3,1704129348,1704090348,windproof_jacket
Drizzle,340,19.0,1024.8,51.9,18.1,20.4,6.6,58.3,1704129504,1704092231,light_jacket_jeans
Rain,526,6.2,1028.7,94.4,5.6,9.1,7.7,51.3,1704135558,1704089693,raincoat_umbrella
Snow,637,-2.4,1016.8,86.8,-5.2,-1.2,8.9,9.4,1704140200,1704095515,winter_wet_gear
Drizzle,343,-2.5,1017.8,89.8,-5.3,0.0,10.9,48.1,1704132425,1704091076,winter_wet_gear
Drizzle,346,-0.0,998.2,82.8,-0.9,1.7,13.0,0.9,1704125833,1704097548,winter_wet_gear
Rain,525,21.3,1006.2,92.1,20.2,22.4,6.3,26.6,1704142530,1704097755,light_rain_jacket
Snow,682,-6.3,1023.5,69.1,-7.5,-5.3,2.9,88.8,1704128695,1704094335,warm_winter_coat
Drizzle,340,27.7,1038.1,72.0,25.8,28.4,4.1,44.5,1704125513,1704091867,light_rain_jacket
Clouds,846,18.4,1025.1,61.1,17.3,21.3,5.4,78.5,1704126033,1704089712,light_jacket_jeans
Clear,883,-1.3,1031.7,52.7,-3.3,1.6,11.5,27.1,1704141719,1704097543,warm_winter_coat
Rain,518,24.3,1034.6,85.4,23.4,25.6,2.6,46.1,1704131697,1704098155,light_rain_jacket
Clear,891,-6.6,1035.0,53.1,-7.3,-6.1,11.0,7.9,1704135034,1704093533,warm_winter_coat
Drizzle,378,18.1,1033.4,85.3,15.6,19.6,10.0,70.6,1704131435,1704092019,light_rain_jacket
Clouds,801,10.1,1010.3,52.4,8.9,10.8,18.9,92.1,1704128707,1704098696,windproof_jacket
Snow,636,-4.3,1016.9,67.4,-6.9,-1.4,2.0,29.2,1704137837,1704089402,warm_winter_coat
Clear,801,35.4,984.6,67.5,33.5,36.9,5.3,10.6,1704139464,1704097803,hot_summer
Clear,821,-5.6,996.5,68.4,-7.1,-4.4,3.0,2.3,1704129372,1704091639,warm_winter_coat
Clouds,811,6.6,1008.2,54.4,3.7,8.8,1.6,60.0,1704128662,1704095187,medium_coat_scarf
Clouds,839,12.4,989.6,56.9,11.9,14.4,16.2,74.7,1704128782,1704098138,windproof_jacket
Clear,883,33.5,987.1,42.1,31.3,35.3,7.5,28.0,1704133360,1704089152,hot_summer
Drizzle,311,11.2,1004.9,74.8,10.3,12.5,4.3,3.3,1704140992,1704092493,light_jacket_jeans
Clear,859,30.5,1015.0,31.1,27.8,33.0,1.5,12.6,1704129469,1704092491,hot_summer
Snow,668,-14.1,999.3,46.8,-16.2,-11.9,2.1,75.2,1704127652,1704089937,extreme_cold_gear
Rain,513,15.3,1013.7,96.9,12.9,16.3,11.0,71.0,1704126147,1704089984,raincoat_umbrella
Clouds,837,14.9,1011.2,72.2,12.5,16.0,3.0,57.8,1704135051,1704091967,light_jacket_jeans
Drizzle,348,22.5,1016.5,78.7,21.1,24.6,7.1,34.3,1704137733,1704094789,light_rain_jacket
Clouds,899,16.4,1020.6,43.0,13.5,18.4,20.2,55.8,1704135595,1704095653,windproof_jacket
Snow,652,-5.0,980.7,58.4,-7.1,-4.4,9.6,87.5,1704125511,1704090528,warm_winter_coat
Clear,864,-22.6,995.2,74.1,-24.2,-21.7,10.0,23.8,1704125292,1704099583,extreme_cold_gear
Rain,551,12.1,1015.3,91.6,10.3,15.0,14.5,6.5,1704135489,1704092983,raincoat_umbrella
Clear,823,-3.2,1014.6,73.1,-4.5,-1.8,10.8,6.3,1704138241,1704091923,warm_winter_coat
Clear,889,-3.7,1011.0,58.4,-5.5,-2.4,9.5,29.2,1704133619,1704093620,warm_winter_coat
Clear,814,9.3,992.3,62.9,7.2,10.8,9.3,20.8,1704132626,1704098502,medium_coat_scarf
Snow,677,-22.6,1008.6,43.5,-25.5,-21.7,16.2,29.3,1704126551,1704090333,extreme_cold_gear
Rain,514,14.0,1029.2,85.2,12.7,16.5,7.7,3.0,1704132221,1704098741,raincoat_umbrella
Clouds,815,28.5,1037.3,49.4,25.9,29.9,9.4,95.9,1704135038,1704089584,tshirt_shorts
Clear,831,-1.6,992.9,66.4,-3.0,1.1,8.5,21.2,1704128721,1704090954,warm_winter_coat
Clear,809,18.8,1007.5,79.0,16.2,20.6,8.5,28.0,1704135004,1704096380,light_jacket_jeans
Clear,822,28.5,1009.8,68.3,27.7,30.0,6.2,9.0,1704128599,1704089107,tshirt_shorts
Snow,643,-21.6,992.6,51.2,-23.8,-19.4,16.5,17.2,1704130816,1704098650,extreme_cold_gear
Clear,811,3.8,1038.1,65.5,2.1,4.8,2.2,1.0,1704136530,1704089430,medium_coat_scarf
Snow,625,-5.6,1025.7,87.4,-7.1,-3.7,12.6,32.8,1704140316,1704094757,winter_wet_gear
Snow,648,-22.4,1023.8,54.6,-23.2,-19.9,13.5,42.7,1704139212,1704096029,extreme_cold_gear
Drizzle,392,-8.0,989.6,99.9,-10.0,-5.6,5.0,69.7,1704128813,1704095859,winter_wet_gear
Drizzle,359,27.9,997.6,85.1,26.8,29.8,5.7,9.2,1704140602,1704096940,light_rain_jacket
Clear,822,-18.6,981.4,35.7,-21.2,-16.6,14.5,1.1,1704135629,1704090559,extreme_cold_gear
Rain,510,11.3,1018.4,86.2,10.6,14.3,4.3,21.1,1704127338,1704091711,raincoat_umbrella
Clouds,819,2.4,1013.2,68.0,1.4,4.7,2.7,70.6,1704142665,1704092684,medium_coat_scarf
Rain,540,22.7,982.7,82.0,21.4,24.3,7.2,7.9,1704136983,1704093443,light_rain_jacket
Clear,808,-12.1,996.6,61.0,-14.2,-9.7,4.6,24.0,1704139020,1704095034,extreme_cold_gear
Clear,857,17.5,988.3,51.3,15.6,18.7,10.0,6.7,1704135745,1704095942,light_jacket_jeans
Clouds,823,12.0,1004.3,62.5,10.3,13.3,18.0,36.6,1704125944,1704095411,windproof_jacket
Snow,629,-5.4,991.0,83.3,-7.8,-3.7,7.6,21.7,1704140954,1704094352,winter_wet_gear
Rain,508,9.9,1027.2,78.7,7.5,11.9,12.6,21.1,1704133832,1704089982,raincoat_umbrella
Clear,881,0.3,1005.9,61.1,-0.7,1.2,6.0,20.0,1704126631,1704092125,medium_coat_scarf
Clear,843,32.0,1015.5,56.8,29.5,34.8,1.7,27.4,1704124992,1704099367,hot_summer
Clear,820,-27.9,1037.5,79.5,-30.0,-25.9,12.4,26.9,1704134073,1704099520,extreme_cold_gear
Snow,667,-4.1,1011.3,47.3,-4.8,-1.9,3.6,77.6,1704139993,1704089913,warm_winter_coat
Snow,682,-4.1,1023.8,75.4,-6.9,-1.4,14.7,50.4,1704126890,1704092758,winter_wet_gear
Rain,522,24.3,1013.3,81.0,22.9,25.0,3.0,35.7,1704137867,1704099371,light_rain_jacket
Clouds,879,10.4,994.5,43.5,7.6,11.5,12.8,38.5,1704138014,1704092747,windproof_jacket
Clouds,840,9.6,1029.3,41.3,7.7,11.2,15.4,19.8,1704135930,1704092318,windproof_jacket
Snow,672,-5.3,980.2,94.1,-7.7,-4.7,10.3,12.2,1704140893,1704099127,winter_wet_gear
Drizzle,363,21.4,1002.8,88.2,18.7,22.3,4.4,36.7,1704140781,1704092919,light_rain_jacket
Snow,672,-2.4,987.2,41.9,-3.9,-1.8,8.0,75.1,1704135103,1704097757,warm_winter_coat
Clear,879,29.2,993.7,74.1,27.8,30.4,5.2,3.6,1704142195,1704094272,tshirt_shorts
Rain,570,5.6,1021.8,97.7,4.3,8.2,4.9,87.3,1704139096,1704092386,raincoat_umbrella
Rain,592,19.9,996.7,88.1,17.4,22.2,4.3,81.1,1704127611,1704098778,light_rain_jacket
Rain,577,14.0,983.6,97.8,13.5,16.4,4.7,53.5,1704133585,1704094264,raincoat_umbrella
Clouds,872,22.0,995.8,79.6,21.5,24.3,0.1,20.0,1704139062,1704096288,tshirt_shorts
Rain,595,8.7,1034.8,83.1,6.2,10.4,7.2,99.9,1704137354,1704088909,raincoat_umbrella
Drizzle,375,13.4,1016.6,56.9,11.2,14.5,5.3,36.7,1704131053,1704096370,light_jacket_jeans
Snow,634,-4.1,1009.5,70.7,-6.4,-2.5,4.1,8.7,1704127111,1704094527,warm_winter_coat
Clear,889,-3.8,1011.5,52.7,-4.5,-2.8,1.9,9.2,1704126624,1704095483,warm_winter_coat
Drizzle,336,-9.7,1032.0,75.3,-10.5,-7.0,4.3,52.3,1704125301,1704094943,winter_wet_gear
Clear,842,-0.9,1010.6,47.4,-1.4,0.7,3.6,19.2,1704140381,1704093109,warm_winter_coat
Drizzle,313,16.5,982.5,60.3,14.9,19.0,6.9,19.2,1704135354,1704093980,light_jacket_jeans
Snow,651,-24.8,993.2,68.8,-27.6,-23.6,0.5,52.1,1704142348,1704091101,extreme_cold_gear
Clouds,887,17.8,1007.7,49.1,15.2,18.5,17.2,25.3,1704134410,1704096411,windproof_jacket
Snow,653,8.8,987.2,61.4,7.3,10.9,6.0,25.2,1704141913,1704091826,medium_coat_scarf
Snow,682,-0.5,1026.7,66.4,-1.9,0.1,5.9,46.8,1704132340,1704098148,warm_winter_coat
Clouds,826,9.7,1034.8,62.6,7.8,10.4,17.4,64.4,1704137148,1704096688,windproof_jacket
Clear,822,19.5,1012.5,62.8,18.5,20.4,11.8,7.3,1704125194,1704093691,light_jacket_jeans
Snow,663,-7.8,984.9,59.7,-10.0,-5.0,7.0,93.2,1704133433,1704099411,warm_winter_coat
Drizzle,303,-2.5,996.0,75.2,-3.3,-1.8,5.1,54.3,1704130692,1704090704,winter_wet_gear
Snow,648,-12.9,983.4,30.4,-13.5,-10.9,4.7,49.9,1704131629,1704094829,extreme_cold_gear
Clear,810,28.6,989.8,56.7,25.9,31.4,6.9,24.4,1704141071,1704091665,hot_summer
Clouds,835,16.0,1008.8,60.1,13.2,16.9,14.5,60.3,1704127639,1704094366,windproof_jacket
Drizzle,316,22.3,991.4,77.2,19.6,24.7,3.0,0.1,1704124843,1704091161,light_rain_jacket
Drizzle,394,19.6,1032.2,86.2,16.6,21.1,3.2,6.6,1704141642,1704090642,light_rain_jacket
Rain,588,25.4,1019.6,86.7,24.1,28.2,8.2,8.0,1704133300,1704091212,light_rain_jacket
Drizzle,311,20.9,986.7,80.2,19.0,22.8,2.6,21.7,1704135308,1704095347,light_rain_jacket
Snow,623,-3.2,993.1,95.2,-6.1,-2.0,13.8,97.5,1704125644,1704095428,winter_wet_gear
Clouds,833,11.2,1038.3,67.2,10.2,13.6,21.6,89.3,1704139520,1704089324,windproof_jacket
Clear,884,26.4,1034.3,41.2,24.5,28.6,7.2,23.9,1704126431,1704099494,tshirt_shorts
Clouds,850,7.8,1035.3,70.3,6.8,10.8,6.6,19.3,1704133500,1704094774,medium_coat_scarf
Rain,588,21.6,997.2,72.2,18.9,23.4,3.4,46.3,1704132467,1704095840,light_rain_jacket
Drizzle,330,27.0,983.7,92.1,26.3,27.7,6.9,80.4,1704132566,1704092313,light_rain_jacket
Clear,833,38.6,1007.9,32.0,36.2,41.4,2.1,6.8,1704130958,1704093376,hot_summer
Rain,589,11.6,983.5,92.5,9.8,12.1,7.9,70.5,1704141357,1704095416,raincoat_umbrella
Drizzle,374,18.1,1023.5,79.3,15.8,19.3,3.3,41.5,1704127175,1704090224,light_rain_jacket
Clouds,871,17.5,980.8,53.9,15.3,19.4,17.4,5.1,1704126785,1704095015,windproof_jacket
Clear,891,30.3,981.5,58.9,29.4,33.2,2.2,19.4,1704141267,1704099102,hot_summer
Clouds,823,16.2,990.3,59.7,13.7,17.3,24.9,39.7,1704132497,1704090460,windproof_jacket
Rain,561,23.7,1019.7,82.6,21.4,25.2,7.9,5.7,1704142274,1704098961,light_rain_jacket
Clouds,899,15.4,999.3,73.2,13.2,17.1,4.8,33.5,1704135456,1704094390,light_jacket_jeans
Clouds,899,28.7,1033.2,75.5,28.1,31.4,0.1,27.1,1704135532,1704098129,tshirt_shorts
Clouds,806,14.3,1004.6,77.8,11.4,16.5,8.6,50.4,1704128017,1704098573,light_jacket_jeans
Clouds,800,22.5,1031.9,52.5,20.6,24.5,1.2,49.3,1704128265,1704093233,tshirt_shorts
Drizzle,318,19.1,1001.6,78.7,16.6,20.0,4.5,33.0,1704140248,1704097935,light_rain_jacket
Clear,881,-1.4,1023.2,60.5,-4.0,1.4,8.4,28.1,1704128667,1704092507,warm_winter_coat
Drizzle,304,20.9,1028.0,93.1,20.2,22.7,9.2,11.4,1704127018,1704097065,light_rain_jacket
Snow,684,3.0,1014.7,76.3,0.5,5.8,5.6,23.5,1704133671,1704097358,medium_coat_scarf
Clouds,827,26.8,1031.0,66.4,24.1,28.2,6.1,48.0,1704137375,1704098808,tshirt_shorts
Clear,838,-0.4,1028.3,47.1,-3.4,1.8,5.3,3.7,1704139884,1704098636,warm_winter_coat
Clear,813,18.8,1032.9,82.9,16.3,19.6,8.2,3.9,1704130628,1704093206,light_jacket_jeans
Clear,800,31.4,985.2,52.3,29.8,34.0,2.4,0.0,1704142785,1704094981,hot_summer
Clear,813,30.7,1005.0,42.3,29.7,32.2,4.4,4.8,1704140963,1704096978,hot_summer
Clouds,846,15.2,1026.0,40.5,14.5,17.8,20.3,33.5,1704131474,1704090331,windproof_jacket
Clouds,893,8.9,1005.5,57.8,6.0,10.5,19.5,83.0,1704133837,1704093726,windproof_jacket
Drizzle,387,13.8,1027.5,56.8,11.4,16.1,3.5,46.5,1704133985,1704090894,light_jacket_jeans
Clouds,828,28.6,987.1,52.4,27.9,29.7,9.7,95.8,1704137492,1704089303,tshirt_shorts
Clear,831,-5.5,1029.0,55.6,-6.7,-3.3,11.1,6.4,1704138590,1704094967,warm_winter_coat
Clouds,860,11.6,998.3,71.7,9.7,13.3,7.1,72.8,1704139241,1704096010,light_jacket_jeans
Clear,890,-17.3,1024.6,49.4,-19.4,-15.8,14.6,4.1,1704127640,1704098085,extreme_cold_gear
Clear,808,-27.4,991.2,77.6,-30.1,-26.4,7.3,22.1,1704140998,1704091515,extreme_cold_gear
Clouds,841,2.8,1020.7,74.3,0.3,5.6,9.0,43.1,1704140310,1704090594,medium_coat_scarf
Drizzle,394,19.0,1004.8,78.9,16.1,21.9,3.7,77.1,1704127650,1704098513,light_jacket_jeans
Rain,574,22.6,1024.0,83.4,19.8,24.4,3.9,82.9,1704139756,1704093277,light_rain_jacket
Drizzle,333,-8.0,1003.9,96.8,-8.5,-5.5,12.4,84.2,1704131634,1704096230,winter_wet_gear
Clouds,820,11.9,995.0,84.2,10.0,14.5,9.2,59.1,1704139770,1704096676,light_jacket_jeans
Clouds,892,14.2,992.3,59.5,11.5,16.9,19.6,50.6,1704137349,1704096908,windproof_jacket
Clear,852,36.5,1015.0,36.7,35.9,37.7,6.2,28.6,1704130138,1704095296,hot_summer
Clear,854,23.5,984.7,75.1,20.9,24.4,2.0,23.6,1704137161,1704098026,tshirt_shorts
Clear,870,17.8,1037.2,76.6,16.3,20.4,10.0,23.9,1704129798,1704094293,light_jacket_jeans
Rain,571,25.5,1027.7,86.0,24.9,28.0,3.7,88.2,1704142647,1704098010,light_rain_jacket
Clouds,802,12.9,1005.5,80.4,10.2,15.8,9.5,71.1,1704130655,1704099085,light_jacket_jeans
Clouds,889,21.1,992.7,73.8,19.8,24.0,7.4,14.5,1704133010,1704091573,tshirt_shorts
Clear,866,11.8,1036.2,81.3,9.3,12.5,7.6,5.3,1704136934,1704098338,light_jacket_jeans
Rain,505,12.6,1027.0,79.6,10.0,14.6,8.9,82.7,1704133980,1704098163,raincoat_umbrella
Clouds,859,25.9,1030.3,41.2,25.1,27.9,5.7,72.2,1704125470,1704096060,tshirt_shorts
Clouds,824,8.1,1017.5,69.7,5.5,10.0,18.2,36.0,1704136480,1704095958,windproof_jacket
Snow,637,8.7,1027.1,51.9,6.5,11.6,8.3,22.1,1704139447,1704096099,medium_coat_scarf
Snow,655,-8.0,1018.1,84.0,-10.6,-6.1,4.4,27.7,1704140875,1704092883,winter_wet_gear
Clear,835,28.9,1031.6,68.2,26.3,29.5,2.0,5.1,1704138649,1704094327,hot_summer
Snow,611,-19.0,1012.7,62.0,-20.4,-18.2,7.5,93.2,1704133892,1704096581,extreme_cold_gear
Clear,815,-7.9,1019.1,67.1,-10.1,-6.3,8.1,28.5,1704130893,1704091827,warm_winter_coat
Clear,823,-7.8,1021.4,72.0,-9.6,-7.0,11.7,13.3,1704142370,1704092724,warm_winter_coat
Clear,884,34.2,1031.5,41.6,33.2,35.0,3.8,9.1,1704138840,1704092016,hot_summer
Clear,823,-15.4,1019.8,34.2,-18.3,-14.0,15.1,18.2,1704135118,1704096177,extreme_cold_gear
Rain,587,6.8,998.7,98.0,5.0,7.6,11.0,79.3,1704130895,1704098352,raincoat_umbrella
Clouds,848,16.6,1029.9,48.4,15.0,19.1,14.6,32.6,1704132751,1704095664,windproof_jacket
Clouds,836,15.0,1015.6,54.6,14.3,17.1,14.5,54.5,1704129957,1704097085,windproof_jacket
Clear,836,21.7,983.5,79.0,19.7,23.9,4.9,28.1,1704139825,1704094471,tshirt_shorts
Clouds,802,15.2,1011.6,54.7,12.4,17.7,17.8,29.4,1704132596,1704097455,windproof_jacket
Drizzle,334,27.8,980.7,91.5,26.2,29.9,7.0,22.8,1704138988,1704096448,light_rain_jacket
Clear,826,30.1,1016.0,33.9,28.8,31.6,7.7,21.9,1704126545,1704091358,hot_summer
Clear,875,3.3,985.9,73.5,1.7,3.9,4.7,3.0,1704133685,1704094973,medium_coat_scarf
Clouds,860,11.2,1006.0,46.8,8.6,13.2,24.5,0.2,1704125342,1704090620,windproof_jacket
Drizzle,379,18.6,1033.6,52.2,16.5,19.6,4.2,12.2,1704131695,1704095343,light_jacket_jeans
Clouds,866,10.4,1005.0,65.3,8.3,12.7,3.2,83.9,1704141799,1704092570,light_jacket_jeans
Clear,882,-3.0,999.1,59.2,-4.2,-1.3,6.5,20.7,1704126411,1704098059,warm_winter_coat
Clear,869,-12.1,984.7,34.7,-14.8,-11.2,4.0,9.0,1704128691,1704091228,extreme_cold_gear
Drizzle,351,-4.4,982.0,94.1,-6.2,-3.1,4.2,45.5,1704135872,1704093795,winter_wet_gear
Clouds,828,17.3,1020.5,40.2,14.5,19.5,13.0,23.6,1704132275,1704092777,windproof_jacket
Snow,619,-27.4,989.4,60.0,-29.9,-24.5,8.6,80.8,1704129099,1704089723,extreme_cold_gear
Clouds,889,13.3,1001.3,79.8,12.4,13.8,7.0,54.4,1704135690,1704091830,light_jacket_jeans
Snow,640,-22.5,1029.6,72.5,-25.0,-21.1,3.5,77.5,1704137526,1704093901,extreme_cold_gear
Drizzle,357,13.8,1036.5,54.5,11.5,15.3,10.2,38.8,1704139856,1704094224,light_jacket_jeans
Clear,889,25.1,1026.8,64.2,22.1,26.0,0.1,24.6,1704132479,1704095221,tshirt_shorts
Rain,569,9.6,992.1,85.1,8.9,10.7,14.6,58.0,1704130246,1704097043,raincoat_umbrella
Drizzle,319,-3.7,1008.2,92.7,-4.2,-2.4,9.4,6.1,1704136451,1704097129,winter_wet_gear
Snow,607,-11.0,1001.2,55.7,-11.9,-9.6,5.5,64.0,1704135127,1704096645,extreme_cold_gear
Clear,812,-6.6,991.2,69.8,-7.4,-4.4,7.3,0.9,1704138885,1704097948,warm_winter_coat
Clouds,852,11.6,997.4,42.3,9.6,13.0,22.5,84.9,1704136418,1704095217,windproof_jacket
Drizzle,335,-2.6,1020.4,97.3,-3.6,-0.4,6.7,58.0,1704138910,1704091495,winter_wet_gear
Drizzle,327,24.2,991.9,74.7,22.4,25.0,8.4,0.5,1704127814,1704096340,light_rain_jacket
Drizzle,337,-6.5,1028.0,81.7,-8.5,-3.8,3.9,37.9,1704129445,1704094664,winter_wet_gear
Clear,883,17.4,992.9,73.9,14.7,18.3,10.5,22.6,1704142261,1704092545,light_jacket_jeans
Clear,885,39.9,991.7,65.6,37.5,41.6,3.0,14.7,1704139888,1704094018,hot_summer
Clouds,862,27.6,1011.9,62.5,25.1,30.0,1.2,35.7,1704125066,1704098634,tshirt_shorts
Clouds,884,13.7,1006.7,69.2,11.3,14.3,23.0,66.5,1704142521,1704095154,windproof_jacket
Clear,840,30.8,1016.5,67.7,29.7,31.7,5.2,15.4,1704128155,1704091181,hot_summer
Clear,827,16.4,1023.7,75.0,15.4,17.3,6.3,4.3,1704126168,1704098421,light_jacket_jeans
Snow,653,-9.1,1020.5,77.9,-11.6,-8.4,13.6,67.9,1704129240,1704093287,winter_wet_gear
Snow,668,-2.1,1021.1,95.9,-3.2,0.2,4.0,96.0,1704130327,1704091596,winter_wet_gear
Clouds,859,26.9,1038.5,68.8,24.2,29.2,5.6,68.9,1704130027,1704096739,tshirt_shorts
Clear,821,25.5,1012.9,68.0,24.6,26.7,4.1,28.3,1704139059,1704090442,tshirt_shorts
Clouds,848,15.6,988.0,51.0,12.7,16.3,22.5,13.1,1704131802,1704088844,windproof_jacket
Snow,603,-4.8,997.8,46.4,-6.5,-3.2,5.7,99.5,1704129103,1704090625,warm_winter_coat
Snow,624,-28.7,1002.1,79.2,-29.4,-26.0,1.7,5.5,1704139067,1704089486,extreme_cold_gear
Rain,540,13.8,985.4,83.1,11.4,15.8,8.2,99.8,1704133877,1704095147,raincoat_umbrella
Clear,807,10.7,1001.1,76.1,9.8,11.7,5.4,3.6,1704140855,1704092344,light_jacket_jeans
Rain,549,13.2,993.5,78.7,12.4,16.1,12.8,59.8,1704139599,1704093709,raincoat_umbrella
Snow,641,-3.7,984.0,85.5,-4.3,-1.0,5.5,5.0,1704130112,1704090218,winter_wet_gear
Snow,655,-5.4,1027.0,75.4,-6.6,-4.5,9.7,20.4,1704134952,1704095449,winter_wet_gear
Clear,872,13.1,1026.4,65.9,10.7,13.8,6.3,14.4,1704134727,1704090869,light_jacket_jeans
Clear,892,37.1,1017.0,49.0,35.8,38.7,1.8,1.2,1704142523,1704090397,hot_summer
Rain,564,14.1,1029.4,90.2,11.7,16.5,12.4,2.7,1704137646,1704096364,raincoat_umbrella
Snow,678,-26.5,1015.3,47.7,-29.2,-24.4,11.5,68.3,1704125262,1704090645,extreme_cold_gear
Clear,897,31.1,1023.2,43.7,28.3,31.8,3.3,15.3,1704135316,1704094233,hot_summer
Snow,682,-16.6,999.8,57.7,-19.0,-14.3,17.6,47.8,1704129698,1704094874,extreme_cold_gear
Clouds,816,26.6,1030.2,57.8,25.2,27.3,3.5,75.8,1704126496,1704089575,tshirt_shorts
Clear,808,39.2,1033.3,66.4,38.0,40.4,6.6,6.0,1704131879,1704092872,hot_summer
Clouds,847,16.4,1009.3,54.5,15.0,17.9,16.2,68.9,1704130092,1704094878,windproof_jacket
Clouds,897,12.5,1035.7,41.2,11.1,14.9,18.2,1.2,1704126196,1704090468,windproof_jacket
Snow,631,-5.0,1030.9,95.1,-6.1,-3.7,7.1,16.0,1704132789,1704089756,winter_wet_gear
Drizzle,363,-8.3,993.8,76.6,-10.7,-6.8,10.2,57.7,1704138801,1704097103,winter_wet_gear
Clouds,864,25.7,1033.4,72.5,22.8,28.7,7.9,55.3,1704140091,1704090058,tshirt_shorts
Clear,871,8.0,986.0,59.1,7.0,9.3,7.4,26.8,1704127593,1704099148,medium_coat_scarf
Drizzle,333,12.6,1010.0,70.5,10.5,14.3,5.2,37.4,1704136494,1704088849,light_jacket_jeans
Clear,851,-25.2,986.8,47.3,-26.1,-23.1,13.0,3.9,1704131968,1704090038,extreme_cold_gear
Rain,591,18.6,1012.3,80.9,18.0,20.2,9.5,87.4,1704125187,1704090770,raincoat_umbrella
Clear,818,-12.8,985.0,36.2,-14.7,-11.1,4.7,29.8,1704132890,1704092455,extreme_cold_gear
Rain,501,19.8,1039.4,76.7,17.4,20.3,9.9,69.1,1704125449,1704089030,raincoat_umbrella
Clouds,868,27.9,1006.3,75.3,25.6,28.6,9.7,95.0,1704137160,1704096163,tshirt_shorts
Clear,891,23.4,1004.1,78.8,22.0,24.4,6.9,5.8,1704141121,1704089948,tshirt_shorts
Clouds,886,28.8,984.6,47.0,28.1,30.7,2.6,77.8,1704129182,1704091477,tshirt_shorts
Snow,684,-22.3,994.4,36.3,-25.0,-21.0,15.7,45.8,1704140804,1704089185,extreme_cold_gear
Snow,624,-1.7,1029.2,41.9,-2.6,-0.6,10.9,81.9,1704141904,1704099386,warm_winter_coat
Drizzle,378,14.7,1027.2,76.7,12.4,17.5,12.0,87.7,1704141538,1704089623,light_jacket_jeans
Clouds,869,15.5,1004.7,46.7,12.8,16.6,16.4,59.5,1704138327,1704093885,windproof_jacket
Clear,876,20.7,1011.0,64.0,19.7,21.3,5.3,26.2,1704131012,1704096060,tshirt_shorts
Drizzle,336,26.0,994.1,73.1,24.7,28.6,5.3,45.5,1704141747,1704099364,light_rain_jacket
Clear,819,15.0,999.8,76.5,12.4,16.1,5.9,24.8,1704139652,1704092198,light_jacket_jeans
Clear,844,29.4,1024.8,34.7,26.5,30.9,5.2,17.5,1704140434,1704091885,hot_summer
Clouds,810,14.9,1036.1,62.4,14.2,16.4,14.6,52.7,1704131150,1704095297,windproof_jacket
Rain,576,19.1,996.7,91.5,16.8,21.2,5.8,82.5,1704140303,1704098503,light_rain_jacket
Drizzle,388,22.1,997.5,77.4,20.7,24.1,5.5,22.1,1704130152,1704095802,light_rain_jacket
Clear,870,35.4,1015.0,65.9,34.0,37.5,6.5,21.9,1704128218,1704093834,hot_summer
Clouds,854,10.3,1017.2,76.4,8.5,11.4,11.7,85.7,1704136561,1704088955,light_jacket_jeans
Clouds,840,2.2,1025.9,71.5,-0.3,4.1,3.6,41.9,1704131750,1704089690,medium_coat_scarf
Clear,831,-2.2,1035.7,63.7,-3.7,-0.7,8.1,11.4,1704134031,1704093825,warm_winter_coat
Rain,586,15.5,986.3,95.5,14.9,17.6,3.8,9.0,1704136730,1704095153,raincoat_umbrella
Clear,879,8.1,982.3,63.6,7.2,10.5,2.0,10.0,1704140594,1704091810,medium_coat_scarf
Clouds,830,8.7,990.7,45.1,6.4,9.9,13.2,41.7,1704141517,1704093508,windproof_jacket
Clear,842,26.2,1028.9,70.5,25.6,28.7,7.4,1.0,1704135206,1704094557,tshirt_shorts
Clear,837,-15.1,1022.7,54.0,-17.7,-13.5,11.0,7.4,1704130669,1704096451,extreme_cold_gear
Clear,887,33.9,981.5,43.7,32.0,34.9,7.4,17.4,1704136540,1704093431,hot_summer
Snow,691,5.7,1013.5,74.3,4.7,8.5,1.2,83.6,1704134101,1704095039,medium_coat_scarf
Clear,829,-9.9,984.4,54.9,-12.4,-7.4,2.9,22.1,1704135420,1704098415,warm_winter_coat
Clouds,839,8.1,1036.5,47.8,6.4,8.9,19.1,68.0,1704132739,1704094126,windproof_jacket
Drizzle,366,-1.1,987.0,98.8,-3.6,-0.5,10.0,93.2,1704126861,1704095054,winter_wet_gear
Clouds,896,17.8,984.4,52.8,16.8,20.0,23.1,81.0,1704141176,1704095947,windproof_jacket
Snow,616,-6.4,1031.5,86.9,-7.9,-4.5,10.3,99.0,1704134854,1704095288,winter_wet_gear
Clouds,863,2.3,1028.7,57.2,-0.2,5.1,4.9,7.7,1704125887,1704094864,medium_coat_scarf
Drizzle,346,27.9,1015.3,89.9,27.2,28.4,7.8,41.2,1704142059,1704089304,light_rain_jacket
Clear,878,29.0,1030.5,48.7,27.6,31.5,3.9,6.6,1704131722,1704097695,hot_summer
Clear,813,32.8,984.1,35.9,31.9,35.7,2.9,0.8,1704142184,1704094734,hot_summer
Drizzle,369,19.8,1011.7,82.3,17.4,20.4,2.9,82.1,1704140140,1704094115,light_rain_jacket
Clouds,880,15.5,1015.9,58.8,14.0,16.6,14.4,70.8,1704135796,1704096133,windproof_jacket
Clear,833,30.0,1020.1,67.8,28.5,32.1,6.8,13.9,1704125920,1704094690,hot_summer
Clear,805,-4.9,1005.9,48.0,-5.8,-3.9,10.2,17.4,1704133691,1704099440,warm_winter_coat
Snow,695,-0.8,1008.4,73.5,-2.6,1.1,12.0,77.5,1704139836,1704097507,warm_winter_coat
Clouds,819,18.6,1010.7,51.0,17.4,20.2,6.4,60.7,1704137164,1704094033,light_jacket_jeans
Clear,882,25.8,983.0,71.2,25.1,26.9,1.9,26.2,1704132170,1704096309,tshirt_shorts
Clouds,802,10.7,1005.4,40.2,9.5,11.6,22.4,64.2,1704132905,1704096093,windproof_jacket
Snow,620,-13.9,995.1,31.2,-16.3,-11.6,12.9,57.1,1704131195,1704091909,extreme_cold_gear
Clouds,842,0.4,998.5,62.0,-1.5,3.4,7.6,44.6,1704142208,1704096989,medium_coat_scarf
Clear,835,3.9,1027.1,50.6,2.0,5.1,3.7,25.8,1704139854,1704094500,medium_coat_scarf
Clear,854,32.0,1025.4,57.0,30.4,34.8,3.2,13.6,1704126968,1704091509,hot_summer
Clear,866,18.0,1020.9,77.1,16.1,20.0,5.0,21.1,1704126273,1704095004,light_jacket_jeans
Clear,867,26.7,1002.3,69.3,24.9,28.3,2.3,4.4,1704135801,1704099569,tshirt_shorts
Drizzle,371,-2.1,1027.0,82.0,-2.9,-0.1,9.0,54.5,1704131053,1704090072,winter_wet_gear
Clear,835,37.5,996.0,48.3,36.7,39.6,1.4,15.3,1704137664,1704094910,hot_summer
Clear,845,24.3,1016.4,57.8,22.2,25.2,3.1,5.6,1704130746,1704089489,tshirt_shorts
Snow,684,-3.8,994.5,92.7,-4.5,-1.3,7.0,53.1,1704138509,1704095868,winter_wet_gear
Clear,821,29.4,984.1,64.4,27.5,30.1,5.8,21.2,1704133524,1704093749,hot_summer
Clear,804,-3.5,999.2,54.9,-5.1,-1.6,7.2,2.6,1704131050,1704099412,warm_winter_coat
Clouds,883,22.8,1005.0,42.1,21.7,25.6,8.0,22.9,1704134763,1704097806,tshirt_shorts
Rain,518,23.3,1010.3,81.1,22.4,26.1,7.6,11.2,1704125701,1704091255,light_rain_jacket
Snow,646,-23.5,1036.1,31.2,-24.6,-21.8,9.2,25.5,1704136282,1704090403,extreme_cold_gear
Clouds,820,13.6,990.4,65.2,12.1,15.3,4.6,13.9,1704141836,1704089480,light_jacket_jeans
Clear,829,-2.2,1019.8,46.8,-3.5,-0.2,4.3,12.4,1704139016,1704089734,warm_winter_coat
Clear,805,-27.9,1032.4,31.0,-28.6,-25.7,18.6,10.8,1704142343,1704098337,extreme_cold_gear
Clear,876,6.8,995.2,59.6,5.2,8.4,2.9,2.5,1704140214,1704088827,medium_coat_scarf
Clear,840,-27.9,1005.3,31.6,-29.8,-25.3,0.5,23.6,1704127326,1704092249,extreme_cold_gear
Rain,574,19.0,1039.5,89.4,17.4,21.9,14.8,35.6,1704128632,1704095373,raincoat_umbrella
Clouds,862,12.7,999.7,66.3,11.3,13.3,12.9,65.3,1704139577,1704092385,windproof_jacket
Clear,838,-2.6,986.2,58.3,-3.8,-1.2,11.4,22.0,1704131244,1704092563,warm_winter_coat
Snow,630,-0.4,988.5,85.3,-3.2,2.4,9.8,46.3,1704138634,1704094701,winter_wet_gear
Snow,618,0.1,994.2,54.8,-0.8,0.8,1.3,63.5,1704142744,1704099285,medium_coat_scarf
Clear,885,-19.5,1012.0,33.1,-21.7,-17.7,5.5,2.2,1704130951,1704096464,extreme_cold_gear
Drizzle,346,15.0,1030.4,70.3,12.7,18.0,5.3,76.2,1704138038,1704091601,light_jacket_jeans
Snow,669,-4.7,1011.7,41.9,-5.4,-2.2,4.5,70.2,1704129858,1704098521,warm_winter_coat
Snow,659,-0.1,1025.9,96.8,-2.5,0.6,5.0,73.4,1704129505,1704097541,winter_wet_gear
Drizzle,388,15.5,997.7,77.1,12.9,16.1,8.7,52.9,1704134811,1704089645,light_jacket_jeans
Drizzle,370,12.3,1001.2,64.0,10.3,13.0,4.2,72.9,1704133387,1704095687,light_jacket_jeans
Clouds,876,29.5,991.4,54.9,27.4,30.5,8.3,80.7,1704127171,1704092067,tshirt_shorts
Clouds,867,14.7,993.8,69.2,13.7,17.0,16.9,86.9,1704125141,1704089169,windproof_jacket
Drizzle,326,14.8,1011.4,69.0,13.5,17.4,4.7,50.9,1704130780,1704094692,light_jacket_jeans
Rain,523,21.0,999.5,77.6,18.7,22.1,9.2,51.2,1704131245,1704091541,light_rain_jacket
Clear,808,36.0,1028.3,49.0,33.3,37.0,6.8,17.6,1704129655,1704090008,hot_summer
Snow,640,-5.6,1016.1,97.0,-8.5,-4.8,6.9,64.0,1704133116,1704090264,winter_wet_gear
Clouds,881,3.8,1034.7,74.7,2.9,5.7,2.3,48.3,1704131807,1704098196,medium_coat_scarf
Rain,539,19.3,1023.2,83.1,16.9,19.9,8.0,30.0,1704127001,1704094453,raincoat_umbrella
Clear,859,11.6,1039.5,56.7,9.6,13.4,8.3,26.7,1704134653,1704099582,light_jacket_jeans
Rain,500,10.9,1014.4,98.8,9.3,13.3,12.1,22.2,1704129202,1704097661,raincoat_umbrella
Snow,635,-0.6,1004.7,41.7,-2.0,1.3,3.8,87.5,1704130163,1704095923,warm_winter_coat
Clouds,834,13.2,1024.1,63.2,11.1,15.5,22.3,52.9,1704135522,1704094141,windproof_jacket
Clear,898,-29.4,992.9,54.1,-30.9,-28.4,15.3,1.5,1704141374,1704092926,extreme_cold_gear
Clear,823,-20.4,1016.9,50.3,-22.7,-19.3,14.5,14.6,1704131715,1704098431,extreme_cold_gear
Clear,850,-2.8,1004.2,67.1,-4.1,-1.7,9.1,29.7,1704142390,1704099562,warm_winter_coat
Clear,880,-0.4,1005.5,50.1,-2.3,1.6,9.5,27.2,1704125835,1704091387,warm_winter_coat
Snow,655,2.4,1024.4,75.0,1.9,3.5,7.3,36.1,1704135651,1704096957,medium_coat_scarf
Snow,644,-22.7,1010.5,33.1,-24.7,-20.1,0.2,90.1,1704128015,1704099597,extreme_cold_gear
Clear,813,-22.3,1020.4,51.5,-23.0,-21.5,2.1,8.1,1704128920,1704096601,extreme_cold_gear
Clouds,810,10.8,1026.5,53.5,10.0,13.3,17.0,91.8,1704137159,1704098863,windproof_jacket
Drizzle,386,23.2,1018.9,84.1,21.1,25.5,6.6,6.1,1704142414,1704092155,light_rain_jacket
Clear,822,15.9,1019.2,59.6,13.9,18.4,11.4,29.1,1704130871,1704097581,light_jacket_jeans
Snow,605,-3.4,1025.9,69.4,-6.0,-0.5,2.1,74.6,1704132522,1704092143,warm_winter_coat
Clouds,829,18.4,1020.9,69.5,17.4,19.5,3.9,93.8,1704138060,1704090409,light_jacket_jeans
Clouds,841,14.5,1023.3,41.3,13.8,16.7,14.7,66.6,1704126141,1704098850,windproof_jacket
Snow,618,-14.8,985.9,61.6,-15.5,-13.7,7.8,76.7,1704135213,1704091539,extreme_cold_gear
Rain,570,6.6,1008.9,91.5,4.9,7.2,3.4,27.2,1704125087,1704089357,raincoat_umbrella
Snow,684,-2.4,1026.4,42.5,-4.7,-1.7,10.9,74.1,1704140254,1704099491,warm_winter_coat
Drizzle,319,26.6,1017.4,91.6,25.8,29.2,3.6,71.7,1704139187,1704090749,light_rain_jacket
Snow,667,-2.9,1029.6,60.4,-4.8,0.1,10.2,79.6,1704128321,1704089222,warm_winter_coat
Drizzle,363,19.2,989.9,76.2,16.3,21.3,3.8,46.8,1704142459,1704097828,light_rain_jacket
Drizzle,344,22.9,1038.7,87.4,21.7,24.4,6.0,93.6,1704126675,1704093458,light_rain_jacket
Clouds,804,11.3,1004.1,47.5,10.5,12.8,14.7,19.3,1704127435,1704095355,windproof_jacket
Clouds,849,13.9,1000.9,68.8,12.2,14.9,8.5,29.4,1704125917,1704091869,light_jacket_jeans
Clouds,876,11.1,987.6,52.7,10.5,12.8,12.7,9.6,1704141638,1704092405,windproof_jacket
Clear,874,36.3,1033.4,50.5,33.5,38.7,5.2,13.2,1704135657,1704094076,hot_summer
Rain,576,15.8,1019.5,76.2,14.8,16.6,13.5,31.0,1704138373,1704089342,raincoat_umbrella
Clear,862,35.8,1021.3,46.6,33.2,36.6,1.4,17.0,1704136923,1704097285,hot_summer
Clouds,888,15.0,1020.2,65.9,12.8,17.6,23.4,34.7,1704132232,1704095559,windproof_jacket
Snow,672,-13.1,1002.5,57.4,-15.2,-10.8,19.4,28.2,1704136848,1704088983,extreme_cold_gear
Snow,675,-9.5,1015.5,90.6,-12.4,-7.7,9.9,15.1,1704134596,1704094803,winter_wet_gear
Snow,645,-6.9,996.8,93.0,-9.9,-6.0,14.6,58.8,1704130775,1704095918,winter_wet_gear
Rain,567,24.7,1016.3,77.0,22.8,27.1,8.8,85.9,1704133855,1704091978,light_rain_jacket
Rain,524,19.0,994.9,88.3,17.2,20.1,8.4,13.7,1704138792,1704092840,light_rain_jacket
Snow,667,-13.8,1010.3,34.8,-15.9,-11.6,1.7,23.8,1704139823,1704095129,extreme_cold_gear
Clear,868,33.2,1005.6,62.0,31.9,35.6,5.9,10.0,1704125030,1704089362,hot_summer
Clouds,825,17.8,1014.2,56.7,14.8,20.5,23.6,19.0,1704129175,1704093889,windproof_jacket
Clouds,818,13.3,1017.5,65.5,11.8,14.5,9.7,30.8,1704130787,1704095223,light_jacket_jeans
Clouds,810,17.4,1002.0,67.4,16.1,18.3,19.1,86.6,1704125567,1704095706,windproof_jacket
Snow,696,-2.6,994.8,93.7,-3.2,-0.4,4.2,58.6,1704132241,1704090363,winter_wet_gear
Rain,599,11.1,1014.1,79.5,8.3,12.4,8.6,45.3,1704126821,1704095942,raincoat_umbrella
Snow,621,5.0,1014.8,70.3,3.9,7.5,3.1,26.2,1704139451,1704092395,medium_coat_scarf
Rain,580,26.6,1017.3,70.9,24.6,28.2,8.7,4.0,1704141129,1704097884,light_rain_jacket
Rain,532,13.4,1036.6,88.7,12.0,14.8,9.1,93.5,1704126520,1704094792,raincoat_umbrella
Snow,627,-1.2,1007.7,43.1,-2.1,1.3,10.1,33.4,1704137910,1704095194,warm_winter_coat
Clouds,838,6.1,994.5,76.5,4.6,7.7,4.4,48.1,1704130851,1704089833,medium_coat_scarf
Rain,594,16.6,1036.3,75.8,15.5,17.7,12.1,38.9,1704127875,1704094110,raincoat_umbrella
Clear,847,-12.8,1032.5,43.5,-14.9,-11.5,13.6,16.1,1704136618,1704096646,extreme_cold_gear
Drizzle,361,10.5,1010.4,80.9,9.1,13.5,10.5,49.0,1704135423,1704090000,light_jacket_jeans
Clear,874,33.2,1027.6,63.9,31.1,35.6,2.9,28.2,1704140010,1704097495,hot_summer
Clouds,820,16.9,1000.0,42.8,14.4,19.1,24.5,44.0,1704132010,1704098445,windproof_jacket
Clear,839,14.6,988.2,75.4,11.8,16.5,10.2,21.2,1704127084,1704090810,light_jacket_jeans
Drizzle,353,-8.6,983.7,84.6,-10.9,-7.3,4.3,95.5,1704128477,1704091458,winter_wet_gear
Drizzle,387,-1.3,986.1,96.5,-3.2,-0.1,11.3,16.0,1704134894,1704094752,winter_wet_gear
Drizzle,300,15.9,1002.0,60.6,13.8,16.9,8.4,86.1,1704140053,1704092430,light_jacket_jeans
Clouds,863,1.2,1019.0,59.4,-0.1,4.1,7.7,8.8,1704136871,1704098109,medium_coat_scarf
Rain,538,16.7,987.0,92.8,15.7,17.4,5.5,54.2,1704130682,1704094492,raincoat_umbrella
Snow,611,-2.3,987.7,70.8,-4.0,-1.0,10.1,74.4,1704134873,1704098300,warm_winter_coat
Clouds,802,10.2,1027.4,69.6,8.5,13.0,21.7,10.6,1704127416,1704091716,windproof_jacket
Clear,828,-15.0,1036.9,56.1,-15.7,-13.9,0.1,0.6,1704142280,1704095268,extreme_cold_gear
Clouds,851,21.4,989.9,75.5,20.1,22.3,7.3,56.6,1704132063,1704098079,tshirt_shorts
Snow,612,-2.4,985.9,94.4,-4.3,-0.1,6.2,3.2,1704134319,1704092881,winter_wet_gear
Rain,596,5.6,1036.0,86.1,3.7,8.1,12.8,22.9,1704135940,1704096926,raincoat_umbrella
Clear,884,-4.4,996.5,54.2,-6.8,-2.7,5.1,23.0,1704136273,1704092931,warm_winter_coat
Clear,878,25.4,987.6,76.4,23.4,27.2,8.5,2.8,1704140990,1704091676,tshirt_shorts
Clouds,894,12.6,1023.4,44.4,11.3,15.0,17.1,36.7,1704138828,1704099478,windproof_jacket
Clear,838,38.6,1032.2,43.1,37.7,40.2,0.9,19.1,1704138062,1704091902,hot_summer
Rain,513,14.9,996.3,77.9,12.5,16.1,4.7,59.4,1704126765,1704098202,raincoat_umbrella
Rain,566,15.8,990.2,92.9,13.2,18.6,11.7,31.5,1704125214,1704091815,raincoat_umbrella
Snow,679,-16.9,1030.0,44.6,-17.8,-14.6,14.4,40.8,1704125069,1704089401,extreme_cold_gear
Clouds,829,29.6,1013.2,65.6,27.3,31.6,6.2,8.8,1704140978,1704095943,tshirt_shorts
Clear,898,2.8,992.4,74.0,1.3,3.6,1.3,15.4,1704135801,1704089250,medium_coat_scarf
Clear,874,31.5,998.1,47.8,30.9,33.2,0.2,15.1,1704126697,1704098812,hot_summer
Clouds,847,29.4,1008.3,47.5,28.8,30.3,2.0,49.2,1704137107,1704092884,tshirt_shorts
Clouds,848,12.9,1004.3,67.9,10.0,13.5,18.3,65.0,1704127189,1704090456,windproof_jacket
Snow,642,-24.7,999.5,68.7,-27.3,-24.0,16.6,9.9,1704128298,1704093968,extreme_cold_gear
Rain,561,12.5,993.6,89.7,10.7,13.3,12.4,12.8,1704135161,1704096292,raincoat_umbrella
Rain,550,21.6,1025.6,87.9,20.2,23.1,5.2,64.0,1704134425,1704096399,light_rain_jacket
Clear,833,37.7,1020.2,44.5,36.5,40.5,4.2,8.1,1704135189,1704096614,hot_summer
Rain,517,7.0,1028.0,89.8,5.7,7.7,10.0,20.1,1704132505,1704091989,raincoat_umbrella
Clouds,857,9.8,1023.4,41.9,7.6,11.0,21.3,17.7,1704130641,1704091614,windproof_jacket
Snow,633,-0.0,986.8,56.9,-2.0,0.8,10.7,14.9,1704128329,1704089613,warm_winter_coat
Clear,814,34.2,991.1,37.9,32.6,36.4,6.4,2.5,1704129781,1704093527,hot_summer
Clear,866,14.3,985.4,83.6,11.5,17.0,3.8,26.4,1704136675,1704094318,light_jacket_jeans
Rain,549,19.1,997.8,94.7,17.8,19.8,6.3,6.9,1704137550,1704094194,raincoat_umbrella
Clouds,825,16.0,981.9,44.0,13.7,16.9,20.5,10.2,1704129269,1704093589,windproof_jacket
Rain,533,19.2,992.2,91.4,18.1,20.3,9.4,83.3,1704127646,1704090871,raincoat_umbrella
Drizzle,358,23.2,1014.3,84.6,21.0,23.8,8.4,45.0,1704127057,1704089979,light_rain_jacket
Clouds,834,13.5,994.2,67.2,12.9,15.7,13.8,91.9,1704131698,1704095706,windproof_jacket
Clouds,892,11.3,1028.6,59.0,9.0,14.1,23.9,63.8,1704135777,1704097570,windproof_jacket
Clouds,844,9.0,983.9,68.6,7.0,10.0,23.3,16.6,1704138400,1704098891,windproof_jacket
Rain,574,15.9,991.0,76.5,13.5,18.8,5.0,4.1,1704140291,1704097206,raincoat_umbrella
Clear,864,6.9,1026.4,62.7,5.2,7.4,8.5,4.3,1704137403,1704093438,medium_coat_scarf
Clouds,866,7.5,983.8,61.7,4.8,10.0,4.7,19.0,1704131670,1704092090,medium_coat_scarf
Clear,859,24.0,997.1,78.0,22.4,26.6,7.8,25.3,1704128199,1704097687,tshirt_shorts
Drizzle,328,11.9,1023.8,82.7,11.2,13.3,3.0,62.5,1704135680,1704090419,light_jacket_jeans
Clear,800,29.3,990.3,65.2,27.4,30.2,7.9,6.4,1704130049,1704095657,tshirt_shorts
Rain,580,10.9,1015.4,93.5,10.1,12.7,5.7,15.3,1704126840,1704096090,raincoat_umbrella
Clear,816,28.7,1015.7,33.7,25.8,30.4,1.3,4.5,1704129239,1704094216,hot_summer
Clear,840,29.5,1018.8,71.7,28.0,30.9,5.8,27.9,1704140341,1704099354,tshirt_shorts
Clear,858,-24.1,1019.2,67.1,-26.3,-23.1,0.1,7.4,1704138368,1704092865,extreme_cold_gear
Clear,892,-9.8,984.0,47.1,-11.3,-8.9,11.5,1.1,1704130894,1704094910,warm_winter_coat
Drizzle,369,26.4,1036.5,73.4,25.7,28.2,7.0,5.7,1704128768,1704099168,light_rain_jacket
Clouds,888,15.7,995.3,45.4,13.4,16.5,15.2,95.2,1704139970,1704089802,windproof_jacket
Clouds,898,15.6,991.4,40.4,13.8,17.5,24.6,90.1,1704131373,1704089708,windproof_jacket
Clear,894,-4.5,1033.2,59.6,-5.7,-3.7,11.5,17.1,1704141361,1704098127,warm_winter_coat
Clear,863,29.8,1006.3,71.4,28.3,32.1,9.0,7.0,1704129668,1704089981,tshirt_shorts
Clouds,817,21.5,1028.5,73.0,19.9,22.9,2.9,92.0,1704134330,1704097463,tshirt_shorts
Clear,888,6.8,981.9,78.6,4.7,8.9,2.1,26.2,1704138655,1704099215,medium_coat_scarf
Snow,626,-4.7,1017.1,88.0,-5.8,-2.9,12.2,16.0,1704127541,1704097929,winter_wet_gear
Clouds,863,10.5,996.9,56.7,9.5,12.7,4.7,67.1,1704127449,1704089784,light_jacket_jeans
Clouds,890,27.5,985.8,57.0,25.8,30.1,10.0,85.6,1704141287,1704097624,tshirt_shorts
Clear,827,24.6,990.1,53.1,22.7,25.4,1.6,19.9,1704126101,1704090017,tshirt_shorts
Clouds,873,8.9,1017.1,46.4,6.6,9.5,15.5,74.5,1704136153,1704095839,windproof_jacket
Snow,623,-3.5,1026.9,51.3,-5.8,-0.7,4.9,26.7,1704127397,1704090140,warm_winter_coat
Clear,839,4.0,1022.7,54.3,2.0,6.3,2.2,15.9,1704132024,1704091794,medium_coat_scarf
Clear,896,20.6,1021.3,74.2,17.7,22.7,9.6,10.9,1704138585,1704097918,tshirt_shorts
Clear,809,16.1,1022.1,51.8,14.0,18.7,3.0,11.0,1704127899,1704098008,light_jacket_jeans
Clouds,883,18.7,986.1,77.5,17.3,19.4,7.3,71.0,1704130887,1704097898,light_jacket_jeans
Clouds,851,25.6,993.6,56.2,22.7,28.2,4.3,45.6,1704125336,1704090368,tshirt_shorts
Drizzle,373,12.1,997.6,62.2,9.4,12.9,7.4,27.6,1704141950,1704094150,light_jacket_jeans
Drizzle,380,20.5,980.2,94.0,19.9,23.2,9.6,33.8,1704134129,1704098374,light_rain_jacket
Clear,853,-14.0,986.2,49.5,-16.6,-11.2,4.5,1.6,1704138462,1704097143,extreme_cold_gear
Clouds,814,24.0,987.4,67.0,22.6,25.2,0.6,49.9,1704140922,1704089523,tshirt_shorts
Clear,814,39.0,1003.7,58.2,38.2,40.8,5.4,0.0,1704132314,1704096091,hot_summer
Clear,821,27.1,993.4,61.3,26.1,29.0,4.8,21.2,1704142001,1704091535,tshirt_shorts
Rain,518,15.0,1034.7,79.0,12.5,16.2,5.9,28.9,1704141260,1704098946,raincoat_umbrella
Clouds,814,16.6,998.1,57.3,15.2,18.4,12.8,61.6,1704131100,1704098621,windproof_jacket
Clear,899,-17.1,1005.7,68.9,-19.2,-14.9,18.9,12.2,1704141347,1704093608,extreme_cold_gear
Drizzle,355,-6.9,1002.4,97.0,-9.7,-4.5,6.9,13.5,1704137900,1704091237,winter_wet_gear
Clouds,842,10.7,998.0,42.3,8.5,11.7,23.9,11.1,1704125707,1704093936,windproof_jacket
Clear,816,29.1,990.6,42.6,27.5,31.0,0.8,29.6,1704142720,1704098235,hot_summer
Clouds,842,22.5,1037.6,53.4,20.9,23.5,3.4,79.9,1704127629,1704097558,tshirt_shorts
Rain,525,18.6,994.3,92.3,17.7,21.6,7.6,7.1,1704140976,1704093193,raincoat_umbrella
Snow,650,-3.3,1006.9,47.4,-5.8,-2.6,2.4,14.1,1704125567,1704096922,warm_winter_coat
Clear,868,-27.0,1031.0,46.4,-28.1,-25.5,4.4,25.0,1704125666,1704095837,extreme_cold_gear
Clouds,811,13.0,1007.4,56.2,10.7,15.4,21.4,19.0,1704139792,1704091445,windproof_jacket
Clouds,840,14.0,999.1,56.9,12.5,16.4,21.9,37.4,1704127987,1704093456,windproof_jacket
Drizzle,349,-9.8,999.3,95.2,-10.9,-7.1,4.1,91.1,1704141326,1704093363,winter_wet_gear
Clear,876,40.0,1028.4,43.1,37.0,41.1,6.0,25.7,1704132201,1704089235,hot_summer
Rain,548,16.7,996.3,82.5,15.6,18.7,10.0,42.5,1704125090,1704093396,raincoat_umbrella
Drizzle,312,-1.9,1012.5,78.5,-3.3,1.1,5.0,14.5,1704137427,1704094673,winter_wet_gear
Clear,864,26.2,990.5,42.9,24.7,28.2,8.4,2.1,1704142336,1704098033,tshirt_shorts
Clear,846,28.8,1010.8,67.0,25.9,29.9,3.6,20.3,1704141433,1704098249,tshirt_shorts
Rain,544,19.9,1030.5,98.0,17.8,20.5,11.2,25.6,1704142257,1704096437,raincoat_umbrella
Drizzle,322,11.8,988.8,78.1,10.6,14.3,6.4,10.0,1704127678,1704092736,light_jacket_jeans
Clouds,829,9.5,1028.9,72.7,8.5,12.0,4.4,21.2,1704134805,1704094840,medium_coat_scarf
Drizzle,300,15.0,1033.4,74.5,13.9,18.0,2.3,77.0,1704141253,1704090737,light_jacket_jeans
Clear,855,24.3,1020.4,59.5,23.1,24.8,1.4,17.9,1704131850,1704089638,tshirt_shorts
Clear,826,23.1,982.0,65.5,20.9,24.3,0.1,25.6,1704139064,1704096229,tshirt_shorts
Clear,819,3.8,984.6,76.6,2.8,4.9,8.5,29.6,1704132806,1704098993,medium_coat_scarf
Clouds,868,26.6,1003.2,56.6,24.5,28.5,6.3,34.0,1704127488,1704091970,tshirt_shorts
Clouds,837,9.9,1001.5,43.0,7.9,12.0,19.2,44.5,1704129495,1704095800,windproof_jacket
Clouds,867,21.5,1012.8,55.1,20.2,23.6,6.3,23.1,1704138357,1704098097,tshirt_shorts
Clear,881,-3.6,1002.7,49.3,-5.1,-0.9,6.8,18.9,1704141234,1704099424,warm_winter_coat
Snow,635,-7.3,1019.1,77.4,-9.8,-5.7,14.7,65.9,1704141884,1704092971,winter_wet_gear
Clear,852,25.7,988.2,76.6,25.0,26.7,5.3,17.2,1704134039,1704089135,tshirt_shorts
Snow,612,2.7,1028.9,51.5,1.5,4.5,4.8,39.7,1704138465,1704095003,medium_coat_scarf
Clear,832,34.1,1014.6,60.7,33.5,34.7,0.5,3.6,1704126923,1704097808,hot_summer
Rain,568,13.7,1031.4,90.7,11.7,16.5,4.1,77.0,1704137159,1704090621,raincoat_umbrella
Snow,683,-7.5,1013.7,61.6,-10.2,-6.6,9.6,77.9,1704135623,1704092108,warm_winter_coat
Rain,555,7.2,1012.3,82.6,5.0,8.7,8.8,42.9,1704129497,1704099020,raincoat_umbrella
Clouds,832,8.4,1025.8,55.3,7.0,10.0,18.4,86.6,1704130636,1704093880,windproof_jacket
Snow,675,-6.6,1004.5,53.9,-8.8,-5.8,3.4,82.8,1704133911,1704089412,warm_winter_coat
Clouds,814,28.4,1019.1,49.2,25.7,31.1,0.1,20.2,1704126714,1704089628,tshirt_shorts
Clouds,814,24.4,985.8,46.6,22.4,26.3,9.8,58.9,1704126891,1704095951,tshirt_shorts
Rain,579,14.0,1010.7,84.0,13.3,16.2,11.5,91.9,1704141911,1704096061,raincoat_umbrella
Clear,861,30.6,1019.6,34.2,28.2,31.2,5.5,28.5,1704140328,1704098349,hot_summer
Clouds,805,10.8,983.1,57.6,9.5,12.8,24.1,26.7,1704128513,1704095832,windproof_jacket
Drizzle,306,-0.8,994.1,83.4,-2.6,1.9,7.8,8.5,1704138857,1704092598,winter_wet_gear
Clouds,841,8.3,996.8,41.6,5.4,9.1,19.7,14.4,1704140894,1704096079,windproof_jacket
Drizzle,352,-9.1,982.2,97.2,-9.9,-6.6,10.5,0.9,1704130835,1704093998,winter_wet_gear
Rain,574,19.5,1005.3,84.0,17.0,21.6,8.2,28.5,1704139898,1704089491,raincoat_umbrella
Rain,502,18.8,981.7,76.6,17.0,20.6,14.3,77.1,1704129097,1704089586,raincoat_umbrella
Snow,645,-8.4,986.0,94.3,-11.3,-7.9,11.6,2.0,1704132965,1704095588,winter_wet_gear
Drizzle,366,-2.5,1025.8,95.6,-3.7,0.3,7.6,58.1,1704140610,1704096325,winter_wet_gear
Clear,863,-20.7,1032.4,71.8,-22.4,-18.6,14.6,25.5,1704138139,1704098744,extreme_cold_gear
Clear,883,-1.4,994.0,43.2,-2.0,1.3,9.0,8.4,1704127307,1704096782,warm_winter_coat
Rain,511,8.3,1024.3,84.0,7.4,10.8,12.5,57.7,1704138688,1704092121,raincoat_umbrella
Clouds,892,13.8,1035.7,67.4,11.5,15.8,23.5,22.2,1704129540,1704096725,windproof_jacket
Rain,594,10.8,994.0,96.4,7.8,12.3,13.3,9.5,1704133782,1704088823,raincoat_umbrella
Clear,807,16.7,982.0,67.2,16.1,18.3,9.0,22.9,1704139624,1704090430,light_jacket_jeans
Snow,600,-0.1,1015.4,43.5,-1.8,1.2,4.8,37.3,1704131352,1704096491,warm_winter_coat
Drizzle,377,14.2,998.2,58.8,11.3,15.1,11.8,32.4,1704141644,1704097013,light_jacket_jeans
Clear,863,-19.5,989.9,69.9,-21.7,-17.8,3.6,22.8,1704133308,1704089343,extreme_cold_gear
Rain,563,27.6,992.7,83.6,26.9,29.1,7.4,14.0,1704126269,1704091190,light_rain_jacket
Clouds,839,18.9,1029.6,50.4,16.6,19.5,2.0,99.7,1704142292,1704091248,light_jacket_jeans
Snow,620,-0.5,1038.5,49.5,-1.0,2.2,10.6,82.3,1704131158,1704091104,warm_winter_coat
Rain,520,17.3,1034.6,86.7,16.1,18.7,5.5,72.3,1704133400,1704096209,raincoat_umbrella
Rain,538,19.5,997.9,82.5,18.5,20.3,8.1,64.8,1704131805,1704092690,light_rain_jacket
Clear,820,23.1,1002.9,60.9,21.8,24.3,6.6,21.6,1704125226,1704094644,tshirt_shorts
Clear,828,-0.3,1026.0,63.0,-2.7,2.3,3.4,17.5,1704141246,1704092239,warm_winter_coat
Clear,853,-4.9,1003.9,46.0,-6.1,-3.2,4.2,15.7,1704126258,1704092803,warm_winter_coat
Drizzle,362,-9.6,989.6,86.8,-12.3,-8.5,6.8,71.3,1704135207,1704094174,winter_wet_gear
Snow,642,-6.5,1019.3,80.4,-8.4,-3.8,13.7,28.8,1704126150,1704098891,winter_wet_gear
Drizzle,339,18.6,984.0,85.8,15.6,20.0,4.5,89.2,1704125983,1704096843,light_rain_jacket
Drizzle,322,25.1,998.8,75.5,23.5,27.7,8.0,92.6,1704142393,1704095584,light_rain_jacket
Snow,618,-4.4,1035.8,73.1,-7.0,-3.7,1.9,20.8,1704139337,1704099477,warm_winter_coat
Clouds,874,22.1,987.9,54.6,20.4,23.3,8.8,12.2,1704132929,1704094942,tshirt_shorts
Clear,828,-6.3,992.4,70.5,-8.2,-4.5,3.3,7.8,1704137255,1704090693,warm_winter_coat
Clouds,897,8.7,1028.1,62.3,6.3,11.4,21.0,88.4,1704130980,1704092533,windproof_jacket
Clear,854,37.3,1007.8,31.1,35.4,39.0,0.5,27.3,1704136622,1704089939,hot_summer
Snow,614,-1.1,1037.6,78.1,-3.6,0.3,8.9,59.9,1704130662,1704092874,winter_wet_gear
Clear,899,37.6,1015.4,57.8,36.9,40.4,2.2,10.8,1704141904,1704090277,hot_summer
Rain,517,25.5,1033.0,91.7,23.3,26.2,7.2,8.9,1704136111,1704096888,light_rain_jacket
Clear,824,7.0,997.8,71.3,5.0,9.6,6.7,22.1,1704128042,1704093962,medium_coat_scarf
Clear,838,16.4,983.7,61.5,13.9,19.4,8.9,25.7,1704131211,1704098914,light_jacket_jeans
Rain,594,24.9,1018.6,72.6,24.0,27.0,2.9,8.3,1704134903,1704093532,light_rain_jacket
Clouds,837,11.2,1014.8,50.4,9.9,11.8,23.6,10.3,1704127918,1704094806,windproof_jacket
Clouds,855,17.7,1007.2,60.9,14.9,20.6,21.2,81.1,1704140633,1704089869,windproof_jacket
Drizzle,367,16.6,1038.6,57.9,14.6,18.1,5.6,22.4,1704140413,1704097097,light_jacket_jeans
Clear,808,-23.1,1002.9,54.5,-24.6,-21.5,6.1,2.2,1704130599,1704097794,extreme_cold_gear
Clouds,870,12.6,981.4,74.7,12.1,13.4,10.5,56.6,1704138040,1704096414,light_jacket_jeans
Clouds,863,19.7,1010.9,82.2,17.0,21.9,5.8,46.6,1704132843,1704091803,light_jacket_jeans
Clouds,849,11.7,1032.2,62.5,10.7,14.3,19.5,54.7,1704142302,1704097256,windproof_jacket
Clouds,819,16.1,1036.7,53.4,13.5,18.6,12.0,25.6,1704133332,1704090553,windproof_jacket
Clouds,805,2.6,1024.1,60.4,-0.0,5.4,8.2,40.9,1704125510,1704093688,medium_coat_scarf
Clear,869,28.5,1016.8,70.1,26.7,30.2,4.5,20.6,1704134834,1704095767,tshirt_shorts
Clear,893,37.5,988.8,50.7,35.9,38.2,3.5,9.8,1704135568,1704091182,hot_summer
Clear,848,-22.9,1028.8,52.5,-24.6,-20.7,15.1,22.2,1704142580,1704091991,extreme_cold_gear
Clear,835,-13.4,1027.2,51.4,-15.4,-12.1,17.2,7.7,1704126271,1704091327,extreme_cold_gear
Drizzle,352,-4.1,1022.7,98.9,-4.8,-1.2,9.2,57.5,1704138477,1704089577,winter_wet_gear
Clear,899,15.1,986.7,50.1,12.6,16.7,5.8,12.5,1704134822,1704093464,light_jacket_jeans
Drizzle,392,21.5,1031.6,74.1,20.5,23.3,2.9,36.3,1704135605,1704089197,light_rain_jacket
Clouds,866,6.9,986.1,70.9,5.5,8.2,7.5,28.9,1704125786,1704096090,medium_coat_scarf
Drizzle,336,-4.5,997.7,87.4,-6.3,-2.7,14.7,59.0,1704134476,1704095924,winter_wet_gear
Snow,621,7.7,1035.0,67.0,5.2,10.3,7.7,96.3,1704131852,1704093096,medium_coat_scarf
Clear,883,38.3,1038.8,43.9,37.7,40.5,7.8,8.0,1704126613,1704093670,hot_summer
Clouds,889,21.2,988.4,48.6,19.6,21.9,0.4,91.7,1704140621,1704099165,tshirt_shorts
Rain,549,6.4,1031.2,100.0,4.9,8.6,10.3,6.7,1704133600,1704089949,raincoat_umbrella
Clear,842,20.3,1036.5,40.8,18.5,22.2,4.0,26.1,1704128679,1704088864,tshirt_shorts
Drizzle,339,25.6,1033.4,72.5,22.9,26.2,7.4,17.9,1704139038,1704096002,light_rain_jacket
Clear,838,3.9,1018.8,58.4,2.1,6.6,4.6,5.8,1704137856,1704096696,medium_coat_scarf
Clear,830,36.9,998.2,63.9,34.6,39.4,3.4,9.8,1704131476,1704090761,hot_summer
Clouds,847,21.9,981.5,76.2,19.9,24.1,2.0,2.0,1704130560,1704092159,tshirt_shorts
Clouds,814,17.8,1008.9,68.4,16.0,20.7,11.6,67.7,1704128936,1704093105,light_jacket_jeans
Drizzle,360,15.1,1008.4,72.3,13.4,16.7,7.4,44.3,1704140783,1704094646,light_jacket_jeans
Rain,504,11.8,1007.5,81.2,10.8,13.7,4.8,88.5,1704136268,1704099186,raincoat_umbrella
Snow,692,-5.9,1001.4,81.4,-6.5,-3.8,11.2,3.2,1704127834,1704091936,winter_wet_gear
Clouds,843,8.3,1031.5,58.6,6.9,9.9,7.8,59.0,1704130079,1704097291,medium_coat_scarf
Snow,677,-0.7,1012.8,40.9,-1.9,0.2,11.0,71.0,1704132738,1704099030,warm_winter_coat
Drizzle,312,-5.7,1021.6,75.7,-7.9,-4.6,2.2,47.1,1704141051,1704098121,winter_wet_gear
Snow,606,8.3,1016.4,59.0,6.6,9.5,6.8,47.6,1704134666,1704092150,medium_coat_scarf
Clear,802,-16.1,1024.9,39.4,-18.7,-15.0,1.6,22.2,1704135180,1704091209,extreme_cold_gear
Clear,842,26.2,1034.9,59.0,24.6,27.5,3.9,3.8,1704133037,1704094180,tshirt_shorts
Snow,607,-3.4,1003.3,80.4,-5.9,-2.0,11.0,43.9,1704140104,1704091571,winter_wet_gear
Drizzle,373,13.4,996.7,73.1,11.6,14.3,7.5,27.2,1704126042,1704097556,light_jacket_jeans
Rain,566,12.2,1012.5,76.3,11.0,13.4,11.2,64.7,1704137734,1704097454,raincoat_umbrella
Clear,815,-0.9,1025.8,57.6,-1.6,0.0,2.1,9.8,1704139092,1704095901,warm_winter_coat
Snow,679,-25.9,1001.9,74.7,-28.4,-23.3,2.1,54.1,1704135121,1704094325,extreme_cold_gear
Rain,511,17.6,1033.2,91.9,16.8,19.7,13.6,40.8,1704126149,1704098236,raincoat_umbrella
Clouds,842,8.4,1007.3,54.9,6.7,9.9,23.2,52.1,1704127074,1704089989,windproof_jacket
Clear,846,34.1,1012.5,63.6,32.3,35.3,5.9,17.7,1704137199,1704094902,hot_summer
Rain,554,17.3,1013.4,84.0,15.2,19.8,10.8,6.5,1704125333,1704099518,raincoat_umbrella
Clear,826,19.3,1035.7,75.4,17.8,21.5,4.6,20.0,1704126855,1704093134,light_jacket_jeans
Rain,578,18.9,1019.3,73.3,17.4,21.3,8.5,16.6,1704141382,1704091885,light_rain_jacket
Clear,891,-29.0,1009.7,67.8,-30.3,-26.2,4.2,25.5,1704137449,1704093667,extreme_cold_gear
Clear,843,37.4,1035.3,60.8,35.9,39.1,1.8,17.8,1704134878,1704095334,hot_summer
Snow,648,-24.0,1010.7,70.5,-25.5,-21.0,9.6,40.9,1704137865,1704098505,extreme_cold_gear
Clear,842,29.5,998.5,51.5,27.1,30.7,7.5,26.1,1704126633,1704089192,hot_summer
Drizzle,301,15.3,1037.2,53.7,13.9,17.1,10.0,6.0,1704140418,1704090381,light_jacket_jeans
Clear,820,30.7,1011.1,44.2,28.2,31.8,0.6,2.0,1704140641,1704094632,hot_summer
Drizzle,369,18.3,1007.4,92.9,16.5,20.1,9.3,7.8,1704137707,1704097674,light_rain_jacket
Clear,805,-6.0,1025.8,73.9,-7.3,-3.9,5.6,12.4,1704142464,1704097522,warm_winter_coat
Clear,879,28.5,1015.4,57.4,25.9,29.7,9.3,18.9,1704141107,1704092626,tshirt_shorts
Snow,680,8.6,1021.0,60.8,7.9,9.2,9.3,88.6,1704139704,1704093440,medium_coat_scarf
Rain,550,26.4,1020.5,94.1,25.7,29.1,6.6,86.4,1704125826,1704091728,light_rain_jacket
Clear,852,25.4,982.4,54.9,24.0,27.5,7.9,13.0,1704133986,1704099235,tshirt_shorts
Clear,877,-4.2,1022.8,63.3,-5.7,-1.4,2.4,13.3,1704128320,1704089382,warm_winter_coat
Snow,627,-14.4,1036.4,52.7,-15.2,-11.7,7.5,2.9,1704131509,1704098371,extreme_cold_gear
Clear,806,-3.6,996.6,68.0,-4.9,-1.3,1.4,25.4,1704127989,1704099515,warm_winter_coat
Snow,669,-6.4,985.4,95.2,-8.1,-3.7,2.9,68.6,1704138401,1704098111,winter_wet_gear
Drizzle,331,-3.5,1028.8,95.2,-4.1,-1.4,12.0,46.0,1704140271,1704091070,winter_wet_gear
Clear,820,33.5,1033.7,55.5,31.5,34.2,5.3,19.1,1704127503,1704094398,hot_summer
Snow,613,-4.3,1036.7,71.0,-6.4,-2.9,1.3,5.7,1704141527,1704089224,warm_winter_coat
Clear,876,-7.4,1003.5,63.4,-10.1,-6.5,5.0,22.4,1704133580,1704091790,warm_winter_coat
Snow,673,-21.5,1032.0,43.5,-23.1,-20.0,13.7,40.1,1704125445,1704093651,extreme_cold_gear
Clouds,860,22.1,983.5,64.0,19.8,24.0,0.9,37.2,1704134983,1704093367,tshirt_shorts
Clear,822,39.5,1001.1,47.8,37.6,41.9,3.9,27.3,1704130953,1704097567,hot_summer
Snow,662,4.2,1035.6,68.4,2.9,5.4,9.2,56.3,1704128049,1704092735,medium_coat_scarf
Drizzle,306,-5.2,1015.9,84.4,-6.9,-3.2,5.2,53.7,1704131469,1704090339,winter_wet_gear
Clouds,889,11.3,1033.0,49.6,9.3,13.3,13.2,69.3,1704139619,1704093082,windproof_jacket
Clear,882,5.4,1000.0,68.3,4.5,7.0,7.6,29.1,1704139026,1704090370,medium_coat_scarf
Rain,572,19.1,995.9,91.5,16.9,22.0,3.1,90.6,1704130141,1704090484,raincoat_umbrella
Snow,622,-6.3,1018.7,48.0,-7.7,-5.0,4.3,77.0,1704127863,1704093671,warm_winter_coat
Clouds,877,16.9,1023.7,82.4,15.5,19.5,9.8,41.4,1704132933,1704098578,light_jacket_jeans
Clouds,850,10.3,1019.3,52.4,7.8,11.3,16.4,98.5,1704125995,1704095038,windproof_jacket
Clouds,801,19.7,1039.6,59.9,17.8,22.6,7.9,88.1,1704128556,1704096374,light_jacket_jeans
Clouds,810,1.2,1012.5,74.9,-0.5,2.0,8.5,18.8,1704130400,1704097043,medium_coat_scarf
Clouds,847,0.7,1039.6,55.8,-2.0,1.4,3.1,22.4,1704140496,1704090762,medium_coat_scarf
Rain,550,21.2,1014.3,87.5,20.0,23.9,6.8,57.9,1704136401,1704098727,light_rain_jacket
Drizzle,339,14.5,1016.4,77.3,12.9,17.0,9.1,93.5,1704139890,1704092905,light_jacket_jeans
Rain,582,5.5,980.1,83.4,4.3,6.6,8.8,89.9,1704129803,1704097659,raincoat_umbrella
Rain,531,9.3,987.5,88.2,6.7,10.3,11.2,35.4,1704136151,1704094127,raincoat_umbrella
Clouds,803,17.9,1034.6,52.3,16.1,19.3,13.9,79.4,1704141033,1704093640,windproof_jacket
Clear,873,38.8,990.3,49.0,38.2,39.7,5.3,5.8,1704127986,1704091808,hot_summer
Clear,884,-3.6,994.2,50.7,-6.1,-3.0,6.3,15.8,1704131988,1704094392,warm_winter_coat
Clear,874,35.5,983.0,33.0,34.7,36.7,0.9,7.7,1704141773,1704092958,hot_summer
Clouds,849,25.8,1019.2,49.2,23.5,27.6,1.5,68.1,1704141654,1704098455,tshirt_shorts
Rain,599,10.0,983.0,97.7,9.2,10.7,3.9,12.7,1704135615,1704095942,raincoat_umbrella
Rain,578,6.9,993.5,97.8,3.9,9.0,6.3,81.6,1704130549,1704095547,raincoat_umbrella
Rain,554,11.6,1022.6,79.3,8.8,13.4,4.1,38.6,1704131081,1704092563,raincoat_umbrella
Clear,852,38.3,1007.0,68.5,36.2,39.9,2.0,0.7,1704128523,1704091716,hot_summer
Clouds,808,2.4,1025.2,71.5,1.1,2.9,3.7,85.5,1704128505,1704092094,medium_coat_scarf
Clouds,877,19.8,1007.0,71.3,18.2,22.0,9.8,53.2,1704133932,1704097995,light_jacket_jeans
Snow,694,-1.8,980.1,65.0,-3.8,-1.3,11.8,88.4,1704138613,1704093827,warm_winter_coat
Snow,653,1.0,1019.5,74.3,-1.8,2.1,9.9,82.5,1704128742,1704092584,medium_coat_scarf
Clear,856,35.9,998.9,58.6,33.8,36.5,2.1,3.8,1704140454,1704095254,hot_summer
Clear,866,23.4,1034.7,50.7,21.0,24.2,9.8,0.9,1704129726,1704089096,tshirt_shorts
Drizzle,364,13.0,983.1,71.6,10.3,16.0,4.8,91.2,1704137088,1704096538,light_jacket_jeans
Clear,854,33.8,1019.2,55.9,32.5,34.5,0.1,18.6,1704141418,1704089782,hot_summer
Rain,586,12.0,1026.6,81.5,11.2,13.2,8.6,15.8,1704138260,1704099084,raincoat_umbrella
Snow,635,-4.2,1011.8,55.0,-6.9,-3.7,4.1,36.6,1704139858,1704094524,warm_winter_coat
Clear,814,27.7,1033.7,66.5,24.7,28.5,4.1,4.9,1704140820,1704088961,tshirt_shorts
Clear,830,-16.9,994.7,64.3,-18.1,-15.2,3.5,20.6,1704129012,1704094091,extreme_cold_gear
Rain,566,22.2,1009.9,93.9,21.0,23.4,5.6,78.1,1704127114,1704097173,light_rain_jacket
Clear,804,-23.3,1010.6,53.5,-24.3,-21.9,20.0,0.6,1704136937,1704093724,extreme_cold_gear
Drizzle,342,20.9,1019.5,81.7,18.8,23.1,2.5,12.5,1704141875,1704092305,light_rain_jacket
Rain,529,13.7,1023.9,91.5,12.0,16.6,13.3,21.1,1704141688,1704094789,raincoat_umbrella
Drizzle,375,-6.2,1028.7,87.6,-7.4,-4.4,8.2,30.8,1704126812,1704089317,winter_wet_gear
Clear,870,14.9,1033.8,56.9,13.1,16.2,12.0,8.8,1704141545,1704097175,light_jacket_jeans
Clouds,858,26.9,1038.4,70.4,24.6,28.4,8.5,26.7,1704133367,1704096112,tshirt_shorts
Drizzle,335,27.3,993.7,80.4,26.0,29.9,2.7,86.3,1704133227,1704090660,light_rain_jacket
Rain,575,17.7,1032.1,90.0,14.9,20.3,13.4,54.6,1704140108,1704099147,raincoat_umbrella
Rain,505,14.7,981.7,97.3,12.9,15.6,12.4,6.5,1704141983,1704093779,raincoat_umbrella
Clear,839,-11.0,1004.2,72.4,-11.9,-9.7,4.0,18.7,1704131003,1704096968,extreme_cold_gear
Snow,608,5.6,991.4,51.4,4.5,7.3,2.7,48.1,1704137951,1704094428,medium_coat_scarf
Clouds,808,12.3,980.3,48.5,10.7,14.3,17.8,30.3,1704135308,1704095683,windproof_jacket
Clear,869,37.1,984.8,53.5,35.0,39.6,6.6,14.3,1704129787,1704097261,hot_summer
Clear,850,25.5,1032.8,54.5,22.6,27.7,3.7,1.2,1704125483,1704096156,tshirt_shorts
Clouds,863,17.2,988.9,49.5,14.5,20.2,19.4,43.4,1704127571,1704092706,windproof_jacket
Drizzle,374,23.6,1026.3,81.8,21.9,25.7,8.6,36.6,1704129256,1704089106,light_rain_jacket
Clouds,813,17.7,1026.5,51.2,15.3,20.6,10.3,66.9,1704126010,1704093456,light_jacket_jeans
Drizzle,346,-1.2,998.0,96.3,-3.6,-0.1,11.1,9.3,1704134355,1704093562,winter_wet_gear
Snow,604,-5.1,1000.9,96.4,-6.8,-2.4,4.4,15.0,1704138197,1704096039,winter_wet_gear
Snow,672,-0.1,1008.1,61.9,-1.8,0.4,11.9,62.4,1704132882,1704097978,warm_winter_coat
Clear,800,-27.5,1036.9,50.2,-29.9,-26.4,11.0,4.6,1704135506,1704099135,extreme_cold_gear
Drizzle,376,12.8,1020.1,61.2,9.8,13.7,11.7,42.6,1704136447,1704093941,light_jacket_jeans
Clouds,837,28.0,995.9,77.7,25.4,29.8,1.0,49.5,1704127301,1704096878,tshirt_shorts
Clouds,898,10.3,1033.0,54.3,9.0,12.5,12.6,56.0,1704135850,1704097485,windproof_jacket
Drizzle,358,26.1,984.1,84.1,24.5,27.7,10.0,86.7,1704125401,1704090178,light_rain_jacket
Clear,811,19.2,984.7,82.1,16.2,20.9,11.2,3.6,1704138653,1704091372,light_jacket_jeans
Rain,508,27.6,1036.2,84.8,26.7,28.8,8.8,8.7,1704125911,1704095461,light_rain_jacket
Clouds,848,13.6,998.7,54.8,12.1,15.8,23.0,88.4,1704128402,1704089736,windproof_jacket
Drizzle,361,-5.1,1020.0,79.0,-5.7,-2.8,5.6,12.9,1704141047,1704095726,winter_wet_gear
Snow,681,-13.1,993.7,56.0,-15.1,-11.9,9.0,61.6,1704132694,1704091083,extreme_cold_gear
Snow,661,-4.7,984.3,43.6,-7.0,-3.4,5.6,41.8,1704134058,1704092181,warm_winter_coat
Clouds,882,9.5,1021.3,56.5,8.7,12.3,23.7,13.6,1704141426,1704094066,windproof_jacket
Drizzle,344,24.4,1036.3,87.1,23.3,26.3,3.2,79.6,1704136687,1704092865,light_rain_jacket
Rain,588,17.6,986.6,79.2,16.8,18.4,5.4,85.8,1704135107,1704091455,raincoat_umbrella
Snow,641,-15.5,989.5,67.8,-16.5,-13.8,3.9,96.7,1704132309,1704099414,extreme_cold_gear
Rain,594,15.4,988.0,94.6,12.5,17.8,13.2,45.6,1704133845,1704090063,raincoat_umbrella
Rain,577,10.1,1016.7,75.3,9.3,12.3,14.9,42.3,1704142589,1704091853,raincoat_umbrella
Clouds,846,22.0,1002.5,70.6,20.6,22.9,0.2,11.1,1704132315,1704092831,tshirt_shorts
Snow,633,-26.1,1008.4,68.8,-27.6,-23.2,1.9,86.5,1704138419,1704095615,extreme_cold_gear
Drizzle,372,10.9,1008.5,62.0,8.6,13.8,3.2,40.0,1704128030,1704096938,light_jacket_jeans
Rain,521,14.3,981.3,81.5,13.5,14.9,5.7,57.7,1704130447,1704089932,raincoat_umbrella
Clear,892,28.6,1029.5,76.3,26.5,30.8,8.5,22.3,1704136724,1704097509,tshirt_shorts
Rain,506,18.5,1011.9,87.7,15.6,19.9,9.7,33.0,1704140202,1704098676,light_rain_jacket
Clear,847,35.0,1008.9,67.4,32.1,35.5,5.4,24.3,1704126350,1704099411,hot_summer
Rain,520,23.1,1001.3,87.4,22.1,25.9,3.5,41.6,1704126453,1704096160,light_rain_jacket
Snow,603,-15.9,1027.0,35.3,-17.6,-13.0,15.3,5.1,1704142521,1704099072,extreme_cold_gear
Drizzle,321,14.2,1001.3,79.1,11.9,16.6,2.9,95.2,1704125890,1704096981,light_jacket_jeans
Snow,679,5.9,1032.3,63.6,3.3,8.5,5.0,39.3,1704125477,1704097125,medium_coat_scarf
Clouds,831,3.1,998.4,50.5,0.3,4.4,4.9,57.7,1704126348,1704099569,medium_coat_scarf
Clear,829,39.9,991.4,39.3,38.5,42.4,0.4,1.2,1704132795,1704092485,hot_summer
Clouds,899,12.3,981.0,64.1,9.3,13.6,16.6,48.3,1704126624,1704099181,windproof_jacket
Clear,810,30.7,984.8,61.2,30.1,31.4,1.6,14.2,1704138686,1704097522,hot_summer
Rain,542,26.6,1019.1,94.7,25.9,27.8,3.0,0.2,1704136545,1704097941,light_rain_jacket
Clouds,850,12.1,989.1,55.5,9.5,13.0,12.9,99.4,1704131626,1704095067,windproof_jacket
Clear,868,30.2,1009.0,62.1,29.5,32.6,3.7,4.0,1704132663,1704094161,hot_summer
Snow,618,-10.3,987.0,42.9,-12.0,-8.0,15.5,22.0,1704140518,1704092530,extreme_cold_gear
Clear,875,29.2,1012.1,61.2,26.4,30.1,4.0,18.8,1704142364,1704091991,tshirt_shorts
Clear,891,39.7,1006.0,34.1,37.4,42.5,0.1,2.8,1704129456,1704093487,hot_summer
Snow,646,-7.9,983.8,79.6,-10.1,-5.2,6.8,73.0,1704136261,1704093444,winter_wet_gear
Snow,659,-11.3,991.7,53.3,-11.8,-9.1,8.0,30.4,1704132054,1704095339,extreme_cold_gear
Clouds,867,15.7,1021.8,47.5,14.7,18.1,12.9,30.3,1704133465,1704096136,windproof_jacket
Clear,893,-12.0,1026.4,43.0,-14.7,-11.4,6.8,22.9,1704139060,1704098244,extreme_cold_gear
Snow,607,-5.1,1006.6,81.5,-7.9,-2.6,2.8,9.9,1704132943,1704095493,winter_wet_gear
Snow,639,-26.5,1017.7,63.3,-28.0,-25.5,11.4,96.7,1704125845,1704099586,extreme_cold_gear
Clouds,800,3.2,1033.2,61.6,2.1,3.9,5.9,58.2,1704141904,1704089826,medium_coat_scarf
Snow,659,-27.1,986.1,69.0,-28.2,-25.4,4.0,86.1,1704140937,1704092466,extreme_cold_gear
Rain,582,20.6,1017.0,76.6,18.8,22.1,4.6,83.8,1704130014,1704097373,light_rain_jacket
Snow,630,-3.5,1036.4,67.8,-4.2,-1.9,5.9,81.5,1704132178,1704099544,warm_winter_coat
Snow,676,2.9,1027.6,52.9,1.7,4.5,8.2,8.1,1704134205,1704094651,medium_coat_scarf
Clouds,881,18.6,991.9,51.1,16.7,19.3,11.8,11.0,1704140111,1704095306,light_jacket_jeans
Clear,886,-0.7,983.0,54.6,-2.4,1.9,11.5,0.4,1704137281,1704091476,warm_winter_coat
Clouds,869,16.3,1021.0,43.4,13.6,18.3,23.4,32.5,1704133246,1704097965,windproof_jacket
Clear,885,5.7,1020.8,76.4,3.6,6.7,8.3,17.2,1704133687,1704095228,medium_coat_scarf
Clouds,818,23.5,1024.8,54.2,21.5,25.2,8.4,99.2,1704142738,1704089772,tshirt_shorts
Snow,638,-7.2,1022.1,94.7,-8.7,-6.7,5.1,87.0,1704130414,1704090333,winter_wet_gear
Clear,891,20.1,986.2,51.4,18.1,21.1,1.2,2.3,1704140316,1704092701,tshirt_shorts
Clouds,884,10.3,1038.9,65.6,9.4,11.7,13.2,47.6,1704127797,1704088965,windproof_jacket
Clear,857,-22.7,1025.0,75.8,-23.4,-20.1,15.0,24.1,1704142510,1704091527,extreme_cold_gear
Clear,831,-13.9,1033.3,66.4,-15.8,-12.2,11.8,18.9,1704134099,1704095467,extreme_cold_gear
Clear,889,-4.4,1000.3,42.6,-6.1,-2.8,5.5,29.8,1704141347,1704094023,warm_winter_coat
Clear,884,5.8,1035.3,79.8,3.4,8.5,9.6,2.7,1704128752,1704092399,medium_coat_scarf
Clouds,812,8.1,1008.2,59.9,6.6,10.6,16.2,54.7,1704126355,1704098851,windproof_jacket
Clouds,805,19.9,987.9,57.7,17.6,21.6,5.8,60.8,1704135975,1704091454,light_jacket_jeans
Clear,852,24.0,998.2,63.7,21.8,24.6,4.9,16.8,1704125838,1704093831,tshirt_shorts
Clouds,844,16.5,1020.0,60.9,15.4,18.1,17.0,53.2,1704133807,1704091091,windproof_jacket
Clouds,856,26.8,996.8,43.4,24.4,29.1,6.3,50.7,1704135441,1704090084,tshirt_shorts
Clear,893,37.2,1038.4,50.0,35.7,38.4,2.4,19.9,1704129159,1704096695,hot_summer
Snow,699,-0.5,1031.9,71.4,-1.7,2.3,4.6,95.4,1704139158,1704099572,warm_winter_coat
Rain,518,11.8,992.8,93.7,10.4,12.4,6.6,18.7,1704136540,1704091856,raincoat_umbrella
Clear,810,19.7,1007.6,79.7,18.2,20.4,10.8,18.7,1704135491,1704093131,light_jacket_jeans
Snow,637,0.8,1034.8,67.7,-2.2,1.9,1.8,62.1,1704142159,1704096139,medium_coat_scarf
Rain,531,22.8,1026.9,92.6,20.2,24.4,5.1,28.7,1704137354,1704092636,light_rain_jacket
Clear,882,35.3,1019.1,41.8,34.0,37.4,1.1,22.2,1704137637,1704093067,hot_summer
Snow,619,-9.6,1020.0,77.6,-11.5,-7.2,3.3,59.5,1704130964,1704091512,winter_wet_gear
Clear,868,38.4,1002.6,31.8,35.4,39.3,0.2,24.3,1704131656,1704095216,hot_summer
Snow,693,-1.8,980.9,45.9,-3.5,-1.1,8.9,11.1,1704138297,1704098397,warm_winter_coat
Clouds,850,17.8,980.7,63.4,16.9,19.8,22.5,77.8,1704135088,1704093632,windproof_jacket
Clear,805,17.8,1019.9,72.5,15.8,18.9,5.3,23.0,1704139251,1704088802,light_jacket_jeans
Clear,883,32.4,1005.7,30.6,29.5,35.1,7.4,29.0,1704131731,1704091980,hot_summer
Clouds,807,17.2,1003.3,47.4,14.2,18.1,24.1,96.1,1704128281,1704097775,windproof_jacket
Clear,844,-21.4,991.4,68.3,-22.3,-19.0,0.5,21.4,1704140669,1704094359,extreme_cold_gear
Clear,827,19.8,1025.1,53.9,17.5,20.8,3.0,9.4,1704129575,1704093768,light_jacket_jeans
Drizzle,301,-7.8,987.7,92.3,-8.7,-5.9,7.0,85.1,1704136458,1704096588,winter_wet_gear
Drizzle,319,26.4,1008.2,87.4,24.3,28.7,7.8,53.0,1704128847,1704089845,light_rain_jacket
Drizzle,317,20.4,1025.8,77.5,19.2,22.3,4.8,26.6,1704142000,1704093800,light_rain_jacket
Clear,848,-4.8,990.1,46.7,-6.7,-4.0,10.2,8.7,1704141796,1704095545,warm_winter_coat
Rain,526,13.8,989.5,98.9,12.3,15.5,9.9,51.8,1704133814,1704090928,raincoat_umbrella
Drizzle,394,23.2,999.0,83.4,21.0,24.2,8.7,55.0,1704138068,1704098788,light_rain_jacket
Rain,558,6.8,1026.9,82.3,5.1,8.9,6.1,18.0,1704142786,1704099219,raincoat_umbrella
Snow,674,-4.6,986.7,42.5,-7.2,-3.8,5.3,65.0,1704132107,1704089522,warm_winter_coat
Clear,883,33.0,992.7,62.9,31.3,35.7,6.8,19.7,1704137000,1704091129,hot_summer
Rain,519,15.9,1015.2,84.4,14.3,18.6,4.9,19.6,1704125347,1704089728,raincoat_umbrella
Drizzle,336,14.2,993.2,62.0,11.4,15.8,2.9,22.4,1704127298,1704089254,light_jacket_jeans
Rain,532,15.1,1014.1,88.0,13.7,16.8,13.6,12.7,1704136665,1704098901,raincoat_umbrella
Clear,882,-17.9,985.4,69.4,-19.3,-17.4,17.2,8.2,1704131258,1704093309,extreme_cold_gear
Clouds,843,11.0,991.8,60.5,10.5,12.3,17.6,73.4,1704133047,1704092646,windproof_jacket
Clouds,810,3.4,992.8,62.0,0.9,4.6,4.4,93.9,1704131506,1704089945,medium_coat_scarf
Clear,860,37.8,1015.7,47.3,36.3,39.8,6.4,26.6,1704132312,1704095604,hot_summer
Clouds,808,26.1,1037.4,79.4,25.4,27.1,8.8,34.3,1704139078,1704094205,tshirt_shorts
Snow,677,-25.8,982.1,73.4,-26.7,-23.9,16.6,73.2,1704141612,1704098201,extreme_cold_gear
Clear,865,5.1,986.0,72.2,4.6,7.4,3.0,8.6,1704137825,1704090377,medium_coat_scarf
Rain,531,18.4,1028.9,91.6,17.8,20.2,8.3,59.7,1704134286,1704093203,light_rain_jacket
Snow,681,-27.4,1029.6,78.2,-28.3,-26.8,5.1,92.0,1704138551,1704098242,extreme_cold_gear
Rain,506,27.6,1001.2,73.4,26.4,28.3,6.5,99.9,1704130681,1704096383,light_rain_jacket
Clouds,844,10.8,985.5,53.9,9.5,11.3,15.1,11.3,1704138975,1704091178,windproof_jacket
Clear,858,31.4,1012.4,45.0,30.9,32.2,6.1,2.3,1704141597,1704093233,hot_summer
Clear,817,34.2,999.5,42.3,33.0,34.7,4.6,1.2,1704142183,1704099366,hot_summer
Clear,854,-24.1,1022.4,79.5,-25.3,-22.2,16.8,0.8,1704136830,1704096471,extreme_cold_gear
Clouds,818,13.7,996.1,65.4,11.4,14.8,24.2,60.7,1704128174,1704093200,windproof_jacket
Snow,666,-28.1,1037.3,50.8,-30.1,-26.9,19.6,94.7,1704128508,1704092633,extreme_cold_gear
Rain,519,8.9,1014.4,85.7,8.1,10.5,13.7,96.5,1704135603,1704093326,raincoat_umbrella
Clear,899,26.6,996.0,54.6,24.5,29.3,4.7,10.3,1704139926,1704090788,tshirt_shorts
Clear,858,10.2,994.4,72.2,8.3,11.3,8.7,17.9,1704141173,1704093800,light_jacket_jeans
Clear,828,37.5,1011.6,31.2,36.1,38.1,7.7,9.1,1704125507,1704099484,hot_summer
Clouds,872,28.8,982.1,60.6,27.1,29.7,7.3,36.5,1704140465,1704090098,tshirt_shorts
Clear,880,-17.9,1039.5,63.7,-18.4,-16.1,15.7,6.9,1704129277,1704098779,extreme_cold_gear
Clouds,888,8.5,997.1,43.3,7.2,9.5,19.8,13.8,1704127532,1704089058,windproof_jacket
Clear,874,-10.4,1015.5,38.9,-12.6,-9.3,3.7,10.1,1704142771,1704093400,extreme_cold_gear
Clouds,886,21.5,984.0,49.2,19.4,23.0,6.2,46.5,1704142539,1704089006,tshirt_shorts
Rain,592,9.3,1038.1,81.6,7.9,11.7,9.3,92.1,1704129496,1704098750,raincoat_umbrella
Rain,572,12.0,1014.7,97.4,9.6,12.8,6.8,30.0,1704139221,1704090837,raincoat_umbrella
Clouds,809,9.0,1011.3,64.6,7.7,10.3,18.6,51.9,1704125605,1704095623,windproof_jacket
Rain,554,18.3,1014.2,90.9,15.8,19.0,9.8,49.6,1704135353,1704098359,raincoat_umbrella
Clear,886,-9.7,1024.0,63.2,-12.5,-8.1,10.6,26.8,1704131952,1704096338,warm_winter_coat
Clouds,865,29.3,1025.4,65.2,28.2,30.8,9.3,10.3,1704133708,1704090637,tshirt_shorts
Clear,811,25.2,993.2,62.2,23.8,28.1,7.4,11.0,1704138391,1704093594,tshirt_shorts
Clouds,857,27.5,1011.6,42.6,26.2,29.4,7.1,90.1,1704133612,1704094208,tshirt_shorts
Snow,646,-13.6,1003.5,46.7,-16.3,-12.6,14.6,43.0,1704141549,1704092003,extreme_cold_gear
Rain,584,12.6,1035.1,95.4,10.1,14.1,9.6,48.6,1704140081,1704093500,raincoat_umbrella
Clear,848,-1.3,1033.3,48.6,-4.0,-0.3,4.5,6.2,1704130517,1704098647,warm_winter_coat
Drizzle,398,19.2,1033.2,75.3,17.2,20.6,9.8,23.5,1704140295,1704093860,light_rain_jacket
Clear,880,33.2,1010.8,66.2,31.8,35.3,2.8,23.5,1704141891,1704098113,hot_summer
Clear,860,30.2,1030.4,32.3,29.6,32.1,4.7,0.5,1704130681,1704097650,hot_summer
Clouds,896,14.3,980.7,57.1,12.8,15.3,16.4,20.1,1704137621,1704095036,windproof_jacket
Clear,892,28.3,986.0,43.3,27.1,30.5,7.7,26.4,1704131393,1704094065,tshirt_shorts
Drizzle,317,11.4,1023.3,55.0,10.7,11.9,9.6,37.8,1704124966,1704091912,light_jacket_jeans
Drizzle,325,25.0,982.9,83.9,22.4,25.6,2.2,57.0,1704140120,1704094277,light_rain_jacket
Clear,867,-13.3,1022.7,36.0,-14.7,-11.9,8.6,11.2,1704126947,1704097029,extreme_cold_gear
Clouds,855,11.5,1033.0,64.4,10.6,13.2,14.3,12.1,1704130731,1704099009,windproof_jacket
Clouds,838,1.9,1020.4,65.0,0.1,3.6,4.7,5.0,1704138404,1704099314,medium_coat_scarf
Snow,677,-7.5,996.7,60.2,-8.2,-5.8,1.0,18.2,1704125634,1704095614,warm_winter_coat
Clear,847,35.4,1027.3,51.3,34.2,36.6,7.2,4.6,1704125403,1704096834,hot_summer
Snow,696,-13.9,1007.1,46.1,-15.0,-12.1,12.1,28.7,1704131021,1704091077,extreme_cold_gear
Clear,819,29.1,1015.6,45.6,28.4,30.4,5.4,16.3,1704131922,1704089353,tshirt_shorts
Clouds,802,10.3,1013.7,81.7,9.7,12.2,11.2,48.2,1704138710,1704093221,light_jacket_jeans
Clouds,884,19.6,997.8,83.6,16.7,20.3,9.5,24.5,1704131198,1704097910,light_jacket_jeans
Rain,549,18.5,986.3,83.2,16.3,20.3,4.6,43.5,1704135224,1704089115,light_rain_jacket
Clear,885,36.9,1030.2,58.9,35.7,38.0,1.1,4.6,1704129383,1704092820,hot_summer
Clouds,823,15.4,1005.6,61.2,13.8,16.3,23.4,6.2,1704125648,1704095792,windproof_jacket
Clear,847,34.4,998.0,41.5,32.8,35.3,3.9,17.9,1704134640,1704090059,hot_summer
Drizzle,341,20.7,1001.0,91.2,18.8,22.3,3.1,34.6,1704134764,1704093765,light_rain_jacket
Clouds,894,15.8,988.0,61.8,15.1,16.5,12.5,93.6,1704136342,1704097824,windproof_jacket
Drizzle,328,18.6,1025.2,66.3,16.5,21.4,7.3,77.9,1704141843,1704099408,light_jacket_jeans
Clear,808,18.1,1021.0,71.4,15.3,20.8,3.1,29.5,1704138314,1704092063,light_jacket_jeans
Snow,684,-2.4,1019.0,79.2,-4.5,-1.8,2.7,23.1,1704127569,1704091468,winter_wet_gear
Clouds,859,22.6,1016.0,75.6,21.1,25.4,4.9,9.6,1704131001,1704095166,tshirt_shorts
Clear,838,3.2,1018.1,67.3,2.2,4.5,2.4,25.0,1704140011,1704093648,medium_coat_scarf
Rain,522,10.0,1030.1,84.4,8.1,12.7,4.9,50.9,1704126004,1704088970,raincoat_umbrella
Clear,806,37.1,997.9,68.0,34.7,39.2,5.6,3.2,1704131280,1704089320,hot_summer
Drizzle,358,11.8,984.0,81.6,10.6,12.4,7.1,14.1,1704125878,1704092140,light_jacket_jeans
Snow,614,-16.7,1007.2,69.1,-17.4,-15.4,5.9,8.7,1704135557,1704097685,extreme_cold_gear
Clear,847,28.0,1025.5,56.0,26.2,28.7,1.9,2.7,1704135619,1704092649,tshirt_shorts
Clear,831,-17.0,980.6,69.2,-18.8,-15.5,18.7,26.4,1704139454,1704091196,extreme_cold_gear
Snow,661,-7.7,1028.6,44.9,-8.2,-6.5,9.5,71.5,1704137235,1704092698,warm_winter_coat
Clear,813,25.4,983.4,58.9,24.8,27.3,2.7,12.3,1704134404,1704092118,tshirt_shorts
Drizzle,361,18.0,1033.9,82.5,15.1,20.6,11.7,31.7,1704125073,1704097841,light_jacket_jeans
Clear,826,-10.2,1037.0,44.5,-11.8,-7.5,19.0,14.2,1704132042,1704098985,extreme_cold_gear
Rain,580,23.5,1027.2,86.7,21.5,24.3,3.3,32.0,1704136479,1704092271,light_rain_jacket
Clear,858,-28.7,985.3,35.4,-30.3,-26.0,19.4,19.6,1704125320,1704091978,extreme_cold_gear
Clear,850,18.8,1034.4,61.5,15.9,21.3,6.1,22.7,1704134359,1704093643,light_jacket_jeans
Clouds,853,11.3,1005.3,46.2,9.4,13.3,22.7,44.4,1704125420,1704095178,windproof_jacket
Clear,806,13.3,1038.8,74.8,12.3,14.1,11.6,19.1,1704132610,1704099017,light_jacket_jeans
Clear,817,23.2,1012.7,71.9,21.9,26.1,2.1,5.4,1704136183,1704090377,tshirt_shorts
Rain,533,20.4,1012.0,82.3,18.6,21.8,5.7,18.5,1704135347,1704091889,light_rain_jacket
Drizzle,362,-8.7,1025.2,86.0,-9.6,-7.1,6.7,22.9,1704129857,1704095582,winter_wet_gear
Clear,812,-4.1,1023.1,50.9,-5.1,-2.2,1.4,0.7,1704125986,1704098951,warm_winter_coat
Clear,887,21.6,1016.4,42.6,19.9,23.7,2.7,3.7,1704128937,1704097966,tshirt_shorts
Clear,863,29.4,1037.5,43.2,27.3,32.3,3.5,2.5,1704133282,1704099364,tshirt_shorts
Rain,581,11.6,1024.6,80.4,10.1,13.3,5.1,57.5,1704129109,1704094736,raincoat_umbrella
Clear,895,29.0,981.0,45.7,27.0,29.9,0.8,19.9,1704125226,1704091325,hot_summer
Clouds,870,12.4,995.3,46.0,10.9,15.1,22.9,41.7,1704125836,1704096984,windproof_jacket
Clouds,883,12.0,1029.7,49.7,10.9,14.7,22.7,98.8,1704135446,1704094608,windproof_jacket
Clouds,832,17.3,1023.8,49.2,15.6,20.2,14.9,74.5,1704141241,1704090989,windproof_jacket
Rain,529,8.3,1007.5,87.8,6.7,10.1,10.8,56.7,1704133796,1704099088,raincoat_umbrella
Snow,641,-8.1,1004.4,92.1,-9.6,-6.2,12.2,5.9,1704136622,1704098446,winter_wet_gear
Drizzle,389,-3.8,1022.4,87.7,-4.8,-2.6,3.3,31.1,1704135241,1704094698,winter_wet_gear
Clouds,866,16.9,989.6,64.2,14.9,18.4,22.2,4.8,1704131092,1704098618,windproof_jacket
Clouds,818,4.0,1004.9,63.8,3.1,5.5,8.8,77.2,1704141894,1704090473,medium_coat_scarf
Drizzle,315,10.5,1016.1,70.9,8.4,11.3,8.4,65.0,1704135941,1704091337,light_jacket_jeans
Snow,663,-2.6,987.3,71.8,-4.9,-1.2,2.2,15.5,1704129514,1704093959,warm_winter_coat
Clear,881,30.0,997.2,37.6,27.9,32.1,3.7,7.4,1704132318,1704097704,hot_summer
Drizzle,387,12.9,1025.9,77.0,12.1,15.8,3.3,81.9,1704141660,1704099443,light_jacket_jeans
Snow,610,-1.9,983.2,89.1,-3.5,-0.9,4.5,72.2,1704127482,1704091519,winter_wet_gear
Clouds,810,16.7,1022.5,61.7,15.9,18.9,22.8,58.0,1704130424,1704096256,windproof_jacket
Rain,538,26.3,1005.0,74.1,24.2,27.5,6.4,57.1,1704141638,1704098727,light_rain_jacket
Clear,851,32.6,1027.8,62.9,30.4,33.8,5.3,8.2,1704136254,1704098941,hot_summer
Clear,809,6.3,1014.0,50.4,4.5,9.2,9.7,21.1,1704136715,1704095163,medium_coat_scarf
Snow,694,-29.7,991.0,62.7,-32.7,-27.1,9.1,48.6,1704141469,1704099320,extreme_cold_gear
Clouds,806,11.2,1013.2,58.4,9.4,11.8,4.0,87.3,1704139155,1704094884,light_jacket_jeans
Clear,863,27.7,989.3,77.9,27.2,30.7,1.0,28.8,1704140526,1704088850,tshirt_shorts
Clear,830,-29.0,992.8,78.4,-32.0,-26.6,14.8,7.7,1704128519,1704093397,extreme_cold_gear
Rain,572,24.4,1006.1,83.2,23.5,25.5,7.8,69.3,1704130728,1704098556,light_rain_jacket
Snow,617,-10.3,1039.4,33.9,-12.9,-9.6,3.2,29.3,1704137425,1704096710,extreme_cold_gear
Snow,695,-3.9,995.7,89.4,-5.9,-2.0,4.4,62.5,1704139463,1704097095,winter_wet_gear
Clear,852,-28.5,992.9,59.7,-31.5,-27.8,4.6,3.0,1704131373,1704090395,extreme_cold_gear
Clouds,858,23.5,981.5,79.9,22.7,24.3,4.3,36.3,1704125760,1704091840,tshirt_shorts
Rain,564,17.4,1032.1,77.0,16.0,19.8,10.5,83.9,1704139922,1704093416,raincoat_umbrella
Clear,885,30.2,1023.9,62.0,28.2,32.8,2.7,12.6,1704140395,1704097484,hot_summer
Snow,606,-8.2,1038.9,55.3,-10.7,-7.5,5.8,1.9,1704130707,1704089668,warm_winter_coat
Drizzle,325,11.2,1000.9,81.4,9.3,11.9,2.8,61.1,1704142316,1704097428,light_jacket_jeans
Snow,636,-8.6,1024.5,69.9,-10.6,-6.1,4.6,25.4,1704130317,1704094914,warm_winter_coat
Clouds,853,9.8,1039.3,41.1,7.7,12.4,17.5,87.4,1704131437,1704095217,windproof_jacket
Snow,600,-6.0,1013.4,59.1,-8.7,-4.7,3.6,38.3,1704131819,1704098205,warm_winter_coat
Drizzle,361,14.4,1024.4,84.2,12.2,17.2,5.8,3.0,1704125183,1704092933,light_jacket_jeans
Clear,810,39.6,984.4,32.7,37.1,41.2,5.2,11.3,1704134863,1704099569,hot_summer
Clear,839,32.0,989.9,47.5,30.2,33.0,2.1,20.7,1704135452,1704092251,hot_summer
Clear,820,-8.9,1037.5,71.9,-11.6,-6.4,8.8,13.2,1704125504,1704098249,warm_winter_coat
Snow,620,-20.1,1024.2,74.8,-21.2,-18.2,7.3,62.3,1704134788,1704098007,extreme_cold_gear
Clouds,891,10.3,1035.7,49.1,8.7,12.8,14.1,39.8,1704126955,1704094340,windproof_jacket
Clear,873,17.3,1017.1,73.9,15.8,19.9,8.2,20.5,1704140709,1704090552,light_jacket_jeans
Rain,545,13.7,1000.7,82.8,12.7,16.6,5.0,54.0,1704125393,1704098489,raincoat_umbrella
Clouds,850,24.6,1018.6,71.3,23.1,25.3,3.1,88.2,1704131027,1704094373,tshirt_shorts
Clouds,879,12.8,981.8,44.0,10.2,15.0,22.2,99.3,1704135824,1704099239,windproof_jacket
Drizzle,353,-6.4,1009.7,75.5,-7.5,-3.7,14.4,2.3,1704137209,1704092857,winter_wet_gear
Clear,811,33.1,1025.9,31.5,31.6,34.9,1.0,0.0,1704142315,1704089390,hot_summer
Drizzle,368,17.2,985.3,83.3,14.6,19.1,4.6,47.6,1704142336,1704089305,light_jacket_jeans
Clear,883,35.9,994.8,47.7,34.2,38.1,7.6,16.0,1704128288,1704089534,hot_summer
Snow,629,-5.5,986.4,89.6,-8.1,-3.6,4.4,35.2,1704140825,1704097049,winter_wet_gear
Clear,802,-15.4,1004.8,73.5,-17.7,-13.4,18.5,20.8,1704139779,1704092318,extreme_cold_gear
Clouds,879,28.6,1008.8,50.3,27.6,29.8,2.3,49.9,1704137732,1704090632,tshirt_shorts
Clear,809,10.7,994.1,78.4,10.1,11.7,7.8,26.8,1704137568,1704096922,light_jacket_jeans
Clear,887,-15.6,1010.5,51.3,-16.2,-13.0,11.9,24.1,1704132532,1704099282,extreme_cold_gear
Clear,806,-13.9,987.3,65.5,-15.3,-13.1,11.8,17.3,1704134637,1704097481,extreme_cold_gear
Clouds,849,14.6,1020.5,83.2,13.6,15.2,3.8,57.7,1704127634,1704097430,light_jacket_jeans
Snow,635,2.1,1006.9,52.4,1.3,4.1,4.9,91.6,1704127024,1704092252,medium_coat_scarf
Snow,634,-9.7,1019.4,70.4,-10.5,-8.1,6.0,92.9,1704139947,1704094621,warm_winter_coat
Clouds,873,22.9,1001.3,42.0,20.7,25.4,4.9,25.2,1704125690,1704091443,tshirt_shorts
Rain,555,14.7,992.4,92.2,12.8,17.6,12.1,62.2,1704125857,1704091309,raincoat_umbrella
Clouds,829,10.0,994.1,43.3,7.9,10.9,23.2,2.0,1704140455,1704099502,windproof_jacket
Clouds,830,29.3,1014.8,56.3,27.3,30.5,10.0,4.2,1704139575,1704089150,tshirt_shorts
Rain,513,10.9,1019.6,95.3,10.3,11.6,6.1,10.3,1704125359,1704092249,raincoat_umbrella
Clear,809,6.5,1003.5,68.1,4.7,9.1,3.5,8.6,1704137810,1704098277,medium_coat_scarf
Snow,643,-10.5,992.5,60.2,-11.7,-8.6,0.1,23.0,1704132230,1704091020,extreme_cold_gear
Clear,893,-7.9,1032.9,71.2,-10.8,-6.2,8.7,27.4,1704139720,1704093943,warm_winter_coat
Clear,858,0.3,999.7,66.1,-0.3,1.6,6.2,19.2,1704128936,1704090361,medium_coat_scarf
Clear,877,-27.3,990.2,70.2,-30.0,-24.4,17.3,14.4,1704141736,1704097562,extreme_cold_gear
Clouds,861,0.5,1022.8,60.4,-1.5,3.1,3.8,57.6,1704128728,1704094473,medium_coat_scarf
Snow,656,-24.6,987.8,48.1,-26.3,-23.7,1.2,61.0,1704127842,1704088878,extreme_cold_gear
Drizzle,318,25.2,1018.9,83.5,24.3,26.1,7.8,90.5,1704133644,1704092488,light_rain_jacket
Clouds,812,10.5,1020.7,45.2,7.6,11.5,16.4,49.9,1704130737,1704092733,windproof_jacket
Snow,615,-16.7,1034.5,65.2,-18.7,-14.0,15.8,12.5,1704129280,1704097179,extreme_cold_gear
Drizzle,376,10.3,1002.7,80.0,8.6,13.0,9.3,32.9,1704126617,1704091522,light_jacket_jeans
Snow,676,-24.6,995.7,72.9,-26.0,-22.3,0.7,22.3,1704134531,1704094548,extreme_cold_gear
Clear,806,28.2,1002.9,79.8,25.9,29.7,3.3,18.5,1704134880,1704098573,tshirt_shorts
Clouds,877,25.0,1039.9,41.6,24.2,25.8,8.9,18.1,1704136705,1704095939,tshirt_shorts
Drizzle,322,13.0,1035.5,66.4,10.4,14.8,4.1,5.4,1704130246,1704095484,light_jacket_jeans
Clouds,810,22.8,991.7,71.9,21.4,24.8,2.9,97.4,1704134888,1704095387,tshirt_shorts
Drizzle,384,19.9,1012.2,73.3,17.1,21.6,8.9,2.0,1704134098,1704092050,light_rain_jacket
Clouds,898,8.2,1012.9,74.5,5.6,9.4,2.0,48.7,1704135686,1704093403,medium_coat_scarf
Drizzle,377,-3.3,1004.4,78.0,-6.2,-2.0,8.2,42.7,1704134491,1704099509,winter_wet_gear
Snow,603,6.5,988.1,53.3,4.9,7.3,6.6,94.3,1704130729,1704089251,medium_coat_scarf
Clear,877,35.1,982.8,69.6,34.0,37.7,1.3,23.4,1704141822,1704096402,hot_summer
Clear,803,-22.2,1013.5,69.4,-24.0,-20.6,8.1,16.8,1704129135,1704090612,extreme_cold_gear
Drizzle,378,-4.4,1014.0,81.2,-5.1,-3.1,11.2,40.4,1704139040,1704092606,winter_wet_gear
Clear,893,4.8,1028.6,60.5,3.5,5.9,2.4,0.6,1704127896,1704090193,medium_coat_scarf
Drizzle,379,-0.5,992.0,91.9,-1.1,1.7,14.0,49.1,1704138260,1704097267,winter_wet_gear
Rain,520,5.5,989.2,76.4,4.2,6.8,4.4,99.0,1704136235,1704089364,raincoat_umbrella
Clear,833,-20.3,980.4,35.5,-22.8,-17.7,1.8,16.5,1704140769,1704094947,extreme_cold_gear
Rain,545,18.8,983.4,90.0,16.4,20.5,11.8,56.0,1704140981,1704095210,raincoat_umbrella
Drizzle,362,-2.2,1022.5,83.0,-4.5,-0.1,10.1,32.6,1704125751,1704091999,winter_wet_gear
Clear,881,26.1,997.1,42.8,23.2,28.1,8.6,18.5,1704132815,1704096626,tshirt_shorts
Clear,854,33.8,1019.4,40.7,31.8,34.5,2.3,29.1,1704141925,1704089616,hot_summer
Snow,696,-17.6,995.7,53.3,-18.1,-15.6,13.1,17.1,1704132366,1704099392,extreme_cold_gear
Rain,530,23.6,1039.1,80.2,22.1,24.5,4.8,4.1,1704128300,1704096643,light_rain_jacket
Snow,628,-11.9,1013.9,58.2,-12.7,-11.1,4.1,10.0,1704127523,1704088932,extreme_cold_gear
Drizzle,313,-8.6,1032.6,79.8,-10.8,-5.7,7.2,3.1,1704139480,1704095725,winter_wet_gear
Snow,686,-3.3,1029.4,98.4,-4.5,-2.8,13.6,95.0,1704135186,1704092627,winter_wet_gear
Clear,838,28.5,988.1,30.9,26.5,30.0,6.2,14.0,1704138903,1704089092,hot_summer
Rain,524,8.7,1009.6,82.7,7.3,10.2,13.1,82.8,1704141294,1704090605,raincoat_umbrella
Clouds,838,19.6,1005.3,56.2,17.4,20.3,3.5,5.0,1704133533,1704089426,light_jacket_jeans
Rain,505,5.2,1021.4,97.9,2.9,8.1,11.2,57.2,1704137625,1704092959,raincoat_umbrella
Clear,835,34.2,996.2,42.9,33.5,34.8,6.4,13.2,1704139847,1704099196,hot_summer
Clear,889,38.2,1013.4,42.7,36.0,40.1,1.4,28.1,1704135870,1704089849,hot_summer
Snow,665,-4.6,986.8,83.3,-5.3,-2.9,8.8,36.8,1704130734,1704093571,winter_wet_gear
Drizzle,390,-5.9,1025.4,82.3,-7.5,-4.9,12.6,48.5,1704141426,1704095682,winter_wet_gear
Clear,865,17.9,1032.5,57.5,16.1,19.6,5.4,1.5,1704129874,1704096913,light_jacket_jeans
Snow,602,-0.5,1006.5,80.0,-1.4,1.0,2.9,16.4,1704129171,1704096032,winter_wet_gear
Rain,520,19.5,990.2,86.4,17.8,21.5,4.4,17.8,1704134336,1704098566,light_rain_jacket
Clear,855,36.2,1014.1,33.8,33.9,37.4,7.4,10.9,1704125514,1704096289,hot_summer
Clear,832,4.7,983.3,59.1,2.8,5.6,2.7,2.1,1704135536,1704097997,medium_coat_scarf
Rain,568,14.0,1018.9,97.5,12.8,16.6,9.9,77.7,1704127961,1704093313,raincoat_umbrella
Snow,627,-16.0,1034.0,55.2,-17.9,-14.1,9.8,83.1,1704132203,1704097515,extreme_cold_gear
Rain,585,7.5,1018.7,82.1,4.9,8.2,7.8,0.5,1704141889,1704098527,raincoat_umbrella
Clouds,882,9.9,997.7,50.4,8.7,12.3,18.2,62.6,1704126353,1704094255,windproof_jacket
Snow,636,-0.2,998.5,88.9,-1.5,1.3,6.5,34.1,1704136201,1704089608,winter_wet_gear
Rain,507,21.7,983.4,86.7,21.0,24.6,7.3,0.4,1704127176,1704097375,light_rain_jacket
Rain,535,7.1,1038.7,90.0,4.6,8.2,14.4,88.8,1704132809,1704090489,raincoat_umbrella
Clear,860,-16.7,1020.4,55.1,-17.6,-16.2,3.5,26.6,1704135608,1704096792,extreme_cold_gear
Clear,848,-3.6,1007.6,52.7,-6.5,-1.8,11.3,4.9,1704131744,1704094400,warm_winter_coat
Clouds,860,24.4,1035.2,43.0,22.7,25.1,9.5,68.4,1704126158,1704097340,tshirt_shorts
Drizzle,311,21.1,1003.9,91.6,20.2,23.9,9.0,0.9,1704132960,1704098506,light_rain_jacket
Clear,816,37.3,982.0,32.6,34.6,38.2,3.9,1.9,1704132199,1704094550,hot_summer
Snow,633,-4.8,1011.9,87.1,-6.4,-4.1,3.1,11.3,1704125682,1704095160,winter_wet_gear
Snow,613,6.3,985.8,71.5,4.0,8.0,7.9,16.8,1704132997,1704093411,medium_coat_scarf
Clear,875,22.3,1006.3,55.8,20.0,23.1,6.5,23.3,1704140602,1704089327,tshirt_shorts
Rain,545,21.7,1013.6,86.8,20.6,24.4,3.3,25.8,1704131577,1704090995,light_rain_jacket
Rain,526,10.4,1018.1,88.8,9.3,12.2,5.9,85.4,1704134963,1704095805,raincoat_umbrella
Snow,608,5.3,1007.0,59.8,4.4,7.3,4.1,12.5,1704135596,1704089002,medium_coat_scarf
Clouds,844,15.5,992.4,54.4,13.7,16.1,13.2,18.8,1704135729,1704091863,windproof_jacket
Drizzle,380,16.5,1034.7,64.5,15.0,18.5,3.0,50.8,1704127185,1704090882,light_jacket_jeans
Clear,857,2.6,1012.8,67.5,-0.2,5.3,5.2,16.0,1704131011,1704090125,medium_coat_scarf
Clouds,880,13.1,1020.6,59.4,10.6,14.0,13.6,48.9,1704141904,1704092048,windproof_jacket
Snow,674,6.7,1019.2,62.0,5.6,8.0,9.9,91.7,1704139893,1704092716,medium_coat_scarf
Clouds,887,8.3,1010.0,50.9,7.2,8.9,23.9,72.7,1704139829,1704095046,windproof_jacket
Clouds,814,20.8,1010.8,55.5,20.2,22.0,6.0,69.5,1704126238,1704097647,tshirt_shorts
Clear,856,39.8,1015.7,38.6,39.2,41.9,0.5,22.2,1704126658,1704094548,hot_summer
Drizzle,319,-3.8,983.4,86.4,-6.7,-2.9,5.6,98.9,1704130121,1704095338,winter_wet_gear
Clouds,895,23.8,1035.6,70.6,22.5,26.5,6.0,39.8,1704127254,1704089331,tshirt_shorts
Clouds,881,26.0,1030.4,53.1,23.4,26.8,7.8,32.4,1704127549,1704097847,tshirt_shorts
Clouds,807,15.1,1034.7,55.7,13.1,16.5,7.8,84.3,1704133253,1704089739,light_jacket_jeans
Clear,827,35.5,1039.6,49.6,33.5,37.4,3.2,26.4,1704128423,1704095503,hot_summer
Clear,834,34.3,1014.0,58.4,31.4,36.0,0.9,7.7,1704134704,1704097504,hot_summer
Rain,540,10.6,995.9,82.6,8.0,11.8,5.1,50.2,1704129698,1704090503,raincoat_umbrella
Clear,839,4.9,984.4,59.4,3.4,5.8,8.8,0.9,1704131161,1704096832,medium_coat_scarf
Rain,511,6.9,984.4,84.4,3.9,9.8,9.5,60.4,1704129594,1704097755,raincoat_umbrella
Snow,621,-5.3,988.2,77.8,-8.3,-3.4,13.5,9.0,1704133264,1704097719,winter_wet_gear
Clouds,860,14.3,1019.3,59.2,13.0,16.0,24.5,33.9,1704131575,1704091600,windproof_jacket
Snow,658,-2.5,999.1,76.6,-4.2,-0.2,6.5,48.6,1704141049,1704095556,winter_wet_gear
Clear,863,25.9,1013.8,44.8,23.4,28.9,3.3,5.6,1704128164,1704091119,tshirt_shorts
Clouds,807,25.8,1033.7,55.6,23.2,27.2,1.1,3.5,1704141399,1704095704,tshirt_shorts
Clear,899,36.8,991.5,50.9,34.5,39.5,0.6,25.2,1704142624,1704090069,hot_summer
Clear,832,-14.6,1007.8,70.9,-16.8,-13.4,18.8,1.9,1704140203,1704089801,extreme_cold_gear
Clouds,846,14.2,993.4,47.7,11.4,15.5,12.3,67.5,1704131908,1704098257,windproof_jacket
Clear,841,32.8,997.3,68.6,30.5,34.9,4.3,3.6,1704141916,1704092838,hot_summer
Drizzle,318,25.5,988.1,75.1,24.2,28.3,9.0,10.9,1704131904,1704096310,light_rain_jacket
Clear,860,-13.6,989.6,32.4,-15.0,-12.3,13.1,2.6,1704134977,1704095285,extreme_cold_gear
Clear,895,-14.1,984.2,63.1,-17.0,-12.3,7.6,23.3,1704136545,1704090300,extreme_cold_gear
Clear,833,21.4,982.3,62.3,18.9,23.4,1.8,1.1,1704140896,1704092667,tshirt_shorts
Clear,850,19.3,1028.4,78.0,18.0,19.8,11.8,0.3,1704128739,1704089816,light_jacket_jeans
Snow,636,-29.4,1038.6,74.1,-29.9,-27.6,0.5,1.1,1704131150,1704096001,extreme_cold_gear
Rain,566,8.4,1029.3,93.5,5.4,9.2,4.7,79.4,1704130939,1704098591,raincoat_umbrella
Clear,836,0.3,1001.1,64.0,-1.2,3.2,7.7,7.4,1704129473,1704093370,medium_coat_scarf
Clear,847,-8.9,984.4,65.7,-10.2,-6.6,8.5,27.0,1704134262,1704091791,warm_winter_coat
Snow,640,-16.7,1003.6,48.6,-19.0,-15.9,7.4,79.6,1704136928,1704092519,extreme_cold_gear
Snow,690,7.6,985.3,78.5,6.9,9.7,5.1,62.7,1704137619,1704094499,medium_coat_scarf
Drizzle,374,-3.0,1007.6,87.7,-3.8,-1.8,13.1,23.7,1704127860,1704094886,winter_wet_gear
Rain,586,15.0,997.3,80.1,14.0,16.2,13.7,33.1,1704130105,1704089600,raincoat_umbrella
Drizzle,397,11.9,998.0,83.1,9.4,13.3,5.4,68.5,1704140707,1704096865,light_jacket_jeans
Clouds,808,11.7,1023.4,41.0,10.1,12.8,18.0,30.1,1704125889,1704097146,windproof_jacket
Clear,862,-7.2,995.1,60.0,-8.5,-5.5,9.2,15.7,1704133982,1704090542,warm_winter_coat
Drizzle,353,-5.0,1031.5,94.6,-5.9,-4.4,2.7,26.2,1704125882,1704097807,winter_wet_gear
Snow,603,-6.8,1022.1,88.1,-8.2,-5.7,8.6,51.8,1704142455,1704091550,winter_wet_gear
Clear,805,-11.3,997.2,79.0,-12.2,-9.4,8.3,19.0,1704139315,1704095056,extreme_cold_gear
Clear,855,5.9,1022.9,71.3,4.5,8.1,1.8,18.4,1704135590,1704095772,medium_coat_scarf
Clouds,899,16.0,1001.0,77.5,13.6,17.7,9.7,37.2,1704137632,1704094962,light_jacket_jeans
Snow,642,3.2,1006.4,53.2,0.4,5.2,5.7,23.0,1704142730,1704092549,medium_coat_scarf
Rain,583,17.9,1020.8,84.4,15.7,19.7,14.9,42.4,1704139125,1704090005,raincoat_umbrella
Clouds,888,10.4,1036.4,69.8,9.3,11.2,17.0,39.0,1704125377,1704098040,windproof_jacket
Rain,562,26.4,1002.1,87.4,25.7,27.3,5.3,82.8,1704139509,1704098590,light_rain_jacket
Rain,536,16.2,1021.3,78.3,14.7,19.1,5.4,85.0,1704132300,1704091133,raincoat_umbrella
Clear,855,39.4,1011.7,58.8,38.8,41.8,7.4,7.8,1704130249,1704090110,hot_summer
Clouds,870,9.6,1022.6,55.8,7.9,10.6,19.2,87.8,1704140047,1704092402,windproof_jacket
Snow,600,9.0,1036.5,61.9,6.5,10.4,3.6,88.3,1704138307,1704095698,medium_coat_scarf
Clear,877,24.3,1011.2,54.3,21.8,25.9,4.4,19.0,1704134406,1704097628,tshirt_shorts
Clear,803,28.6,995.4,39.2,27.7,31.2,7.2,6.6,1704136948,1704094200,hot_summer
Clouds,846,25.3,1010.7,48.2,23.3,25.9,1.2,7.9,1704134699,1704089952,tshirt_shorts
Clear,853,31.4,985.9,68.5,30.8,32.2,2.5,15.8,1704133158,1704091169,hot_summer
Rain,592,21.5,1012.9,74.2,18.5,23.3,9.0,85.2,1704131302,1704090076,light_rain_jacket
Clouds,838,14.4,1022.5,63.5,12.5,15.4,13.1,74.3,1704133848,1704094623,windproof_jacket
Drizzle,327,-0.2,991.1,80.4,-0.9,1.2,12.3,45.2,1704125614,1704097183,winter_wet_gear
Rain,525,18.3,1018.1,83.8,17.1,21.1,10.6,18.4,1704127924,1704090780,raincoat_umbrella
Drizzle,321,19.0,991.3,65.7,18.0,20.5,2.5,6.7,1704127801,1704090076,light_jacket_jeans
Clear,880,7.6,995.7,76.2,5.6,8.7,3.5,9.8,1704142404,1704098445,medium_coat_scarf
Snow,681,-7.5,981.0,61.0,-9.7,-5.5,11.7,67.3,1704135714,1704088904,warm_winter_coat
Clear,895,39.3,985.5,37.0,37.4,40.8,3.8,18.8,1704140938,1704094430,hot_summer
Clouds,875,3.0,982.7,77.7,0.3,4.0,9.2,36.2,1704130574,1704095044,medium_coat_scarf
Snow,668,-21.5,1010.8,61.7,-22.9,-20.0,3.8,71.7,1704135896,1704090573,extreme_cold_gear
Clear,873,25.8,997.1,79.4,25.2,28.5,1.0,26.1,1704132148,1704094462,tshirt_shorts
Snow,677,7.9,989.4,62.3,5.5,9.5,6.0,47.5,1704137430,1704094823,medium_coat_scarf
Clear,838,23.1,1027.4,60.6,21.1,24.7,5.9,19.7,1704132261,1704093917,tshirt_shorts
Snow,651,-14.0,995.4,63.3,-15.3,-12.7,9.9,72.6,1704134851,1704096866,extreme_cold_gear
Clear,828,37.8,1037.0,67.4,36.3,40.4,4.1,16.1,1704133294,1704094124,hot_summer
Rain,537,15.4,1030.2,90.5,13.3,18.2,13.0,59.0,1704136756,1704098842,raincoat_umbrella
Drizzle,342,-3.0,1014.0,96.2,-4.0,-1.9,12.1,67.5,1704139704,1704091686,winter_wet_gear
Clouds,830,27.6,1008.2,56.8,27.0,28.4,3.0,9.3,1704133875,1704090821,tshirt_shorts
Clear,886,21.8,1031.1,65.4,19.7,23.2,3.6,22.7,1704138770,1704091067,tshirt_shorts
Clouds,853,3.6,1039.0,65.5,2.7,4.7,3.5,18.7,1704136659,1704098736,medium_coat_scarf
Clouds,897,23.3,981.0,55.0,20.4,25.5,9.0,69.9,1704137175,1704099534,tshirt_shorts
Rain,516,10.4,1034.1,96.4,9.1,11.2,13.3,0.5,1704133718,1704093703,raincoat_umbrella
Clear,826,7.4,1038.4,67.6,4.8,9.2,5.2,19.4,1704136732,1704094792,medium_coat_scarf
Clear,822,37.7,1020.1,30.6,34.9,38.3,5.2,24.0,1704140751,1704090460,hot_summer
Drizzle,393,-2.8,1035.8,87.7,-4.1,-1.1,2.5,30.8,1704142122,1704093434,winter_wet_gear
Clear,852,33.5,1020.7,52.6,30.5,35.8,5.3,28.0,1704140635,1704091901,hot_summer
Snow,660,-28.8,1026.6,34.2,-30.6,-27.5,13.8,86.7,1704135939,1704095555,extreme_cold_gear
Clear,867,-6.1,1039.8,61.3,-8.8,-5.4,5.0,2.0,1704141718,1704089255,warm_winter_coat
Clouds,857,9.1,1015.2,40.3,8.4,11.0,23.3,42.2,1704133505,1704093052,windproof_jacket
Clear,840,-5.7,1018.5,60.2,-7.0,-4.2,11.7,2.9,1704132843,1704096793,warm_winter_coat
Clouds,867,24.8,1013.3,61.5,22.9,26.0,0.6,79.1,1704131306,1704096009,tshirt_shorts
Clear,843,7.5,989.4,52.7,4.5,10.5,9.5,13.7,1704139905,1704097180,medium_coat_scarf
Clouds,817,11.9,1030.2,68.1,10.6,14.3,20.3,62.0,1704135538,1704091286,windproof_jacket
Clear,841,37.0,1039.5,33.9,36.0,38.8,3.8,23.1,1704132172,1704091323,hot_summer
Drizzle,376,-4.2,1000.7,86.3,-6.7,-1.4,3.5,89.5,1704136185,1704096544,winter_wet_gear
Clear,864,-6.9,984.2,40.5,-8.2,-4.4,3.8,17.0,1704133234,1704096712,warm_winter_coat
Clouds,893,11.8,1025.6,64.8,11.0,13.7,6.2,83.8,1704138951,1704097026,light_jacket_jeans
Clear,831,-27.0,1035.5,58.3,-29.7,-25.9,19.0,3.4,1704138452,1704098626,extreme_cold_gear
Snow,607,-7.7,1006.2,93.3,-9.4,-5.9,8.8,64.8,1704139236,1704089051,winter_wet_gear
Clear,859,33.7,1018.4,58.7,32.8,35.6,2.0,20.0,1704133780,1704097133,hot_summer
Clear,897,38.3,1006.3,46.6,37.1,40.7,0.7,6.9,1704139696,1704089615,hot_summer
Rain,577,6.6,1008.1,85.4,5.6,7.4,8.1,86.1,1704127929,1704095472,raincoat_umbrella
Clear,823,36.6,991.5,66.7,33.9,39.2,3.3,15.5,1704137266,1704089510,hot_summer
Clear,898,18.2,1023.3,79.4,16.8,19.0,10.2,25.6,1704133767,1704097898,light_jacket_jeans
Clear,814,-21.6,984.0,74.3,-23.6,-19.0,3.9,11.4,1704129323,1704091705,extreme_cold_gear
Drizzle,303,18.4,991.6,58.8,16.5,19.4,3.3,97.1,1704131913,1704097880,light_jacket_jeans
Rain,518,23.7,1006.7,71.2,21.3,24.3,3.6,67.7,1704137936,1704090446,light_rain_jacket
Rain,541,24.2,991.0,77.2,21.9,25.6,4.8,25.3,1704134053,1704096224,light_rain_jacket
Clouds,807,14.0,985.9,64.0,13.1,15.3,6.1,97.5,1704126144,1704092248,light_jacket_jeans
Clear,822,1.5,988.4,72.0,-1.2,2.3,5.5,23.3,1704140097,1704089524,medium_coat_scarf
Drizzle,392,-2.0,1022.1,88.8,-4.2,-0.4,8.8,80.6,1704140021,1704092265,winter_wet_gear
Clear,879,37.2,982.3,54.9,35.1,39.1,6.1,25.1,1704140359,1704095545,hot_summer
Snow,613,-2.6,1004.9,95.7,-4.6,-0.7,8.7,19.6,1704132831,1704091944,winter_wet_gear
Clear,819,23.4,1034.6,56.7,20.7,24.7,9.3,21.5,1704135846,1704092915,tshirt_shorts
Clouds,845,27.4,988.6,73.3,26.7,29.6,7.5,62.2,1704127184,1704092923,tshirt_shorts
Clear,824,34.8,1023.1,64.7,34.1,36.5,4.7,11.2,1704140407,1704093060,hot_summer
Rain,508,19.1,984.6,99.6,17.6,21.6,12.9,56.1,1704128348,1704089394,raincoat_umbrella
Clouds,830,13.3,1031.8,41.3,11.9,14.7,13.7,84.6,1704125265,1704098914,windproof_jacket
Clear,805,21.2,1004.9,56.8,18.9,23.7,1.9,11.5,1704125208,1704095355,tshirt_shorts
Drizzle,369,22.4,1035.6,89.0,21.8,23.1,3.0,3.4,1704133562,1704089916,light_rain_jacket
Clear,897,21.4,1010.6,79.1,20.4,23.7,5.9,15.7,1704135119,1704089715,tshirt_shorts
Clouds,806,24.8,1036.1,64.2,23.6,27.6,4.8,24.1,1704135772,1704089628,tshirt_shorts
Rain,508,12.5,989.5,93.4,10.9,13.2,12.4,41.9,1704139327,1704093584,raincoat_umbrella
Rain,579,24.9,1035.5,81.6,22.9,27.0,2.6,69.5,1704142519,1704093104,light_rain_jacket
Clear,851,-19.8,1032.2,56.8,-22.4,-17.3,19.1,14.8,1704141398,1704089101,extreme_cold_gear
Clear,872,37.3,985.3,60.4,35.9,38.9,1.5,21.0,1704129472,1704089136,hot_summer
Clouds,813,20.6,1027.8,64.0,17.9,23.1,1.2,64.2,1704131659,1704090010,tshirt_shorts
Rain,563,6.5,998.5,98.2,3.8,7.0,13.5,24.7,1704141288,1704095286,raincoat_umbrella
Snow,647,-8.2,1014.9,48.5,-11.1,-7.4,3.0,5.6,1704138806,1704099077,warm_winter_coat
Snow,616,-8.8,1028.7,45.6,-10.1,-7.5,8.2,46.8,1704133218,1704095254,warm_winter_coat
Clouds,813,8.9,1038.6,48.9,8.0,10.7,24.7,25.5,1704132182,1704093999,windproof_jacket
Clear,845,-28.9,985.6,60.5,-30.2,-27.6,11.4,10.8,1704139643,1704092398,extreme_cold_gear
Rain,566,25.5,1027.9,84.3,23.4,28.0,9.5,85.3,1704128562,1704092589,light_rain_jacket
Clear,891,29.6,988.9,49.4,27.3,31.8,1.0,21.1,1704127855,1704092429,tshirt_shorts
Rain,568,13.3,1003.6,78.7,12.4,14.7,5.3,10.1,1704138286,1704092360,raincoat_umbrella
Snow,655,3.4,1031.4,52.4,2.9,4.2,8.5,48.4,1704142487,1704095543,medium_coat_scarf
Drizzle,389,10.5,1006.8,74.6,9.6,11.7,11.8,26.0,1704132429,1704092341,light_jacket_jeans
Drizzle,383,-2.2,1026.5,75.4,-2.8,-1.6,8.8,40.7,1704128365,1704097373,winter_wet_gear
Clear,839,-10.6,1011.8,76.3,-12.6,-9.2,0.8,21.4,1704135865,1704097475,extreme_cold_gear
Clear,869,1.8,1019.5,59.7,-0.1,2.7,5.0,16.0,1704139628,1704093927,medium_coat_scarf
Clouds,860,9.4,990.1,61.8,7.5,10.1,15.3,38.2,1704125076,1704094974,windproof_jacket
Rain,582,23.1,990.0,78.4,20.3,24.0,2.5,77.2,1704125415,1704094949,light_rain_jacket
Clouds,811,16.0,1019.4,65.2,13.9,18.4,21.0,44.1,1704129431,1704090126,windproof_jacket
Clouds,867,18.0,1012.6,67.8,15.3,20.2,13.6,31.5,1704125409,1704091213,windproof_jacket
Clear,886,-5.3,1012.3,52.0,-6.0,-3.9,9.5,27.9,1704127066,1704093176,warm_winter_coat
Drizzle,370,18.8,1009.4,73.5,16.1,21.4,9.1,16.3,1704135257,1704089048,light_rain_jacket
Rain,501,8.8,1029.4,79.9,7.2,9.6,10.5,36.2,1704135030,1704090450,raincoat_umbrella
Clouds,834,21.0,1008.6,49.5,18.1,23.3,3.8,4.5,1704130536,1704092290,tshirt_shorts
Snow,692,5.7,1025.3,72.9,3.9,8.0,7.4,90.3,1704141834,1704097405,medium_coat_scarf
Clear,880,8.8,981.2,73.3,5.9,11.3,9.8,6.2,1704142336,1704091687,medium_coat_scarf
Snow,669,-9.0,1002.2,48.0,-9.9,-6.4,3.7,17.7,1704134908,1704091495,warm_winter_coat
Drizzle,345,18.0,1021.7,51.9,16.9,20.2,12.0,16.0,1704129102,1704097221,light_jacket_jeans
Clouds,801,10.7,1024.4,58.6,9.1,13.2,21.6,48.2,1704127539,1704090884,windproof_jacket
Snow,670,3.0,1022.5,57.9,0.2,3.8,7.3,51.0,1704125433,1704093955,medium_coat_scarf
Clear,868,-18.2,991.8,55.5,-20.8,-16.5,16.8,2.3,1704139872,1704094776,extreme_cold_gear
Clouds,870,21.3,997.6,54.8,19.7,22.1,7.4,57.5,1704137847,1704092367,tshirt_shorts
Drizzle,304,22.1,1032.5,89.6,19.7,24.6,5.8,64.5,1704138288,1704096246,light_rain_jacket
Clouds,844,14.6,998.0,67.4,12.5,16.6,7.4,66.7,1704133385,1704090028,light_jacket_jeans
Clouds,869,21.7,1022.7,50.6,18.9,22.4,4.5,37.6,1704137561,1704092804,tshirt_shorts
Clear,894,-18.7,1035.8,66.9,-20.1,-15.8,2.7,29.2,1704141738,1704097394,extreme_cold_gear
Clear,858,37.8,994.2,53.5,35.2,39.3,1.7,18.8,1704140406,1704091589,hot_summer
Clear,896,31.7,996.4,54.4,30.9,32.7,5.7,12.4,1704128065,1704096156,hot_summer
Clouds,883,8.7,1037.2,43.0,6.1,11.4,15.2,8.5,1704130090,1704092880,windproof_jacket
Clear,883,36.3,992.8,50.5,35.1,38.5,2.4,1.0,1704140481,1704098933,hot_summer
Drizzle,381,23.3,988.9,72.4,21.0,25.4,7.3,24.6,1704138696,1704092194,light_rain_jacket
Snow,666,4.3,989.3,78.2,2.8,5.4,3.9,14.6,1704137739,1704093410,medium_coat_scarf
Clouds,887,16.2,995.5,77.3,13.5,16.9,7.4,35.5,1704131504,1704095187,light_jacket_jeans
Clouds,858,9.4,1019.6,64.5,8.3,11.0,7.4,89.1,1704135340,1704098667,medium_coat_scarf
Rain,587,19.9,1033.5,75.2,17.1,22.3,8.2,56.3,1704135808,1704094887,light_rain_jacket
Clear,829,11.1,988.5,53.8,9.7,13.0,9.2,14.0,1704137125,1704096429,light_jacket_jeans
Clouds,880,12.9,998.1,59.7,10.5,14.8,12.2,88.9,1704133551,1704098521,windproof_jacket
Clear,829,-18.9,1014.9,47.2,-19.5,-16.9,14.5,14.1,1704128062,1704095521,extreme_cold_gear
Snow,692,-8.1,1030.9,65.0,-10.0,-5.3,3.0,53.9,1704138176,1704097148,warm_winter_coat
Clear,878,-15.6,1039.2,36.2,-17.8,-14.0,18.5,9.9,1704142056,1704089099,extreme_cold_gear
Clouds,807,12.2,991.1,43.4,11.0,13.0,18.1,21.6,1704139055,1704096588,windproof_jacket
Snow,683,4.6,1020.4,51.9,2.8,7.1,5.8,74.2,1704128291,1704096922,medium_coat_scarf
Drizzle,398,-4.0,1011.0,79.6,-5.5,-1.3,8.6,32.5,1704137485,1704094393,winter_wet_gear
Drizzle,399,21.5,1035.5,81.2,19.7,22.5,8.4,53.1,1704141425,1704093672,light_rain_jacket
Clear,873,-26.2,989.7,31.5,-27.9,-23.3,18.4,2.2,1704136975,1704099215,extreme_cold_gear
Drizzle,396,-7.8,1036.1,90.3,-9.7,-6.3,5.2,34.6,1704132432,1704099197,winter_wet_gear
Snow,658,-9.4,1003.2,99.4,-12.0,-6.5,5.3,17.8,1704129897,1704091103,winter_wet_gear
Clouds,868,10.7,1029.5,40.2,8.2,13.3,24.6,61.6,1704131749,1704098863,windproof_jacket
Snow,694,-8.5,1011.9,98.2,-9.5,-6.4,11.7,97.9,1704130928,1704095381,winter_wet_gear
Clouds,844,15.9,985.4,47.4,15.0,16.9,19.1,46.5,1704138504,1704092761,windproof_jacket
Clear,886,37.1,990.5,67.4,34.8,38.3,7.5,26.2,1704129623,1704089526,hot_summer
Clear,855,21.9,1007.9,65.1,20.2,23.7,9.8,24.5,1704140819,1704098848,tshirt_shorts
Drizzle,379,16.0,983.1,83.8,14.9,17.4,7.0,22.1,1704141088,1704089270,light_jacket_jeans
Clear,869,-12.1,995.6,78.1,-14.0,-9.8,6.5,13.2,1704126899,1704096272,extreme_cold_gear
Rain,564,11.8,984.1,88.2,10.0,13.9,10.9,78.1,1704140533,1704097137,raincoat_umbrella
Rain,511,7.3,989.4,78.7,5.4,8.7,8.0,85.5,1704135438,1704089551,raincoat_umbrella
Clouds,872,24.0,987.4,50.9,23.4,25.2,2.9,80.6,1704135402,1704090683,tshirt_shorts
Clear,821,38.8,1025.3,62.3,36.8,41.0,7.9,11.8,1704134600,1704089647,hot_summer
Clouds,829,19.9,1025.6,85.0,17.5,22.8,10.7,38.6,1704134482,1704089052,light_jacket_jeans
Rain,599,12.1,1014.1,81.7,9.2,13.2,6.1,7.9,1704128999,1704092424,raincoat_umbrella
Snow,677,1.6,1018.8,68.0,-1.2,3.1,6.9,15.3,1704127796,1704097094,medium_coat_scarf
Clouds,806,14.3,986.3,62.8,12.1,17.0,18.1,24.5,1704134887,1704093353,windproof_jacket
Clouds,813,13.1,995.1,52.2,10.7,14.4,2.7,17.8,1704127929,1704097490,light_jacket_jeans
Snow,633,-7.4,984.4,71.5,-10.3,-5.7,5.9,64.7,1704141349,1704095542,warm_winter_coat
Snow,668,-23.8,1023.6,55.8,-25.5,-23.1,1.1,23.7,1704140924,1704096476,extreme_cold_gear
Clouds,825,13.9,983.4,66.3,11.7,16.8,23.3,36.1,1704127978,1704097490,windproof_jacket
Clear,838,32.1,1011.1,62.1,31.5,34.8,7.2,13.7,1704141805,1704088940,hot_summer
Snow,662,6.3,998.5,50.1,3.9,7.8,3.2,81.2,1704131748,1704090499,medium_coat_scarf
Drizzle,306,26.1,1037.8,83.6,25.3,27.5,7.0,9.2,1704128397,1704093905,light_rain_jacket
Snow,667,-9.8,991.5,61.0,-10.6,-6.8,8.7,13.1,1704130428,1704096954,warm_winter_coat
Clear,886,35.8,1017.9,65.6,34.2,38.1,4.6,4.7,1704128440,1704091726,hot_summer
Snow,606,5.8,1032.7,51.8,3.4,8.0,8.8,85.3,1704127254,1704093086,medium_coat_scarf
Drizzle,373,22.2,1012.0,70.6,20.2,23.8,2.2,83.9,1704128345,1704098326,light_rain_jacket
Drizzle,347,26.5,1028.3,71.7,24.1,27.8,5.3,85.8,1704138143,1704094274,light_rain_jacket
Drizzle,355,19.7,998.4,81.0,18.5,22.7,3.4,27.0,1704133743,1704089215,light_rain_jacket
Clear,821,-11.9,1037.3,76.8,-14.9,-11.3,17.3,1.6,1704126257,1704090598,extreme_cold_gear
Snow,678,-0.5,982.3,69.0,-1.8,0.9,8.2,28.8,1704141708,1704093005,warm_winter_coat
Clear,894,15.5,992.5,70.8,13.2,17.5,4.1,8.3,1704130121,1704097934,light_jacket_jeans
Rain,579,9.1,1006.9,76.5,7.2,11.6,10.4,60.6,1704138686,1704096910,raincoat_umbrella
Clear,859,28.8,1036.2,37.7,26.6,29.9,3.3,11.3,1704125853,1704090171,hot_summer
Clear,804,-23.5,1015.2,52.0,-25.2,-22.2,18.7,2.3,1704126856,1704092457,extreme_cold_gear
Clear,887,-14.1,1013.3,33.9,-16.8,-13.0,8.0,24.0,1704131428,1704091403,extreme_cold_gear
Clear,835,-9.3,1032.4,60.9,-10.4,-7.6,7.4,10.6,1704134914,1704096223,warm_winter_coat
Snow,647,-18.9,1009.3,54.5,-21.6,-17.3,1.0,45.5,1704138727,1704095603,extreme_cold_gear
Clouds,861,7.8,988.2,65.6,5.6,9.6,3.3,89.3,1704140092,1704099227,medium_coat_scarf
Clear,839,-17.0,1039.2,61.5,-18.6,-15.4,16.0,21.8,1704127678,1704089116,extreme_cold_gear
Clear,892,23.2,997.2,59.3,22.0,23.9,6.0,17.8,1704126620,1704088827,tshirt_shorts
Clear,854,-15.9,1005.5,58.4,-17.7,-14.4,6.6,28.6,1704126170,1704096448,extreme_cold_gear
Clear,804,39.3,1038.3,35.0,37.0,39.9,7.0,5.3,1704134093,1704093178,hot_summer
Clear,831,37.2,1036.8,62.4,34.8,38.9,3.2,12.2,1704141139,1704098493,hot_summer
Clouds,841,13.7,1012.0,49.2,10.8,16.1,23.5,58.8,1704133383,1704093533,windproof_jacket
Drizzle,309,-1.7,1004.9,95.6,-3.9,-0.3,5.1,83.6,1704130962,1704099050,winter_wet_gear
Snow,635,-6.8,1029.9,91.9,-9.2,-4.2,7.9,57.1,1704132037,1704097668,winter_wet_gear
Drizzle,375,14.3,984.7,72.0,11.8,15.6,2.4,8.1,1704138251,1704091258,light_jacket_jeans
Clear,863,28.1,1039.0,65.4,27.1,29.7,3.0,8.2,1704142412,1704089413,tshirt_shorts
Clear,806,13.3,1003.6,78.9,10.5,15.2,9.3,25.4,1704141284,1704091121,light_jacket_jeans
Snow,630,-25.5,994.6,36.8,-26.9,-22.9,16.7,3.2,1704133261,1704093464,extreme_cold_gear
Rain,504,24.4,1033.9,73.7,23.6,26.1,9.8,95.0,1704135606,1704090584,light_rain_jacket
Snow,679,7.4,1001.2,78.1,6.8,9.9,1.0,37.0,1704134305,1704096240,medium_coat_scarf
Snow,689,-1.3,998.3,50.6,-3.2,-0.6,3.4,70.8,1704131613,1704090280,warm_winter_coat
Clouds,888,8.7,996.3,40.5,6.5,9.8,24.2,38.0,1704133048,1704096717,windproof_jacket
Snow,662,-8.8,984.4,54.5,-9.8,-8.1,4.3,45.5,1704135105,1704095905,warm_winter_coat
Rain,522,5.0,1028.6,92.3,2.2,6.4,10.1,4.1,1704126728,1704098661,raincoat_umbrella
Clear,882,4.3,1031.1,79.3,3.0,5.7,7.0,6.6,1704140716,1704092222,medium_coat_scarf
Clear,823,10.9,998.4,61.5,9.8,13.1,5.9,4.1,1704136185,1704092968,light_jacket_jeans
Clouds,829,13.9,1004.4,80.6,11.0,14.7,8.2,53.4,1704142125,1704091043,light_jacket_jeans
Rain,544,16.6,1029.4,76.5,14.2,17.8,10.8,90.7,1704127345,1704095285,raincoat_umbrella
Rain,560,27.4,1004.6,79.5,24.7,30.3,7.8,12.4,1704125129,1704094251,light_rain_jacket
Clear,860,38.6,1017.6,47.9,38.1,40.3,4.1,27.8,1704137808,1704096227,hot_summer
Clear,803,4.0,1031.7,58.0,1.1,6.2,4.0,23.7,1704129466,1704095041,medium_coat_scarf
Clouds,898,4.8,1008.7,78.7,3.9,5.7,6.1,85.7,1704140470,1704097251,medium_coat_scarf
Clear,802,-5.5,1003.5,46.8,-8.4,-3.1,1.1,19.5,1704130851,1704091285,warm_winter_coat
Clouds,890,28.1,996.3,50.4,26.3,29.1,8.0,3.3,1704136341,1704096984,tshirt_shorts
Drizzle,311,-8.3,996.1,98.4,-9.1,-5.3,6.3,18.7,1704138966,1704096087,winter_wet_gear
Rain,565,18.5,1036.7,86.7,16.4,20.9,5.9,73.5,1704126017,1704089620,raincoat_umbrella
Clouds,862,16.0,1008.3,41.0,14.6,17.9,23.4,36.5,1704136619,1704094530,windproof_jacket
Clear,831,-8.5,993.2,47.8,-11.1,-7.9,3.2,14.3,1704135542,1704091375,warm_winter_coat
Snow,620,9.8,1002.5,57.3,7.8,12.1,6.7,64.0,1704139851,1704088999,medium_coat_scarf
Rain,508,22.2,1007.4,79.0,19.3,23.1,9.7,71.9,1704130445,1704089389,light_rain_jacket
Drizzle,312,-1.7,1017.4,97.3,-4.0,-0.1,10.0,37.9,1704142233,1704096851,winter_wet_gear
Clear,865,-5.8,987.9,50.1,-6.4,-4.6,3.6,1.1,1704131672,1704091806,warm_winter_coat
Clouds,823,8.7,1032.2,60.5,7.8,10.7,16.9,78.0,1704135026,1704096275,windproof_jacket
Clouds,840,9.5,1037.6,65.2,8.0,10.7,15.6,69.5,1704137054,1704091340,windproof_jacket
Clouds,883,10.3,1032.7,66.8,9.0,10.9,14.3,80.3,1704126771,1704089691,windproof_jacket
Clear,858,17.7,1016.2,75.6,14.7,20.0,3.7,15.9,1704140114,1704095018,light_jacket_jeans
Snow,669,-8.2,1012.8,42.2,-9.9,-7.3,7.4,56.8,1704125635,1704089025,warm_winter_coat
Drizzle,329,25.0,1008.6,83.3,22.6,26.2,3.1,96.5,1704138821,1704098996,light_rain_jacket
Clear,864,34.6,1006.8,42.2,32.9,37.4,3.2,18.0,1704142658,1704094167,hot_summer
Clouds,818,16.6,1039.9,52.2,14.9,17.8,13.4,14.5,1704130288,1704094316,windproof_jacket
Clouds,801,16.9,1013.4,52.1,15.8,17.8,12.4,20.8,1704124811,1704097029,windproof_jacket
Drizzle,340,17.0,1020.9,82.5,15.2,18.9,8.9,22.4,1704142742,1704096361,light_jacket_jeans
Clear,876,30.5,1038.6,30.0,28.3,33.1,0.3,7.3,1704127556,1704094747,hot_summer
Clouds,812,21.2,982.1,63.8,19.7,22.0,3.4,54.2,1704141271,1704097460,tshirt_shorts
Clear,807,22.3,997.3,58.7,19.9,25.2,4.2,5.2,1704130126,1704097200,tshirt_shorts
Clear,888,-24.9,1010.9,64.5,-26.6,-22.9,10.2,4.0,1704142338,1704090120,extreme_cold_gear
Snow,609,-12.2,1004.1,57.7,-13.5,-11.2,13.7,74.5,1704127637,1704099568,extreme_cold_gear
Clear,812,30.4,1002.1,65.6,29.6,32.2,2.3,1.7,1704139838,1704091690,hot_summer
Clear,877,33.4,985.0,43.5,31.0,34.0,7.0,6.3,1704132757,1704094119,hot_summer
Clear,881,-7.4,985.3,74.1,-8.0,-5.9,6.6,1.5,1704139792,1704098148,warm_winter_coat
Clear,880,15.2,1031.7,66.3,14.0,17.5,6.0,9.9,1704140045,1704092685,light_jacket_jeans
Snow,697,-2.4,1001.6,59.9,-3.0,0.1,10.1,1.9,1704142374,1704093234,warm_winter_coat
Drizzle,356,15.7,1035.2,76.1,14.5,17.8,9.7,42.7,1704135502,1704093289,light_jacket_jeans
Clear,856,16.0,1029.3,84.9,13.9,18.1,3.0,3.6,1704126851,1704098549,light_jacket_jeans
Clear,895,16.6,982.6,53.3,14.4,17.3,9.4,5.7,1704140431,1704099295,light_jacket_jeans
Drizzle,394,-5.1,995.7,83.9,-7.9,-2.7,13.7,79.7,1704125712,1704096142,winter_wet_gear
Snow,692,-10.3,1009.9,60.7,-12.9,-9.0,2.4,94.1,1704140164,1704093078,extreme_cold_gear
Clouds,805,0.4,995.1,62.8,-0.5,1.9,8.8,10.5,1704137725,1704093428,medium_coat_scarf
Rain,523,9.7,1001.5,94.7,8.3,10.8,7.5,99.9,1704139233,1704095530,raincoat_umbrella
Clouds,898,10.7,1023.2,58.7,9.4,13.3,13.9,42.3,1704131611,1704094265,windproof_jacket
Drizzle,393,19.3,1023.9,60.1,16.6,21.1,9.3,22.2,1704127425,1704096131,light_jacket_jeans
Clouds,869,27.3,1003.3,67.2,25.2,29.0,4.7,37.6,1704140544,1704097970,tshirt_shorts
Clouds,896,12.1,996.1,55.8,10.3,14.7,22.4,94.2,1704138695,1704094476,windproof_jacket
Clear,869,32.0,984.3,64.2,29.1,33.7,1.7,2.1,1704139395,1704093221,hot_summer
Clouds,856,21.5,1000.5,66.4,19.8,24.0,3.2,66.2,1704139019,1704090483,tshirt_shorts
Clouds,863,9.7,1005.0,59.6,8.9,10.6,14.5,82.6,1704134734,1704091223,windproof_jacket
Clear,883,-24.7,983.0,78.3,-25.8,-23.5,15.3,16.8,1704128957,1704089745,extreme_cold_gear
Drizzle,357,23.5,982.3,72.9,20.6,24.8,6.4,76.9,1704132863,1704091588,light_rain_jacket
Clear,835,33.8,983.1,45.1,32.2,34.8,2.9,20.6,1704139246,1704097613,hot_summer
Clear,860,-26.4,1023.0,68.9,-27.4,-25.0,3.6,4.9,1704141248,1704099060,extreme_cold_gear
Rain,597,11.0,1015.1,84.9,8.5,12.8,9.6,24.8,1704135444,1704088876,raincoat_umbrella
Clouds,862,3.5,1013.8,51.5,0.7,5.2,6.7,96.2,1704132237,1704095380,medium_coat_scarf
Snow,601,-4.4,1020.1,86.0,-7.3,-3.5,10.6,57.8,1704133609,1704097818,winter_wet_gear
Clouds,818,0.6,990.4,73.0,-0.7,2.6,3.6,71.4,1704130814,1704093312,medium_coat_scarf
Clouds,834,14.4,983.5,44.6,12.6,15.8,18.2,74.5,1704141730,1704099260,windproof_jacket
Clouds,892,9.3,990.8,76.4,8.2,12.1,5.5,14.6,1704139272,1704094431,medium_coat_scarf
Drizzle,369,-1.2,1017.6,85.4,-2.1,-0.3,5.8,72.5,1704129262,1704091646,winter_wet_gear
Clear,835,37.4,1009.2,48.5,35.0,40.0,7.5,13.9,1704128036,1704094788,hot_summer
Snow,612,0.5,1021.4,62.8,-0.2,3.2,2.4,96.2,1704140285,1704095903,medium_coat_scarf
Clear,854,31.9,1001.8,50.8,29.0,33.0,5.6,29.2,1704130215,1704094170,hot_summer
Clear,817,32.2,1003.8,31.3,30.3,34.4,0.6,4.0,1704128402,1704097446,hot_summer
Clear,872,17.1,1009.9,84.1,15.0,19.1,7.4,5.6,1704125269,1704095840,light_jacket_jeans
Clear,833,29.5,989.6,43.4,27.0,31.3,5.9,24.5,1704129966,1704088868,hot_summer
Clouds,825,29.9,1030.1,69.2,27.4,31.6,9.5,90.3,1704131465,1704091519,tshirt_shorts
Snow,621,-6.5,1038.2,43.3,-9.0,-3.5,4.6,2.0,1704141774,1704093513,warm_winter_coat
Clouds,851,3.9,1008.7,53.5,1.8,6.8,1.5,66.8,1704136100,1704092930,medium_coat_scarf
Clouds,862,10.2,993.1,42.0,9.4,12.2,22.1,88.9,1704136638,1704096275,windproof_jacket
Rain,591,20.1,993.5,82.8,19.5,21.0,3.8,28.0,1704127159,1704093383,light_rain_jacket
Clouds,885,5.1,1025.3,56.0,3.1,8.0,4.7,13.5,1704125585,1704092907,medium_coat_scarf
Clear,894,25.4,1013.6,57.1,24.3,27.4,9.7,7.6,1704124938,1704094446,tshirt_shorts
Drizzle,345,14.9,1004.7,55.7,14.4,17.8,6.9,89.0,1704127533,1704095543,light_jacket_jeans
Rain,526,20.5,1028.6,85.0,18.8,23.4,6.9,23.0,1704142356,1704096652,light_rain_jacket
Snow,665,-23.2,1027.0,45.9,-26.0,-21.5,15.4,72.9,1704125001,1704097308,extreme_cold_gear
Clouds,841,27.5,1033.7,50.6,24.6,28.5,5.7,47.5,1704140846,1704089600,tshirt_shorts
Clear,836,4.5,1025.4,61.0,3.9,5.3,2.7,3.4,1704136088,1704091423,medium_coat_scarf
Snow,645,4.8,1037.0,57.7,3.1,5.8,5.3,83.8,1704136288,1704098407,medium_coat_scarf
Clear,877,27.5,983.2,70.4,25.9,28.8,9.5,17.9,1704134927,1704089775,tshirt_shorts
Clear,880,14.1,1033.6,58.0,12.3,16.3,4.4,15.9,1704126819,1704099076,light_jacket_jeans
Rain,596,13.3,1013.5,86.4,11.6,14.6,13.7,92.3,1704134198,1704092638,raincoat_umbrella
Snow,638,-2.8,1036.9,76.0,-5.6,-1.0,6.5,70.3,1704134119,1704095347,winter_wet_gear
Clouds,801,20.5,1031.6,50.2,18.8,22.4,6.4,91.7,1704134477,1704097796,tshirt_shorts
Clouds,865,11.3,1019.1,49.0,8.5,12.4,13.4,99.2,1704141663,1704097115,windproof_jacket
Clear,899,-22.4,1037.6,34.8,-23.7,-21.1,5.8,12.8,1704136196,1704088897,extreme_cold_gear
Snow,663,-7.5,1012.1,86.1,-8.8,-6.8,11.5,1.4,1704139103,1704098802,winter_wet_gear
Snow,687,-8.4,1025.7,71.7,-10.6,-7.6,2.2,10.2,1704128183,1704094295,warm_winter_coat
Clouds,862,13.0,996.8,50.0,10.1,15.3,21.0,64.3,1704138256,1704093318,windproof_jacket
Clear,818,-27.6,1010.0,50.2,-30.4,-25.0,12.5,25.2,1704128664,1704089311,extreme_cold_gear
Clouds,844,8.6,1009.5,60.3,7.6,11.0,3.6,17.5,1704128514,1704094170,medium_coat_scarf
Rain,581,15.2,1031.6,76.7,14.3,17.0,5.5,12.2,1704128797,1704091761,raincoat_umbrella
Clear,840,39.1,1001.3,53.3,38.5,40.6,4.7,1.6,1704135723,1704089713,hot_summer
Snow,679,-1.0,985.6,65.9,-2.7,1.2,11.8,39.5,1704141114,1704095862,warm_winter_coat
Clouds,888,24.0,1012.9,48.9,22.1,26.9,5.1,53.8,1704140562,1704098544,tshirt_shorts
Clear,802,-8.8,1029.3,67.4,-9.4,-7.7,11.2,21.5,1704136010,1704098902,warm_winter_coat
Rain,524,23.2,1005.3,72.1,21.1,25.7,8.4,41.3,1704127923,1704099448,light_rain_jacket
Clear,801,33.1,1019.8,50.6,31.9,34.8,1.4,25.6,1704130798,1704099335,hot_summer
Clouds,835,11.8,998.0,69.5,10.7,13.8,21.4,60.5,1704134823,1704098478,windproof_jacket
Clear,878,29.8,991.4,61.9,29.1,31.9,5.7,11.0,1704142546,1704090110,hot_summer
Drizzle,337,18.4,1020.3,82.5,16.9,19.2,3.4,99.7,1704140847,1704092230,light_rain_jacket
Clear,807,0.8,984.6,67.9,-1.7,3.4,7.4,19.8,1704137353,1704089249,medium_coat_scarf
Clear,814,32.4,1002.4,66.6,29.8,34.5,2.9,11.5,1704130814,1704095433,hot_summer
Rain,584,15.8,988.5,93.1,14.7,18.8,10.1,52.0,1704128952,1704091683,raincoat_umbrella
Clouds,894,15.0,1017.0,79.7,13.3,17.8,10.6,92.8,1704129790,1704093703,light_jacket_jeans
Snow,694,-14.3,991.6,41.4,-15.4,-12.0,0.6,40.0,1704129129,1704097323,extreme_cold_gear
Clear,897,38.3,1025.3,47.2,35.5,40.1,6.0,3.1,1704130560,1704097725,hot_summer
Rain,545,15.8,998.4,89.7,13.7,17.8,10.3,15.5,1704130126,1704092450,raincoat_umbrella
Drizzle,355,18.3,1018.6,80.3,16.2,20.5,3.2,95.7,1704134936,1704093082,light_rain_jacket
Snow,628,-1.1,1025.1,79.5,-3.4,0.1,6.7,97.8,1704133712,1704090234,winter_wet_gear
Clouds,842,13.3,984.6,63.6,10.5,13.9,12.7,11.9,1704141547,1704089881,windproof_jacket
Drizzle,357,17.1,1007.9,84.7,15.1,17.6,5.9,80.5,1704125726,1704097905,light_jacket_jeans
Rain,516,17.9,999.6,83.0,16.9,19.3,6.5,76.8,1704139679,1704089132,raincoat_umbrella
Clouds,861,27.3,1007.4,57.6,24.8,28.4,3.0,7.1,1704126030,1704096634,tshirt_shorts
Clear,812,34.3,1010.0,42.0,32.0,34.9,0.6,23.8,1704132051,1704089587,hot_summer
Snow,688,-1.6,998.7,85.9,-4.0,0.5,14.7,69.3,1704129433,1704092764,winter_wet_gear
Clouds,850,14.3,1010.3,48.4,12.7,16.0,13.1,56.4,1704134274,1704095168,windproof_jacket
Rain,594,6.1,994.6,79.4,3.4,8.8,4.1,46.0,1704125234,1704096560,raincoat_umbrella
Clouds,849,16.4,1022.2,67.2,14.2,18.6,19.1,76.2,1704133425,1704094713,windproof_jacket
Clouds,851,16.2,1004.2,65.1,13.6,17.6,20.7,66.7,1704130986,1704092002,windproof_jacket
Clouds,807,13.3,1021.6,45.2,11.8,15.7,16.4,42.5,1704137021,1704088860,windproof_jacket
Rain,594,19.5,1025.9,92.4,17.6,21.5,3.2,28.9,1704130176,1704091033,light_rain_jacket
Clear,854,-8.8,994.7,45.6,-11.7,-6.6,5.6,26.5,1704129392,1704097534,warm_winter_coat
Rain,532,10.2,984.6,95.9,8.2,11.5,6.1,3.2,1704139535,1704093590,raincoat_umbrella
Snow,650,-0.3,999.1,83.1,-3.3,0.9,8.5,47.4,1704131484,1704091852,winter_wet_gear
Rain,546,14.4,1009.0,81.1,11.9,15.5,8.9,45.4,1704139044,1704098566,raincoat_umbrella
Drizzle,354,-1.9,1017.3,77.2,-3.7,-1.3,11.2,6.3,1704125721,1704089495,winter_wet_gear
Clear,858,37.0,1031.9,38.8,35.5,38.1,3.1,21.7,1704129913,1704092644,hot_summer
Rain,587,14.3,1008.8,96.3,12.7,15.9,5.8,64.7,1704142559,1704091231,raincoat_umbrella
Clear,843,37.9,1031.9,35.0,35.5,40.0,7.2,13.9,1704132572,1704097473,hot_summer
Snow,658,-23.4,1021.8,30.4,-24.4,-20.6,10.6,92.8,1704139243,1704092700,extreme_cold_gear
Snow,658,2.3,1001.4,55.3,0.4,4.9,6.1,73.0,1704129028,1704089430,medium_coat_scarf
Snow,633,-6.1,1032.4,77.0,-8.4,-5.0,6.0,9.5,1704134061,1704096854,winter_wet_gear
Drizzle,366,11.7,1028.9,61.3,8.7,13.9,3.0,29.7,1704133368,1704090673,light_jacket_jeans
Rain,590,18.6,1030.8,91.2,17.5,20.3,8.9,81.8,1704138476,1704098604,light_rain_jacket
Clouds,830,1.2,1039.4,50.3,-0.8,2.1,2.5,76.8,1704137674,1704093293,medium_coat_scarf
Snow,607,-10.7,984.9,43.6,-13.0,-9.6,9.9,59.1,1704136311,1704090632,extreme_cold_gear
Snow,676,-5.1,1023.5,58.5,-6.9,-2.6,4.9,41.6,1704130576,1704090682,warm_winter_coat
Clouds,879,16.5,985.3,56.3,13.9,18.1,13.0,89.7,1704136394,1704092344,windproof_jacket
Rain,541,19.7,1014.8,72.9,16.7,22.1,5.6,82.0,1704138263,1704091190,light_rain_jacket
Clouds,898,12.8,992.3,58.3,11.7,13.5,13.2,77.3,1704134662,1704095249,windproof_jacket
Snow,612,-2.9,985.7,69.8,-4.9,-0.1,2.5,96.9,1704136556,1704098589,warm_winter_coat
Rain,598,5.3,1021.4,89.3,2.6,7.0,9.2,65.0,1704136151,1704088890,raincoat_umbrella
Clouds,800,20.4,1026.7,61.7,18.8,22.9,0.2,32.8,1704127653,1704089301,tshirt_shorts
Snow,635,-9.3,990.8,84.0,-11.4,-8.1,11.4,19.6,1704134210,1704092296,winter_wet_gear
Clear,843,12.2,1022.8,65.9,11.3,14.9,5.3,15.3,1704137960,1704091963,light_jacket_jeans
Clouds,853,14.4,999.3,48.0,11.4,16.8,24.3,15.2,1704141646,1704093279,windproof_jacket
Clouds,802,25.4,1011.6,51.0,22.9,27.1,2.2,17.0,1704127452,1704094997,tshirt_shorts
Rain,571,27.5,1019.6,77.8,25.6,28.4,2.1,23.2,1704142264,1704099427,light_rain_jacket
Clouds,820,7.8,1002.2,52.2,5.1,9.6,2.2,53.7,1704137037,1704095984,medium_coat_scarf
Clear,810,39.8,1038.2,34.5,37.2,40.9,3.2,26.0,1704136835,1704090645,hot_summer
Clouds,870,11.4,989.7,73.2,8.6,11.9,7.2,53.5,1704126125,1704095740,light_jacket_jeans
Rain,519,19.0,981.0,77.3,17.0,20.5,6.6,48.2,1704135795,1704089530,light_rain_jacket
Clear,870,32.7,1029.6,37.3,31.2,33.7,1.3,1.3,1704134826,1704098296,hot_summer
Clouds,843,17.3,1014.7,65.4,14.9,20.2,23.1,86.6,1704125317,1704089495,windproof_jacket
Drizzle,322,-4.7,1039.8,76.1,-7.6,-1.7,11.1,22.8,1704141470,1704090328,winter_wet_gear
Snow,698,-2.1,1037.1,92.5,-4.6,-1.4,11.2,89.9,1704132989,1704096023,winter_wet_gear
Drizzle,328,-0.8,991.0,96.5,-3.4,1.8,10.5,78.4,1704132159,1704093162,winter_wet_gear
Clear,842,-7.2,1006.4,72.2,-8.0,-6.2,4.0,5.4,1704127145,1704091072,warm_winter_coat
Clear,857,23.3,986.8,40.4,22.2,24.5,2.0,25.3,1704131623,1704099167,tshirt_shorts
Clear,851,35.8,1030.5,54.8,32.9,37.9,2.8,14.1,1704136971,1704090163,hot_summer
Clear,884,28.2,1032.7,38.2,25.4,30.0,3.9,15.8,1704126955,1704094096,hot_summer
Rain,503,16.0,1030.5,88.4,14.5,17.1,3.9,96.1,1704129071,1704089008,raincoat_umbrella
Clear,840,36.6,988.2,47.5,35.8,38.3,3.2,15.2,1704129448,1704097047,hot_summer
Clear,851,14.1,1002.1,80.5,11.7,15.1,8.4,26.9,1704141403,1704095752,light_jacket_jeans
Rain,533,22.7,1032.6,83.0,20.8,23.2,9.9,30.8,1704127749,1704093223,light_rain_jacket
Clouds,806,14.1,1022.2,54.9,11.7,16.4,20.7,17.2,1704141215,1704099573,windproof_jacket
Clouds,831,24.8,1005.1,41.7,23.4,27.8,4.6,77.9,1704135437,1704090752,tshirt_shorts
Clouds,897,13.8,1039.1,84.1,10.8,15.5,2.1,98.0,1704131920,1704099209,light_jacket_jeans
Clouds,848,23.4,1009.9,78.7,22.1,25.5,1.0,42.8,1704137699,1704090215,tshirt_shorts
Drizzle,381,17.8,998.9,55.6,16.6,19.8,11.8,42.9,1704127494,1704089433,light_jacket_jeans
Clear,866,8.6,1010.9,59.4,6.2,11.1,4.0,18.9,1704125243,1704098230,medium_coat_scarf
Drizzle,311,21.7,1022.4,75.1,19.6,23.6,7.9,80.6,1704136254,1704093196,light_rain_jacket
Clear,867,29.8,1009.5,65.4,29.1,31.2,4.4,20.5,1704126120,1704089612,tshirt_shorts
Snow,601,-6.6,1017.8,84.1,-7.8,-4.9,5.9,9.7,1704135733,1704094580,winter_wet_gear
Clear,877,1.7,1038.6,77.6,-0.2,4.1,5.7,13.5,1704128960,1704097410,medium_coat_scarf
Snow,653,-8.3,988.3,84.6,-9.0,-7.1,13.8,76.5,1704132809,1704097946,winter_wet_gear
Clouds,891,4.0,1018.6,63.6,2.9,5.8,8.0,43.8,1704136156,1704095055,medium_coat_scarf
Snow,695,-15.1,1015.8,58.3,-17.1,-12.9,14.0,78.1,1704140025,1704091235,extreme_cold_gear
Drizzle,366,-8.0,1003.6,75.5,-10.1,-5.9,9.5,87.6,1704130841,1704097309,winter_wet_gear
Snow,632,-0.6,996.3,73.3,-2.9,2.4,7.6,24.8,1704139010,1704089638,warm_winter_coat
Clouds,893,25.6,984.4,40.5,25.0,28.2,4.1,40.5,1704130709,1704091065,tshirt_shorts
Rain,582,11.6,1005.2,75.7,8.8,12.4,6.9,48.6,1704131422,1704094403,raincoat_umbrella
Snow,662,-25.2,1016.7,70.0,-26.7,-24.6,9.2,1.3,1704129286,1704097304,extreme_cold_gear
Drizzle,389,14.6,993.8,61.6,14.0,15.8,8.6,10.5,1704134737,1704093074,light_jacket_jeans
Drizzle,308,11.7,1022.8,61.2,10.4,14.1,6.3,1.3,1704137971,1704096045,light_jacket_jeans
Snow,655,6.1,1013.7,68.5,5.2,8.1,5.3,28.9,1704125973,1704089307,medium_coat_scarf
Clouds,882,11.6,1034.3,65.4,10.3,13.4,21.4,96.4,1704127749,1704095623,windproof_jacket
Clear,829,-15.4,1026.3,74.8,-17.6,-13.2,17.7,28.0,1704127935,1704089082,extreme_cold_gear
Rain,580,11.3,1020.5,76.2,10.0,11.9,6.7,13.5,1704128560,1704093929,raincoat_umbrella
Clear,863,29.1,987.8,65.1,26.2,31.8,2.1,26.7,1704136594,1704097542,hot_summer
Snow,647,4.2,991.3,79.7,1.5,5.6,2.0,51.2,1704132458,1704097844,medium_coat_scarf
Drizzle,310,21.5,1027.4,84.9,18.5,23.1,9.1,58.4,1704139531,1704097898,light_rain_jacket
Snow,655,-5.0,1023.5,55.0,-7.2,-3.2,4.4,23.0,1704125123,1704089904,warm_winter_coat
Clear,866,-18.1,1024.2,51.4,-19.1,-15.8,3.6,24.1,1704140206,1704089487,extreme_cold_gear
Rain,505,19.6,1002.1,77.9,18.0,20.9,4.7,83.6,1704129489,1704094861,raincoat_umbrella
Clear,816,31.1,1010.7,30.4,28.2,33.1,5.2,13.4,1704127310,1704098125,hot_summer
Clear,801,10.3,1010.0,84.4,8.4,11.7,8.2,11.5,1704133151,1704092687,light_jacket_jeans
Clear,815,-17.8,1038.6,38.4,-20.0,-17.1,14.2,23.1,1704131194,1704090794,extreme_cold_gear
Snow,603,-8.9,1038.2,54.9,-10.8,-8.0,4.0,3.5,1704128110,1704092248,warm_winter_coat
Clear,880,-9.5,1030.6,48.5,-11.6,-7.0,9.6,21.5,1704134254,1704090180,warm_winter_coat
Clear,890,-24.4,983.0,33.1,-25.5,-23.9,17.9,8.1,1704139467,1704090584,extreme_cold_gear
Clear,827,19.9,1003.4,74.9,18.6,21.9,7.2,15.6,1704135980,1704089804,light_jacket_jeans
Clouds,832,12.8,991.0,53.8,11.7,13.9,13.4,9.7,1704128596,1704091446,windproof_jacket
Clear,864,6.9,1003.3,76.3,4.3,8.1,1.7,23.5,1704128053,1704095121,medium_coat_scarf
Rain,528,11.9,1006.8,98.9,10.4,13.1,4.7,65.6,1704129005,1704091903,raincoat_umbrella
Clouds,839,4.6,1028.2,61.1,3.0,7.3,9.7,73.7,1704127381,1704089808,medium_coat_scarf
Clear,829,40.0,1001.9,31.0,38.1,42.7,6.7,25.2,1704124963,1704098802,hot_summer
Clouds,817,13.4,1037.5,62.4,12.6,16.3,12.5,22.2,1704138567,1704097768,windproof_jacket
Clear,815,33.8,1030.5,69.7,31.3,34.4,5.5,12.4,1704128455,1704090127,hot_summer
Clear,895,35.7,1032.5,30.9,35.0,38.1,3.4,9.0,1704135065,1704095344,hot_summer
Snow,693,-12.4,992.7,57.6,-13.3,-10.8,8.2,19.6,1704139902,1704094717,extreme_cold_gear
Clouds,823,23.2,1005.3,61.6,20.7,23.8,6.9,85.4,1704129035,1704095508,tshirt_shorts
Drizzle,308,27.3,981.2,84.7,25.9,29.0,7.3,67.1,1704134228,1704097526,light_rain_jacket
Snow,668,-18.5,1003.3,61.4,-21.0,-15.5,10.4,88.0,1704125497,1704093257,extreme_cold_gear
Clear,888,-4.9,989.7,46.6,-7.3,-2.6,9.3,13.8,1704139000,1704093467,warm_winter_coat
Rain,597,5.0,1000.0,82.8,3.2,5.7,13.4,25.3,1704130265,1704094541,raincoat_umbrella
Clouds,858,6.5,999.5,70.4,3.9,7.5,3.0,95.6,1704133629,1704094682,medium_coat_scarf
Clouds,884,10.6,1033.1,65.3,9.0,11.8,21.6,58.9,1704135924,1704095097,windproof_jacket
Clear,875,28.8,1025.2,77.1,26.4,29.8,5.3,13.2,1704136216,1704092807,tshirt_shorts
Clouds,869,25.7,1029.9,46.0,24.5,26.2,4.7,1.5,1704137909,1704093289,tshirt_shorts
Drizzle,385,-5.5,1007.5,75.2,-6.8,-3.3,5.7,90.9,1704130677,1704097806,winter_wet_gear
Snow,697,-25.2,1032.2,38.6,-25.7,-22.9,9.1,75.8,1704134664,1704089585,extreme_cold_gear
Snow,639,-1.6,1002.3,97.7,-3.4,-0.5,14.2,79.6,1704129194,1704096866,winter_wet_gear
Rain,556,22.2,1027.4,76.2,20.0,24.0,7.3,47.9,1704132415,1704089437,light_rain_jacket
Snow,659,2.7,1031.8,70.2,0.0,5.3,9.2,22.2,1704137188,1704096731,medium_coat_scarf
Rain,541,16.3,1033.4,89.6,15.5,17.1,3.6,30.6,1704137471,1704096580,raincoat_umbrella
Clear,855,33.4,984.3,53.4,32.3,35.7,5.0,20.5,1704139271,1704097683,hot_summer
Drizzle,366,20.4,985.6,79.3,18.6,22.4,9.7,52.4,1704141466,1704092372,light_rain_jacket
Clouds,812,11.7,981.5,53.6,10.1,12.8,2.8,5.5,1704136656,1704090166,light_jacket_jeans
Rain,506,12.0,984.2,91.2,9.1,12.9,10.3,6.5,1704138617,1704091980,raincoat_umbrella
Clear,873,8.1,1004.4,59.9,5.7,10.0,5.9,14.0,1704129642,1704090755,medium_coat_scarf
Snow,681,-3.4,1026.7,81.8,-4.9,-2.8,3.2,25.2,1704137174,1704095822,winter_wet_gear
Clouds,820,26.1,1026.8,55.7,23.7,27.8,1.2,36.4,1704141131,1704096777,tshirt_shorts
Clear,837,27.2,1001.3,73.4,26.5,29.1,0.1,22.3,1704125117,1704093433,tshirt_shorts
Clear,840,10.5,1008.2,84.3,8.6,11.3,8.1,12.9,1704136061,1704098844,light_jacket_jeans
Clear,862,36.1,1020.6,63.9,34.1,38.3,2.6,17.8,1704132523,1704095013,hot_summer
Snow,606,-6.8,1014.6,84.9,-7.4,-4.6,13.5,52.4,1704137231,1704096208,winter_wet_gear
Clouds,806,12.0,1027.7,44.4,11.3,14.7,23.5,78.6,1704133266,1704095241,windproof_jacket
Rain,529,17.0,980.4,81.9,15.9,19.9,10.6,39.6,1704136573,1704093178,raincoat_umbrella
Clear,869,30.1,1036.3,52.7,27.1,31.2,2.4,24.6,1704132562,1704099273,hot_summer
Snow,671,-26.9,1000.1,44.8,-29.0,-25.9,16.2,1.1,1704125097,1704090914,extreme_cold_gear
Clear,891,33.0,1039.1,50.7,31.8,35.0,0.7,20.0,1704142185,1704089982,hot_summer
Rain,574,7.2,1030.3,93.4,4.4,9.9,4.7,59.6,1704127271,1704089608,raincoat_umbrella
Snow,631,3.7,1010.3,57.3,2.4,6.6,3.3,31.7,1704129512,1704095106,medium_coat_scarf
Clear,889,17.7,1026.8,82.2,16.6,19.0,7.8,22.6,1704125142,1704093967,light_jacket_jeans
Snow,645,-7.1,990.8,83.8,-8.8,-5.9,6.4,14.5,1704128696,1704089791,winter_wet_gear
Snow,605,-9.3,1038.6,67.0,-9.9,-8.0,6.5,45.8,1704135454,1704093446,warm_winter_coat
Clear,890,25.8,985.0,51.5,24.7,26.5,3.7,1.6,1704139432,1704089920,tshirt_shorts
Clouds,858,12.8,982.7,44.0,11.7,14.3,15.4,36.0,1704137982,1704095067,windproof_jacket
Clouds,811,15.3,1038.7,62.4,12.8,16.8,8.0,99.8,1704131221,1704094139,light_jacket_jeans
Snow,678,-5.8,981.3,56.3,-8.5,-5.0,7.0,75.9,1704140116,1704098483,warm_winter_coat
Drizzle,359,23.6,1020.5,93.7,21.4,25.1,7.2,24.9,1704127131,1704098639,light_rain_jacket
Rain,574,18.4,1002.1,87.3,16.9,19.4,4.3,55.0,1704137173,1704089199,raincoat_umbrella
Clear,867,30.6,993.7,37.9,29.1,32.2,3.3,17.5,1704128463,1704094601,hot_summer
Clear,815,27.0,1011.1,79.5,25.2,28.8,4.4,15.7,1704124831,1704088894,tshirt_shorts
Rain,596,19.0,1030.5,92.4,18.2,19.8,8.7,41.1,1704139707,1704095340,light_rain_jacket
Clouds,880,12.7,1030.6,77.9,10.4,15.1,2.1,95.5,1704128563,1704098882,light_jacket_jeans
Clouds,815,7.6,1008.7,64.2,5.0,8.1,3.4,94.6,1704127870,1704097256,medium_coat_scarf
Clear,819,-29.0,1001.5,76.8,-30.4,-27.3,15.2,16.1,1704131972,1704095238,extreme_cold_gear
Clouds,888,12.8,1032.5,61.4,10.0,14.1,17.6,63.2,1704135722,1704098938,windproof_jacket
Clear,895,37.5,994.1,49.1,34.9,39.8,1.0,28.0,1704134165,1704094008,hot_summer
Drizzle,308,14.0,988.0,73.9,13.4,15.9,3.0,14.0,1704135787,1704097374,light_jacket_jeans
Snow,606,9.2,995.5,60.4,8.6,10.4,7.9,71.5,1704132921,1704089803,medium_coat_scarf
Clouds,831,17.9,1009.1,69.1,16.8,19.5,22.0,50.6,1704125449,1704093458,windproof_jacket
Drizzle,310,-0.2,1008.1,90.4,-1.1,1.7,4.4,82.7,1704138991,1704088838,winter_wet_gear
Clear,802,28.0,991.5,62.2,26.3,29.4,0.6,11.6,1704142150,1704092263,hot_summer
Clear,848,5.4,1000.9,72.9,2.7,8.0,2.8,6.1,1704138489,1704090627,medium_coat_scarf
Clear,824,-4.7,1015.9,57.0,-6.4,-3.0,5.2,0.5,1704128623,1704094374,warm_winter_coat
Clouds,831,20.2,1008.5,55.7,18.6,20.8,0.7,42.2,1704138416,1704092705,tshirt_shorts
Drizzle,350,14.7,1014.0,72.6,11.8,17.0,11.1,80.0,1704125474,1704094991,light_jacket_jeans
Rain,540,22.2,985.6,79.8,21.6,23.3,6.4,58.1,1704137164,1704094223,light_rain_jacket
Drizzle,381,-0.2,1028.8,97.4,-1.3,1.5,12.6,59.6,1704134995,1704090339,winter_wet_gear
Clouds,838,8.2,1018.2,55.1,7.5,8.7,5.6,74.4,1704132979,1704096424,medium_coat_scarf
Clouds,825,10.2,991.6,66.7,8.2,12.2,3.0,84.7,1704139715,1704090824,light_jacket_jeans
Clouds,841,22.0,1013.6,65.7,20.8,22.6,8.2,25.5,1704138202,1704092098,tshirt_shorts
Snow,641,8.1,1033.9,62.0,6.9,9.5,7.6,26.2,1704126798,1704093319,medium_coat_scarf
Clouds,876,17.3,1014.7,43.5,14.8,18.3,22.1,58.6,1704130548,1704094535,windproof_jacket
Snow,640,-2.6,996.3,90.7,-4.7,-1.0,8.3,66.8,1704127947,1704091376,winter_wet_gear
Clear,841,11.1,1006.6,83.4,8.9,13.1,4.8,27.0,1704139718,1704096420,light_jacket_jeans
Clouds,826,10.7,1039.5,49.2,9.6,12.4,24.9,18.7,1704133872,1704090406,windproof_jacket
Clear,828,-9.7,983.8,47.1,-10.6,-8.0,3.9,16.9,1704141643,1704090840,warm_winter_coat
Snow,610,2.2,1011.0,74.9,0.0,4.4,2.5,66.4,1704142326,1704092265,medium_coat_scarf
Clear,880,-9.7,1015.7,49.9,-12.6,-7.7,1.6,9.5,1704141310,1704094867,warm_winter_coat
Clear,845,-8.6,1023.4,70.0,-11.3,-7.0,4.6,26.5,1704135703,1704091571,warm_winter_coat
Clouds,847,3.3,1037.6,58.2,2.2,5.6,4.5,76.5,1704141902,1704097075,medium_coat_scarf
Clouds,850,6.3,1002.3,65.5,3.5,8.3,3.3,94.7,1704128589,1704095052,medium_coat_scarf
Clear,806,21.1,1000.9,79.9,19.7,23.7,4.3,21.3,1704137752,1704093706,tshirt_shorts
Clear,872,-20.8,1030.4,35.6,-22.3,-19.6,16.6,1.9,1704133598,1704094376,extreme_cold_gear
Snow,600,2.7,996.0,59.3,2.0,4.7,7.8,80.1,1704126227,1704098120,medium_coat_scarf
Rain,518,27.3,1033.5,93.2,25.3,28.9,7.7,71.9,1704125884,1704091753,light_rain_jacket
Clouds,829,15.6,1033.6,41.4,13.2,17.0,14.8,15.5,1704126129,1704095956,windproof_jacket
Drizzle,301,21.9,1023.3,77.4,19.2,24.3,9.5,95.6,1704140390,1704096327,light_rain_jacket
Clear,898,26.2,1028.7,46.6,23.6,27.3,8.5,14.3,1704135945,1704088989,tshirt_shorts
Snow,625,-0.7,1001.9,49.1,-1.3,0.3,8.3,47.1,1704140004,1704089900,warm_winter_coat
Clouds,839,21.4,1025.3,59.5,20.5,24.1,2.6,72.2,1704139150,1704090754,tshirt_shorts
Clear,845,-17.5,1026.8,52.9,-20.1,-14.7,13.9,20.9,1704141115,1704089907,extreme_cold_gear
Clear,862,34.4,1007.6,31.1,32.5,36.7,2.0,18.9,1704134969,1704091821,hot_summer
Snow,679,-20.1,989.6,31.7,-22.8,-18.5,17.5,5.9,1704136462,1704089830,extreme_cold_gear
Drizzle,388,-4.3,1017.6,81.8,-5.3,-2.0,8.7,58.2,1704141576,1704095860,winter_wet_gear
Clear,883,-7.5,992.1,56.7,-9.8,-5.0,5.1,10.2,1704138422,1704097664,warm_winter_coat
Rain,536,10.9,997.5,76.1,9.6,13.2,11.5,24.5,1704135385,1704097643,raincoat_umbrella
Drizzle,314,-0.7,991.6,92.1,-3.1,0.6,11.8,66.2,1704137346,1704090503,winter_wet_gear
Clouds,836,14.8,1017.1,56.3,12.4,16.0,24.1,21.4,1704131851,1704091741,windproof_jacket
Drizzle,364,23.2,1019.9,85.8,20.4,25.8,2.7,61.7,1704142189,1704098987,light_rain_jacket
Clear,848,16.4,1033.6,74.2,13.7,19.3,4.2,20.0,1704126538,1704090156,light_jacket_jeans
Snow,671,-12.7,991.0,47.3,-13.9,-10.0,1.1,77.2,1704129065,1704097819,extreme_cold_gear
Clouds,812,20.7,998.3,44.0,19.3,23.1,4.2,92.6,1704137473,1704094526,tshirt_shorts
Drizzle,331,14.9,987.6,74.4,13.1,15.9,6.0,48.9,1704128894,1704098904,light_jacket_jeans
Drizzle,353,24.1,980.8,76.1,22.6,25.1,8.6,25.7,1704134844,1704095323,light_rain_jacket
Clear,865,33.8,1037.8,31.1,33.2,34.4,4.0,11.5,1704127680,1704092990,hot_summer
Rain,561,17.6,993.9,92.5,15.8,19.4,3.2,60.6,1704136950,1704091304,raincoat_umbrella
Drizzle,386,19.4,994.4,81.6,18.6,22.0,2.1,36.9,1704138388,1704090973,light_rain_jacket
Snow,675,-8.6,1024.4,52.2,-9.2,-6.8,1.7,88.3,1704132698,1704094912,warm_winter_coat
Rain,566,18.9,1017.0,93.8,18.0,21.9,8.0,47.8,1704137264,1704088884,light_rain_jacket
Snow,672,1.9,988.4,60.5,-0.8,3.2,7.4,17.1,1704140257,1704095988,medium_coat_scarf
Clear,855,18.5,1006.2,56.8,17.1,20.0,5.3,28.9,1704132345,1704095857,light_jacket_jeans
Drizzle,335,22.6,1019.4,79.9,19.9,25.6,7.9,63.9,1704131068,1704094925,light_rain_jacket
Clear,864,28.1,1006.0,60.5,26.4,29.6,7.1,16.1,1704140890,1704098384,hot_summer
Drizzle,360,23.8,1036.4,78.1,21.5,26.1,3.1,51.5,1704134877,1704091876,light_rain_jacket
Drizzle,380,26.9,1031.2,74.8,24.0,28.1,4.3,33.9,1704126520,1704093575,light_rain_jacket
Clouds,813,1.0,1033.3,69.0,-1.5,2.0,2.6,24.7,1704141221,1704094829,medium_coat_scarf
Clear,877,-3.7,1018.0,42.2,-5.0,-1.9,1.4,17.2,1704136405,1704096190,warm_winter_coat
Snow,650,-9.5,999.6,82.5,-11.4,-7.7,9.7,15.0,1704142797,1704096466,winter_wet_gear
Snow,685,1.4,1019.6,77.1,-1.4,2.6,7.7,8.3,1704140726,1704096852,medium_coat_scarf
Clear,812,-1.0,993.3,58.9,-3.8,0.8,3.0,17.7,1704129520,1704098905,warm_winter_coat
Drizzle,388,16.7,985.9,66.2,15.4,19.1,10.3,14.5,1704132151,1704092102,light_jacket_jeans
Clear,804,1.8,1037.8,78.0,-0.1,2.8,5.8,10.5,1704125539,1704097531,medium_coat_scarf
Clear,806,34.8,983.1,38.2,33.8,37.5,5.9,25.6,1704137808,1704092607,hot_summer
Rain,564,21.5,1009.0,79.5,19.2,23.5,8.2,38.3,1704130428,1704089643,light_rain_jacket
Clouds,831,24.5,1027.7,65.9,23.2,26.2,9.5,4.0,1704137403,1704092196,tshirt_shorts
Drizzle,373,25.8,983.5,76.9,24.6,26.8,2.0,55.3,1704140565,1704089336,light_rain_jacket
Clear,804,-6.7,1021.4,67.3,-9.1,-5.8,6.6,2.0,1704134955,1704097534,warm_winter_coat
Rain,550,24.5,988.0,90.4,23.7,25.3,6.4,44.6,1704142011,1704095167,light_rain_jacket
Drizzle,318,25.2,1004.0,80.7,23.7,26.5,2.0,14.8,1704127027,1704090987,light_rain_jacket
Clouds,851,18.6,983.5,56.3,16.0,20.8,11.5,98.4,1704126108,1704096737,light_jacket_jeans
Clear,847,0.8,1019.1,79.0,-0.5,2.7,6.6,25.6,1704142212,1704095022,medium_coat_scarf
Clouds,883,6.9,1029.3,58.1,5.5,9.8,3.6,42.8,1704134249,1704088942,medium_coat_scarf
Clear,849,-10.7,985.8,37.8,-12.4,-8.9,15.7,28.8,1704129278,1704097050,extreme_cold_gear
Snow,675,-10.6,1028.1,31.4,-13.1,-9.2,6.9,85.1,1704138557,1704096072,extreme_cold_gear
Clear,868,39.6,1000.0,30.6,37.7,41.2,3.8,13.5,1704137989,1704093280,hot_summer
Clear,897,24.5,983.0,69.9,23.9,26.2,9.0,15.7,1704131308,1704098361,tshirt_shorts
Clear,864,8.0,1011.2,72.8,5.8,10.0,6.4,23.3,1704127835,1704095903,medium_coat_scarf
Clear,868,-6.7,1020.0,40.9,-9.4,-4.7,10.6,29.1,1704140707,1704094231,warm_winter_coat
Snow,698,-5.6,1025.7,61.4,-6.7,-2.8,9.4,11.7,1704124848,1704092661,warm_winter_coat
Rain,501,9.7,1002.4,83.5,7.5,10.9,7.8,41.1,1704133614,1704089000,raincoat_umbrella
Drizzle,350,-2.2,986.0,89.5,-3.0,-0.5,13.1,60.9,1704129572,1704093805,winter_wet_gear
Snow,652,-10.5,1036.6,68.1,-13.3,-8.4,12.8,38.1,1704136427,1704095056,extreme_cold_gear
Clouds,869,17.8,1020.2,54.8,16.1,19.9,13.4,73.9,1704131422,1704090664,windproof_jacket
Rain,523,9.4,1009.2,85.2,7.7,12.2,9.4,71.8,1704134256,1704092907,raincoat_umbrella
Rain,517,24.4,1006.1,82.5,21.4,25.7,7.0,53.1,1704132872,1704091137,light_rain_jacket
Clear,822,38.1,993.3,47.9,35.6,39.8,5.1,20.3,1704133013,1704095471,hot_summer
Clouds,823,17.9,1034.5,68.9,16.6,19.3,13.7,19.3,1704140158,1704091897,windproof_jacket
Snow,612,-5.7,1032.9,40.7,-8.1,-5.0,10.3,4.0,1704135833,1704097524,warm_winter_coat
Snow,660,-7.7,1013.5,54.1,-9.7,-7.0,5.8,4.9,1704142134,1704097510,warm_winter_coat
Drizzle,354,26.1,1003.8,72.0,24.3,27.5,5.7,75.2,1704133324,1704096428,light_rain_jacket
Snow,615,6.8,986.7,68.0,6.2,8.8,4.3,34.3,1704131637,1704092288,medium_coat_scarf
Clear,878,-11.5,1022.1,35.4,-12.3,-10.5,2.3,6.2,1704128807,1704095235,extreme_cold_gear
Drizzle,355,19.8,1020.6,58.0,19.2,21.1,3.9,41.5,1704139153,1704097512,light_jacket_jeans
Clear,840,28.8,1032.7,52.0,26.3,30.7,3.3,6.1,1704142293,1704089389,hot_summer
Rain,558,6.1,1014.3,93.6,3.5,6.6,9.7,28.7,1704136670,1704092402,raincoat_umbrella
Rain,530,14.3,1034.9,94.4,13.7,16.6,14.3,94.0,1704128175,1704091239,raincoat_umbrella
Clouds,887,24.0,1032.3,46.8,21.1,26.9,3.8,36.3,1704127991,1704090364,tshirt_shorts
Snow,646,6.2,997.7,61.8,3.3,8.1,6.5,14.1,1704130385,1704088879,medium_coat_scarf
Clear,823,36.5,995.6,69.2,34.6,37.2,4.6,13.1,1704142461,1704095521,hot_summer
Snow,637,-5.4,983.4,64.1,-6.9,-4.9,10.5,49.1,1704126677,1704097618,warm_winter_coat
Clouds,850,4.9,1006.0,68.5,4.3,7.5,2.3,7.3,1704138859,1704095910,medium_coat_scarf
Snow,686,1.6,994.7,57.7,-1.0,3.0,1.5,68.3,1704125552,1704094442,medium_coat_scarf
Drizzle,321,24.2,988.2,94.9,23.4,24.8,4.0,41.5,1704140632,1704094890,light_rain_jacket
Clouds,873,11.3,984.7,49.3,9.5,11.9,24.0,55.2,1704131675,1704089747,windproof_jacket
Clouds,836,14.6,992.3,52.4,12.7,17.1,18.2,9.9,1704132353,1704091627,windproof_jacket
Rain,511,11.7,1013.9,75.1,9.7,14.7,11.5,93.8,1704141964,1704098021,raincoat_umbrella
Clouds,860,24.2,1024.4,60.7,21.8,26.5,3.7,78.4,1704130883,1704091008,tshirt_shorts
Drizzle,351,-5.4,982.0,84.8,-8.2,-2.6,5.5,67.1,1704126494,1704095070,winter_wet_gear
Drizzle,398,16.3,990.2,66.7,13.6,18.5,3.2,85.2,1704135558,1704095973,light_jacket_jeans
Rain,576,10.6,999.8,88.3,9.7,11.4,14.7,67.5,1704139993,1704097263,raincoat_umbrella
Clear,882,-1.9,1022.9,40.3,-4.6,-0.2,6.0,25.5,1704125443,1704097955,warm_winter_coat
Clouds,877,15.8,985.4,52.4,14.2,17.2,16.1,4.7,1704137614,1704094797,windproof_jacket
Clear,891,-22.3,1015.0,39.9,-24.8,-19.7,13.7,29.7,1704131114,1704096645,extreme_cold_gear
Snow,666,-6.2,1010.1,57.3,-8.4,-5.2,9.9,99.5,1704139441,1704094194,warm_winter_coat
Clear,841,7.9,981.9,55.3,6.7,9.1,2.1,12.5,1704128294,1704099404,medium_coat_scarf
Clouds,831,12.5,1011.0,54.4,11.1,14.1,20.7,86.2,1704128449,1704094972,windproof_jacket
Drizzle,342,27.8,1014.1,90.0,26.7,29.1,7.0,49.0,1704141802,1704093189,light_rain_jacket
Clear,887,39.8,1035.3,63.6,38.0,41.8,1.0,26.1,1704125785,1704093109,hot_summer
Drizzle,398,22.4,1027.2,89.2,20.0,24.6,8.6,44.7,1704127836,1704092189,light_rain_jacket
Snow,658,0.6,997.8,56.3,-0.7,3.2,9.0,82.0,1704133233,1704096205,medium_coat_scarf
Drizzle,361,-3.4,1017.6,85.4,-6.2,-0.9,14.8,88.7,1704132562,1704091715,winter_wet_gear
Snow,670,-9.4,992.0,89.2,-11.8,-8.2,7.2,89.7,1704142136,1704094620,winter_wet_gear
Drizzle,322,19.4,1020.4,66.9,18.6,22.2,12.0,6.9,1704139977,1704095604,light_jacket_jeans
Clouds,842,10.3,1028.9,80.7,8.3,12.5,8.1,52.2,1704126451,1704098606,light_jacket_jeans
Clear,892,3.0,983.7,72.9,0.1,4.5,7.5,27.9,1704139552,1704093310,medium_coat_scarf
Clear,823,35.9,1035.2,47.6,35.3,38.1,0.4,14.1,1704127038,1704094003,hot_summer
Snow,656,-4.1,1011.0,62.1,-6.3,-2.5,2.7,76.8,1704140471,1704089917,warm_winter_coat
Clear,825,-10.6,1012.7,56.1,-13.5,-9.2,5.8,3.6,1704132025,1704093735,extreme_cold_gear
Drizzle,393,14.2,993.2,61.9,12.4,15.7,8.0,23.0,1704125771,1704091985,light_jacket_jeans
Clouds,864,1.5,997.3,73.1,0.6,4.3,7.6,39.3,1704135852,1704098296,medium_coat_scarf
Rain,531,12.5,983.3,83.8,10.9,14.5,14.2,15.3,1704137747,1704088888,raincoat_umbrella
Clear,848,9.7,1028.2,50.0,8.5,11.6,1.7,22.2,1704134288,1704094546,medium_coat_scarf
Clear,822,6.7,981.6,73.5,4.8,9.5,7.0,26.9,1704133221,1704099209,medium_coat_scarf
Snow,666,-3.1,1026.2,55.7,-4.0,-0.4,11.0,27.3,1704131685,1704093086,warm_winter_coat
Rain,536,23.9,982.7,88.6,21.3,24.6,7.8,73.6,1704139057,1704092287,light_rain_jacket
Clear,894,32.2,981.6,53.9,30.1,34.1,2.2,22.1,1704136954,1704096810,hot_summer
Snow,676,-9.8,997.2,93.4,-11.0,-7.6,8.5,46.2,1704131785,1704095435,winter_wet_gear
Rain,580,20.8,1025.7,70.8,20.2,22.9,10.0,33.9,1704137527,1704099458,light_rain_jacket
Clouds,814,17.2,984.3,61.4,16.3,19.7,16.4,32.6,1704133766,1704096571,windproof_jacket
Drizzle,394,-0.4,980.0,87.8,-1.4,0.4,9.3,67.2,1704136768,1704092090,winter_wet_gear
Clear,850,-13.9,997.7,46.1,-16.0,-12.1,19.9,17.4,1704126833,1704098075,extreme_cold_gear
Clear,883,22.6,1029.9,77.7,21.9,24.8,5.3,11.0,1704133355,1704088883,tshirt_shorts
Clear,818,36.4,1025.2,57.2,33.7,39.0,4.9,4.8,1704139664,1704089115,hot_summer
Clouds,803,7.4,1010.9,71.1,4.7,8.7,7.2,92.6,1704140839,1704097490,medium_coat_scarf
Clear,878,26.8,1030.7,64.9,24.0,28.0,1.5,5.9,1704129923,1704096725,tshirt_shorts
Clear,847,-7.9,994.4,69.3,-9.5,-5.5,7.0,12.0,1704139502,1704095345,warm_winter_coat
Clouds,838,11.3,1000.3,63.6,9.4,11.9,20.1,81.8,1704138347,1704089542,windproof_jacket
Drizzle,378,27.7,1009.2,94.2,27.1,28.8,8.3,16.3,1704127137,1704092474,light_rain_jacket
Clear,889,11.8,981.1,69.7,9.7,13.8,3.3,18.9,1704135661,1704090781,light_jacket_jeans
Rain,531,25.7,1015.5,92.5,25.0,27.9,2.4,40.8,1704136367,1704095413,light_rain_jacket
Snow,647,0.5,1033.2,55.5,-2.3,1.1,3.4,48.1,1704141868,1704088870,medium_coat_scarf
Clear,888,-22.3,1030.8,78.3,-24.4,-20.2,2.1,9.8,1704125777,1704092316,extreme_cold_gear
Clouds,821,20.1,1016.8,70.9,18.9,21.8,8.8,18.8,1704129252,1704099106,tshirt_shorts
Snow,633,8.5,1026.3,63.1,7.3,11.4,5.0,49.6,1704136412,1704095498,medium_coat_scarf
Snow,628,-28.1,1008.9,65.7,-29.0,-26.8,5.7,62.8,1704127253,1704099341,extreme_cold_gear
Clouds,811,6.5,983.5,76.5,4.6,7.7,2.7,38.7,1704126130,1704096243,medium_coat_scarf
Clear,892,27.2,1006.9,76.4,25.9,29.7,0.3,18.3,1704141781,1704099291,tshirt_shorts
Snow,658,-28.2,981.9,51.7,-29.0,-26.7,14.5,26.7,1704132231,1704098793,extreme_cold_gear
Clouds,871,15.1,1036.6,64.7,12.4,16.1,14.1,41.1,1704135120,1704089113,windproof_jacket
Clear,846,-5.5,1013.0,59.8,-8.0,-4.0,11.6,17.4,1704135436,1704092945,warm_winter_coat
Clear,848,34.6,1017.7,58.1,32.3,36.8,6.3,4.6,1704132211,1704089063,hot_summer
Clear,894,21.6,994.6,40.2,19.8,24.3,0.4,3.4,1704128680,1704096756,tshirt_shorts
Rain,556,24.9,982.0,81.8,22.2,27.3,7.6,4.1,1704133018,1704097747,light_rain_jacket
Rain,597,12.8,1016.1,99.5,10.0,14.0,11.3,40.9,1704128341,1704088899,raincoat_umbrella
Snow,672,-29.3,997.0,76.5,-30.2,-27.8,7.9,48.2,1704130279,1704090857,extreme_cold_gear
Clouds,851,23.1,994.3,76.2,21.0,24.4,8.7,8.1,1704125378,1704096058,tshirt_shorts
Drizzle,328,-5.0,1035.9,90.4,-7.4,-2.9,3.2,43.6,1704125427,1704097432,winter_wet_gear
Clouds,873,17.2,993.7,78.8,16.6,18.5,9.3,95.7,1704125666,1704091608,light_jacket_jeans
Clouds,836,27.6,995.8,72.9,25.2,30.4,2.2,20.9,1704140666,1704096541,tshirt_shorts
Rain,565,16.5,999.4,76.7,14.2,19.1,8.8,85.0,1704137774,1704089301,raincoat_umbrella
Clear,833,37.9,982.2,61.3,36.8,39.3,5.7,9.1,1704141665,1704089746,hot_summer
Clouds,850,2.2,989.9,62.5,0.1,4.0,1.8,5.0,1704133134,1704098703,medium_coat_scarf
Rain,597,18.6,1023.8,71.0,16.5,19.8,4.7,11.6,1704133025,1704095838,light_rain_jacket
Drizzle,346,-5.6,992.8,77.0,-7.0,-3.9,14.4,26.8,1704136138,1704090358,winter_wet_gear
Clear,844,-12.1,1016.9,55.4,-14.8,-11.3,10.9,23.7,1704128889,1704095584,extreme_cold_gear
Snow,609,0.3,1006.6,78.0,-1.8,0.9,6.8,6.2,1704126105,1704096142,medium_coat_scarf
Snow,685,4.0,1016.9,50.9,2.4,4.7,2.7,44.6,1704134275,1704092548,medium_coat_scarf
Clouds,871,9.6,1037.0,51.4,8.7,12.4,15.7,26.6,1704129484,1704089733,windproof_jacket
Snow,638,-1.1,1029.4,86.3,-3.9,1.7,7.8,69.5,1704136470,1704092182,winter_wet_gear
Clear,851,13.1,1011.1,54.8,10.7,16.0,7.3,17.3,1704126930,1704098285,light_jacket_jeans
Snow,613,-9.5,994.9,96.9,-11.4,-8.7,8.3,3.2,1704134089,1704093303,winter_wet_gear
Clear,897,9.7,980.6,51.7,7.5,11.6,4.0,22.7,1704134480,1704096269,medium_coat_scarf
Clouds,840,29.9,1014.1,52.1,29.0,32.2,2.4,83.5,1704141340,1704089463,tshirt_shorts
Clear,830,7.9,1010.5,65.0,5.6,9.5,3.7,1.9,1704141418,1704098500,medium_coat_scarf
Snow,690,-6.0,1018.2,85.0,-8.6,-4.8,11.2,99.6,1704126719,1704089896,winter_wet_gear
Clear,821,-12.0,1034.1,45.7,-13.4,-9.7,4.2,21.4,1704135264,1704092117,extreme_cold_gear
Clear,860,22.7,1016.7,50.9,20.4,25.5,3.0,13.1,1704128480,1704096081,tshirt_shorts
Rain,540,13.6,1008.0,86.7,12.4,16.2,10.8,64.4,1704130739,1704096380,raincoat_umbrella
Snow,619,-4.3,987.5,40.9,-5.8,-3.4,9.8,87.2,1704128405,1704097394,warm_winter_coat
Drizzle,399,25.7,999.8,90.9,24.6,28.3,7.3,15.6,1704133004,1704096317,light_rain_jacket
Snow,683,-27.4,1000.1,47.2,-29.6,-25.1,16.4,59.2,1704127062,1704094070,extreme_cold_gear
Clear,844,4.0,999.4,70.3,1.1,5.6,3.8,12.0,1704124914,1704090319,medium_coat_scarf
Rain,502,8.1,1031.4,83.9,6.5,10.1,3.9,86.0,1704138286,1704095733,raincoat_umbrella
Clear,892,6.0,1038.9,79.8,4.7,7.9,9.9,16.5,1704130405,1704095525,medium_coat_scarf
Snow,657,-3.5,1014.3,82.9,-4.9,-1.9,14.4,64.6,1704141651,1704093321,winter_wet_gear
Clear,819,-1.6,1027.2,71.7,-2.5,-0.3,10.3,25.8,1704141416,1704096183,warm_winter_coat
Snow,662,0.3,1006.8,76.1,-2.6,1.0,9.0,7.7,1704133676,1704095179,medium_coat_scarf
Clouds,841,0.3,1017.8,64.0,-0.3,2.4,2.1,79.4,1704132709,1704097608,medium_coat_scarf
Clear,876,23.4,1024.1,67.3,20.9,26.3,0.2,14.6,1704141166,1704098798,tshirt_shorts
Clouds,846,16.8,1007.0,57.6,15.5,17.7,22.3,10.3,1704137409,1704097243,windproof_jacket
Clouds,824,9.3,1006.7,75.9,7.7,11.8,4.7,52.4,1704128198,1704094074,medium_coat_scarf
Rain,558,21.6,1039.9,84.1,21.0,22.5,4.3,45.2,1704134701,1704094550,light_rain_jacket
Clear,862,28.7,1038.0,43.7,27.3,30.6,2.2,16.7,1704132792,1704090303,hot_summer
Clouds,801,16.6,993.1,72.7,14.8,18.1,2.6,96.1,1704134241,1704097030,light_jacket_jeans
Clouds,873,10.0,1023.1,69.9,8.1,13.0,18.2,67.8,1704132391,1704091147,windproof_jacket
Snow,644,-4.5,1016.4,88.4,-6.6,-1.8,3.7,42.3,1704131051,1704092132,winter_wet_gear
Drizzle,323,18.8,1011.1,77.3,17.7,20.6,4.9,47.7,1704125287,1704098799,light_rain_jacket
Snow,612,-29.4,1013.7,47.1,-31.8,-28.6,3.4,19.1,1704126580,1704096984,extreme_cold_gear
Clouds,815,27.9,1039.7,58.6,25.9,29.4,5.4,39.9,1704137321,1704093042,tshirt_shorts
Snow,663,-8.5,1018.2,96.2,-11.1,-7.2,3.8,55.3,1704140035,1704091868,winter_wet_gear
Clear,810,-6.3,983.5,70.9,-7.4,-5.3,12.0,27.8,1704141399,1704089250,warm_winter_coat
Snow,605,-6.4,1004.3,62.2,-8.8,-4.9,3.8,92.5,1704136662,1704091286,warm_winter_coat
Clouds,813,8.1,981.4,53.2,6.4,10.7,9.1,44.5,1704139147,1704096909,medium_coat_scarf
Clouds,818,13.9,1010.3,54.7,11.2,15.9,20.8,64.8,1704135849,1704095923,windproof_jacket
Clouds,801,8.5,990.4,75.5,6.0,9.6,2.6,79.5,1704133440,1704097888,medium_coat_scarf
Snow,637,-3.0,1019.3,60.7,-5.6,-1.3,10.9,42.4,1704135281,1704094525,warm_winter_coat
Clear,884,9.1,1038.9,64.3,6.7,11.2,3.1,7.4,1704132105,1704093792,medium_coat_scarf
Rain,535,26.7,986.6,74.0,23.7,27.3,8.1,1.8,1704140610,1704093784,light_rain_jacket
Drizzle,343,20.0,1039.0,84.7,18.1,21.5,7.9,70.1,1704135615,1704095227,light_rain_jacket
Snow,602,2.6,1007.9,69.6,1.8,3.7,2.5,64.7,1704139117,1704099247,medium_coat_scarf
Clouds,806,14.3,998.2,42.1,12.5,16.8,17.8,49.8,1704126288,1704090133,windproof_jacket
Drizzle,394,-8.7,1001.9,91.0,-9.4,-6.9,11.1,83.2,1704128228,1704099128,winter_wet_gear
Drizzle,332,26.1,1012.2,83.7,25.1,27.3,6.5,53.5,1704137001,1704094066,light_rain_jacket
Clear,834,0.0,1018.4,52.3,-0.8,2.1,2.6,6.4,1704125874,1704095838,medium_coat_scarf
Rain,564,14.2,1004.6,94.9,12.6,16.3,7.5,31.8,1704139882,1704094124,raincoat_umbrella
Snow,667,-5.6,996.5,87.8,-6.2,-4.1,9.5,9.6,1704136192,1704091703,winter_wet_gear
Rain,595,16.0,981.8,75.4,14.6,18.0,3.2,21.9,1704131179,1704099447,raincoat_umbrella
Clear,823,29.2,1001.8,55.0,26.8,30.6,5.1,7.7,1704132066,1704093424,tshirt_shorts
Clear,853,30.3,998.1,61.6,27.7,32.7,3.6,11.5,1704126915,1704091741,hot_summer
Clear,863,12.8,1023.8,74.8,10.0,13.5,9.6,24.6,1704139135,1704089931,light_jacket_jeans
Rain,580,18.2,988.5,85.0,16.5,18.9,3.2,15.0,1704129411,1704090157,light_rain_jacket
Rain,589,18.3,1029.4,83.3,16.1,20.6,7.2,47.8,1704131139,1704095420,light_rain_jacket
Clouds,806,16.6,994.4,66.0,15.5,19.2,8.2,43.4,1704128849,1704094069,light_jacket_jeans
Snow,656,-18.2,1009.3,64.5,-18.8,-15.5,5.1,53.6,1704140980,1704093732,extreme_cold_gear
Clouds,879,7.2,982.4,61.6,4.9,8.8,9.7,40.3,1704132242,1704091599,medium_coat_scarf
Rain,501,16.2,1006.7,97.9,14.8,17.9,7.0,89.9,1704139240,1704098568,raincoat_umbrella
Rain,589,5.2,1039.7,76.2,3.9,6.1,9.6,34.2,1704136440,1704096082,raincoat_umbrella
Clear,851,21.8,1019.6,74.9,20.6,24.7,7.4,12.2,1704130232,1704097410,tshirt_shorts
Clouds,824,29.1,983.5,61.4,27.2,31.7,8.6,52.7,1704129128,1704089854,tshirt_shorts
Clear,805,-3.5,1030.8,73.5,-6.1,-1.2,4.4,21.6,1704137158,1704093987,warm_winter_coat
Clear,823,4.9,983.1,70.7,4.4,5.6,8.4,10.1,1704133402,1704089208,medium_coat_scarf
Rain,537,10.6,1037.5,87.5,8.2,12.4,10.4,33.1,1704135875,1704091176,raincoat_umbrella
Clear,883,23.7,998.3,72.0,21.1,24.4,8.3,14.1,1704128745,1704098402,tshirt_shorts
Clouds,867,20.5,985.2,79.8,18.2,22.1,7.4,2.0,1704141422,1704097297,tshirt_shorts
Drizzle,304,-9.0,1031.0,91.2,-10.6,-6.2,8.6,45.2,1704125442,1704098890,winter_wet_gear
Rain,581,19.2,1025.1,76.1,16.9,21.6,2.6,31.3,1704134130,1704091365,light_rain_jacket
Rain,592,18.5,998.0,78.7,16.4,20.0,11.2,56.8,1704127172,1704099329,raincoat_umbrella
Clear,867,-29.2,999.7,39.6,-29.9,-27.4,2.4,10.2,1704126138,1704090055,extreme_cold_gear
Clear,809,-5.4,1006.7,50.3,-7.5,-4.5,3.2,25.6,1704141570,1704094187,warm_winter_coat
Rain,566,19.2,1035.4,85.0,18.2,21.2,2.3,86.4,1704139261,1704095309,light_rain_jacket
Clouds,890,3.9,1025.9,62.8,3.1,4.9,4.3,83.9,1704130563,1704093349,medium_coat_scarf
Snow,695,-8.9,1002.4,51.1,-11.5,-6.3,5.5,39.2,1704138395,1704097499,warm_winter_coat
Clear,849,24.9,1010.9,43.8,24.2,26.3,4.0,24.8,1704136471,1704097684,tshirt_shorts
Clouds,849,10.0,982.6,40.4,8.9,11.5,14.0,43.2,1704134484,1704092358,windproof_jacket
Clouds,816,11.5,1035.3,68.6,10.6,13.1,7.7,62.7,1704137405,1704095871,light_jacket_jeans
Clouds,809,14.1,1038.0,57.3,12.2,16.3,21.0,39.1,1704131761,1704095198,windproof_jacket
Snow,698,-3.9,1017.5,94.1,-4.7,-2.5,7.5,86.3,1704128956,1704097698,winter_wet_gear
Drizzle,362,27.9,984.3,71.1,26.2,29.1,9.6,46.1,1704139811,1704094920,light_rain_jacket
Clear,828,29.7,1022.1,50.0,29.2,31.0,4.9,16.8,1704126381,1704094391,hot_summer
Drizzle,317,-4.4,986.1,83.8,-6.6,-2.1,3.1,18.9,1704130870,1704095613,winter_wet_gear
Snow,667,-19.5,1015.8,35.0,-21.9,-18.0,8.3,80.4,1704125474,1704093006,extreme_cold_gear
Rain,517,24.5,1031.7,72.5,22.3,25.1,2.3,76.0,1704139421,1704091385,light_rain_jacket
Rain,546,6.1,998.8,99.0,3.2,8.2,8.0,97.4,1704138273,1704088999,raincoat_umbrella
Clouds,890,24.1,1006.9,61.0,22.3,25.4,4.8,77.5,1704125479,1704091588,tshirt_shorts
Clear,833,24.3,1029.3,44.5,23.3,25.1,1.4,26.6,1704135749,1704089376,tshirt_shorts
Clear,899,32.3,1005.1,56.8,30.3,34.2,3.9,10.7,1704133291,1704090543,hot_summer
Snow,617,-9.1,1029.6,82.5,-10.6,-7.2,6.8,98.1,1704124958,1704088879,winter_wet_gear
Clear,844,30.4,1032.6,46.5,28.8,32.4,1.6,4.7,1704131695,1704096272,hot_summer
Rain,582,13.5,985.9,88.0,12.4,14.7,3.5,10.0,1704135109,1704096816,raincoat_umbrella
Clear,872,31.7,1025.6,36.3,29.8,33.1,1.4,0.5,1704134930,1704094270,hot_summer
Clear,869,36.6,1004.6,54.2,33.7,37.4,2.4,6.5,1704125265,1704092815,hot_summer
Drizzle,347,12.4,993.8,63.2,10.0,15.3,7.4,22.8,1704137183,1704092295,light_jacket_jeans
Clear,820,-20.4,1016.8,42.8,-22.9,-19.6,6.1,22.0,1704141654,1704096759,extreme_cold_gear
Clear,858,34.2,1025.4,36.1,31.9,35.2,7.4,22.0,1704137189,1704091078,hot_summer
Snow,615,-22.3,996.9,72.6,-24.0,-19.9,15.2,35.6,1704134297,1704090440,extreme_cold_gear
Snow,680,0.1,1023.1,71.5,-0.6,3.1,4.8,50.8,1704127651,1704089729,medium_coat_scarf
Drizzle,367,-3.2,1017.8,86.7,-3.8,-1.4,6.5,84.3,1704125260,1704095822,winter_wet_gear
Clouds,877,29.4,1010.7,74.0,28.5,31.3,8.4,78.9,1704130037,1704099425,tshirt_shorts
Drizzle,352,-9.8,994.9,83.4,-11.4,-7.9,12.8,63.4,1704132986,1704095234,winter_wet_gear
Drizzle,317,13.8,1028.5,50.6,13.3,15.5,5.8,54.3,1704133395,1704091947,light_jacket_jeans
Snow,684,6.9,1037.4,69.7,5.9,7.9,3.3,54.2,1704129303,1704097604,medium_coat_scarf
Drizzle,348,25.2,996.4,83.7,24.6,26.4,8.0,4.9,1704134475,1704093202,light_rain_jacket
Clear,809,36.7,981.8,33.8,34.6,37.5,3.4,14.4,1704131961,1704091919,hot_summer
Clouds,847,20.5,1039.6,77.3,18.2,21.1,6.3,53.7,1704138563,1704095622,tshirt_shorts
Clear,862,36.6,1010.8,60.4,35.1,39.4,0.8,15.3,1704137349,1704097737,hot_summer
Rain,593,27.9,994.6,75.4,26.1,29.3,3.9,79.2,1704130154,1704097912,light_rain_jacket
Clouds,867,11.2,1011.9,67.0,8.2,13.7,16.3,3.3,1704125893,1704095651,windproof_jacket
Rain,594,17.0,1030.0,82.0,15.0,19.9,6.3,14.8,1704125912,1704097886,raincoat_umbrella
Snow,602,8.3,1016.2,54.6,6.0,10.0,8.2,17.7,1704140451,1704095691,medium_coat_scarf
Clear,827,-21.1,1019.5,61.7,-22.7,-20.0,5.3,20.2,1704138374,1704097473,extreme_cold_gear
Rain,573,17.1,993.2,92.9,15.9,20.0,4.6,74.7,1704128256,1704094638,raincoat_umbrella
Rain,510,27.9,1035.0,84.5,27.4,29.5,9.4,29.0,1704139850,1704098102,light_rain_jacket
Clear,802,4.9,1019.0,68.0,3.4,6.8,6.4,17.3,1704140353,1704098211,medium_coat_scarf
Clear,876,26.1,1018.4,44.8,24.7,28.1,1.6,24.4,1704130404,1704090642,tshirt_shorts
Clear,833,28.7,1018.5,45.0,26.6,29.7,7.6,20.1,1704138316,1704093318,hot_summer
Clouds,894,19.8,980.4,53.7,18.8,20.6,7.6,71.3,1704138678,1704092439,light_jacket_jeans
Clear,868,-1.5,999.1,61.9,-3.8,-0.4,2.6,22.3,1704125075,1704092629,warm_winter_coat
Clear,816,38.4,987.5,35.2,37.3,41.1,6.3,23.8,1704127478,1704098995,hot_summer
Drizzle,386,18.2,1015.1,74.4,16.8,19.2,2.8,82.1,1704139673,1704095146,light_jacket_jeans
Rain,551,22.1,1016.7,81.1,20.7,24.2,5.6,76.6,1704134772,1704091002,light_rain_jacket
Drizzle,363,20.4,980.0,84.7,18.7,23.0,2.4,63.9,1704129852,1704091581,light_rain_jacket
Rain,559,16.2,984.6,75.1,14.8,17.6,4.6,10.1,1704140680,1704090027,raincoat_umbrella
Snow,626,-8.2,1014.5,66.3,-9.8,-5.8,1.1,85.1,1704136451,1704094528,warm_winter_coat
Rain,521,5.4,1024.9,94.6,4.3,8.0,3.6,5.3,1704132261,1704099071,raincoat_umbrella
Clouds,880,13.3,980.4,66.5,11.0,15.7,4.8,21.6,1704132144,1704091826,light_jacket_jeans
Snow,653,-15.7,1037.0,50.3,-17.9,-13.9,14.0,2.8,1704130338,1704091095,extreme_cold_gear
Clouds,890,17.1,997.6,66.5,15.3,17.7,22.2,8.4,1704131249,1704099583,windproof_jacket
Clouds,811,2.2,998.2,64.4,0.1,3.6,7.1,70.2,1704140303,1704092178,medium_coat_scarf
Rain,528,14.4,986.6,98.6,13.6,15.0,4.0,84.4,1704133200,1704092557,raincoat_umbrella
Clear,857,33.4,1011.8,35.4,31.6,35.6,7.7,7.3,1704129744,1704089623,hot_summer
Rain,536,8.5,1015.4,83.2,6.4,9.6,6.4,88.6,1704136176,1704098128,raincoat_umbrella
Clear,837,39.2,1017.0,51.8,36.8,41.0,1.6,22.3,1704131480,1704089539,hot_summer
Clear,816,28.3,993.7,65.9,27.5,30.4,1.7,8.4,1704127215,1704089611,hot_summer
Snow,632,-18.5,1004.6,46.5,-21.4,-17.1,17.1,41.3,1704140578,1704090220,extreme_cold_gear
Clouds,824,13.3,1005.4,41.6,11.0,14.5,24.9,92.7,1704142722,1704091198,windproof_jacket
Snow,645,3.6,1008.3,70.6,1.5,4.7,5.4,88.1,1704141601,1704089996,medium_coat_scarf
Rain,561,16.0,997.3,94.3,14.1,18.0,11.8,68.6,1704129448,1704088808,raincoat_umbrella
Drizzle,373,25.7,1001.3,70.9,24.5,28.1,6.3,69.5,1704139014,1704095304,light_rain_jacket
Snow,614,-0.6,988.6,77.4,-1.4,0.8,2.3,76.0,1704132586,1704089481,winter_wet_gear
Clouds,844,12.6,1003.8,71.3,9.9,15.0,7.8,99.1,1704133117,1704094603,light_jacket_jeans
Clear,884,32.5,992.7,30.8,31.7,35.3,2.6,9.8,1704137023,1704095210,hot_summer
Rain,560,25.2,1008.5,78.2,22.4,26.0,4.2,35.5,1704135796,1704096624,light_rain_jacket
Snow,609,-5.3,1016.6,79.5,-7.4,-4.6,9.9,31.6,1704140941,1704095647,winter_wet_gear
Clear,895,-9.2,998.8,55.5,-11.5,-8.2,8.7,0.8,1704124932,1704096604,warm_winter_coat
Drizzle,390,-6.0,1006.5,83.9,-8.9,-4.5,5.7,79.1,1704138988,1704095838,winter_wet_gear
Clouds,892,27.6,983.1,66.0,26.5,29.3,1.8,68.3,1704134928,1704096864,tshirt_shorts
Snow,658,-6.3,1037.0,49.6,-9.1,-3.5,5.3,90.5,1704140929,1704090725,warm_winter_coat
Snow,653,-22.0,1028.0,33.5,-23.9,-19.6,12.3,85.2,1704138181,1704090418,extreme_cold_gear
Rain,500,27.2,1008.3,81.1,26.0,27.9,7.5,14.3,1704136488,1704093554,light_rain_jacket
Clear,855,26.9,989.7,79.2,25.0,29.0,9.7,5.4,1704128058,1704096785,tshirt_shorts
Drizzle,314,25.6,994.1,92.6,22.8,28.1,8.1,23.6,1704137754,1704097248,light_rain_jacket
Clear,830,3.0,996.3,68.9,0.2,4.5,9.7,23.7,1704133639,1704091535,medium_coat_scarf
Clear,888,29.2,1028.0,71.3,27.1,31.8,1.8,19.3,1704133188,1704094997,tshirt_shorts
Clouds,847,13.7,1032.6,81.2,13.0,15.4,8.1,52.7,1704128293,1704097677,light_jacket_jeans
Clouds,882,23.1,1001.1,74.8,22.5,25.3,1.7,77.4,1704141580,1704097617,tshirt_shorts
Rain,596,18.9,1026.0,77.5,17.9,20.6,5.6,36.9,1704125606,1704095843,raincoat_umbrella
Clouds,897,14.8,1015.7,53.8,12.0,17.7,19.7,37.3,1704126090,1704095083,windproof_jacket
Clouds,806,25.0,1027.5,75.0,24.4,25.9,1.1,17.1,1704132092,1704097062,tshirt_shorts
Drizzle,387,-4.6,980.0,93.0,-6.1,-2.8,6.7,50.2,1704129901,1704096525,winter_wet_gear
Clouds,829,28.0,989.8,64.9,27.0,29.6,3.1,4.0,1704129461,1704091469,tshirt_shorts
Drizzle,391,-6.6,992.5,93.8,-9.1,-4.1,10.8,82.7,1704130715,1704093879,winter_wet_gear
Clouds,821,1.5,1017.7,65.6,-0.6,2.2,1.1,36.9,1704126785,1704091676,medium_coat_scarf
Clear,803,31.9,982.6,69.3,29.8,32.5,5.3,9.8,1704132900,1704089057,hot_summer
Snow,697,-24.5,990.0,77.7,-27.0,-23.9,19.2,53.1,1704134608,1704090134,extreme_cold_gear
Snow,657,6.2,996.5,68.5,5.5,7.3,5.5,30.5,1704125856,1704091800,medium_coat_scarf
Drizzle,304,25.7,986.0,92.1,23.0,28.3,8.9,12.6,1704132540,1704093772,light_rain_jacket
Drizzle,329,17.4,1003.2,50.5,16.8,18.3,11.0,86.9,1704131018,1704092283,light_jacket_jeans
Clear,822,37.5,1004.2,42.2,35.2,38.8,0.6,5.2,1704136337,1704099336,hot_summer
Rain,518,13.6,1029.6,97.7,11.0,16.2,3.4,50.6,1704138639,1704098253,raincoat_umbrella
Clouds,818,23.4,1002.7,62.7,22.5,24.1,2.8,81.6,1704132438,1704092346,tshirt_shorts
Drizzle,328,-2.0,1021.5,97.6,-4.8,0.6,3.7,95.0,1704129344,1704089322,winter_wet_gear
Snow,629,-27.6,990.6,68.4,-29.6,-26.0,19.0,79.9,1704139242,1704095823,extreme_cold_gear
Clouds,806,4.0,999.0,53.3,2.1,6.3,7.8,60.6,1704136147,1704094606,medium_coat_scarf
Clear,808,27.9,1019.3,61.3,26.9,28.5,2.9,19.2,1704135051,1704093483,tshirt_shorts
Clouds,886,6.0,1006.6,71.8,3.2,8.8,7.5,20.5,1704136151,1704091088,medium_coat_scarf
Rain,570,11.6,983.9,93.9,9.5,12.5,5.0,83.6,1704136646,1704097508,raincoat_umbrella
Clear,843,35.7,1033.7,40.4,34.6,37.2,7.1,8.9,1704136902,1704091397,hot_summer
Clear,820,30.5,996.9,30.5,29.6,32.5,8.0,20.0,1704130563,1704098563,hot_summer
Drizzle,307,-5.4,1021.8,100.0,-5.9,-3.5,9.1,72.1,1704138314,1704099201,winter_wet_gear
Drizzle,315,27.7,1007.9,93.4,25.6,29.3,3.7,91.1,1704131131,1704089976,light_rain_jacket
Clouds,811,10.8,1017.8,65.0,7.8,12.4,4.4,80.7,1704141306,1704097291,light_jacket_jeans
Rain,588,10.7,1008.2,98.3,8.9,13.3,6.4,18.7,1704139394,1704092083,raincoat_umbrella
Drizzle,373,-1.7,986.4,99.3,-4.2,0.4,14.8,55.3,1704132750,1704098487,winter_wet_gear
Clouds,839,7.5,984.9,77.5,5.8,9.8,3.7,56.3,1704131936,1704094660,medium_coat_scarf
Rain,574,18.1,984.2,85.5,16.0,20.4,6.9,42.8,1704139944,1704098444,light_rain_jacket
Clear,844,23.5,1028.9,56.1,21.6,24.2,0.2,10.8,1704140814,1704090689,tshirt_shorts
Rain,558,27.5,984.1,80.0,25.0,30.2,3.3,96.3,1704130964,1704096347,light_rain_jacket
Snow,619,-10.6,1036.4,77.5,-11.9,-7.7,19.5,62.8,1704137602,1704096822,extreme_cold_gear
Rain,531,20.6,1025.7,83.5,19.5,23.1,2.5,10.7,1704136683,1704089356,light_rain_jacket
Rain,568,8.6,1038.1,92.3,7.9,9.8,11.8,23.2,1704127854,1704090126,raincoat_umbrella
Drizzle,354,-9.2,986.5,96.6,-11.5,-7.9,5.0,35.3,1704133585,1704092140,winter_wet_gear
Clear,875,-3.4,1025.4,68.2,-4.2,-2.4,7.5,5.1,1704134810,1704097939,warm_winter_coat
Clear,886,0.7,1022.2,72.9,-2.2,3.4,4.8,4.0,1704140880,1704093184,medium_coat_scarf
Clear,816,38.1,1008.2,42.1,37.5,41.0,3.4,4.7,1704129119,1704091399,hot_summer
Clear,832,-14.8,1030.5,31.0,-17.8,-12.2,9.3,11.9,1704127239,1704096932,extreme_cold_gear
Clear,844,15.8,1015.3,60.0,13.1,17.7,9.3,0.4,1704140689,1704098181,light_jacket_jeans
Clouds,854,11.6,999.3,56.9,9.8,14.1,12.1,76.9,1704140188,1704096348,windproof_jacket
Rain,579,27.6,1003.2,74.6,25.1,29.3,2.9,39.4,1704141372,1704089474,light_rain_jacket
Snow,644,-23.4,996.1,57.1,-25.6,-20.7,5.4,7.8,1704135019,1704096200,extreme_cold_gear
Rain,546,21.7,1019.2,75.2,21.1,22.4,9.5,51.8,1704131815,1704097315,light_rain_jacket
Drizzle,391,-9.6,986.2,87.5,-11.7,-6.6,11.7,77.7,1704136126,1704090321,winter_wet_gear
Snow,607,-0.1,997.5,77.3,-1.6,1.8,5.8,97.5,1704125028,1704090939,winter_wet_gear
Rain,520,13.0,1015.4,94.1,10.9,15.2,3.9,55.0,1704138942,1704098715,raincoat_umbrella
Clear,848,0.0,1035.3,64.0,-2.5,0.9,2.1,27.7,1704134939,1704090392,medium_coat_scarf
Rain,579,15.4,1018.7,91.2,14.6,18.4,11.0,22.2,1704133219,1704089289,raincoat_umbrella
Clear,809,-12.0,1026.6,31.7,-13.3,-9.6,17.1,15.0,1704136507,1704089955,extreme_cold_gear
Clear,836,28.4,1002.7,78.0,27.0,29.3,8.1,23.7,1704131742,1704089160,tshirt_shorts
Clouds,821,14.4,983.0,46.9,12.7,16.8,16.9,58.8,1704132662,1704091028,windproof_jacket
Clouds,895,0.3,1022.8,62.2,-1.9,1.6,4.1,1.3,1704142445,1704089857,medium_coat_scarf
Snow,632,-1.1,1009.8,95.7,-3.8,-0.4,13.1,37.5,1704134753,1704099557,winter_wet_gear
Clear,808,-7.2,1030.1,41.2,-9.3,-4.5,3.9,21.8,1704135198,1704091652,warm_winter_coat
Clear,825,-20.9,997.4,53.1,-22.2,-20.1,17.6,17.5,1704127914,1704092672,extreme_cold_gear
Clouds,881,8.9,989.7,63.3,6.5,10.8,20.5,25.3,1704128580,1704095118,windproof_jacket
Clouds,850,8.5,1014.2,66.0,6.1,9.4,19.0,55.5,1704133250,1704095431,windproof_jacket
Drizzle,375,-3.6,1030.4,83.5,-5.7,-1.7,6.1,34.5,1704130769,1704091640,winter_wet_gear
Rain,528,11.3,1032.8,75.4,8.4,12.2,10.5,77.0,1704134506,1704091203,raincoat_umbrella
Clouds,837,26.6,982.4,77.7,25.0,28.0,2.0,48.8,1704139606,1704099142,tshirt_shorts
Drizzle,387,-0.1,1013.1,98.2,-0.8,2.2,2.6,63.3,1704132528,1704099468,winter_wet_gear
Clear,854,-18.6,994.6,58.2,-19.8,-16.5,13.0,27.7,1704140667,1704097070,extreme_cold_gear
Clear,867,5.7,1024.9,56.7,3.9,6.4,3.9,10.3,1704138076,1704097980,medium_coat_scarf
Rain,502,15.2,980.6,75.2,13.6,18.2,6.0,71.5,1704134122,1704096722,raincoat_umbrella
Clear,872,-0.2,986.6,69.0,-2.1,2.5,5.4,26.2,1704125321,1704092980,warm_winter_coat
Rain,564,12.9,1027.0,78.0,11.1,14.7,5.8,3.7,1704125474,1704096238,raincoat_umbrella
Drizzle,332,-5.5,987.6,86.6,-8.0,-3.7,11.7,53.1,1704129204,1704088948,winter_wet_gear
Clouds,895,12.3,1037.5,41.6,11.2,13.6,19.5,1.5,1704130618,1704097071,windproof_jacket
Clouds,889,21.8,992.5,77.7,19.3,24.1,7.6,33.8,1704132741,1704097070,tshirt_shorts
Clear,842,29.6,985.9,55.7,26.8,32.1,1.6,5.0,1704136604,1704092623,hot_summer
Clear,811,6.8,1028.9,79.1,5.6,8.1,3.6,20.4,1704139049,1704094077,medium_coat_scarf
Clouds,857,15.1,986.3,62.7,12.3,16.2,20.9,95.8,1704132169,1704097483,windproof_jacket
Drizzle,357,26.4,989.5,87.9,24.2,28.6,8.6,88.5,1704138567,1704095091,light_rain_jacket
Clouds,870,23.1,1000.7,41.4,21.3,25.5,9.3,10.6,1704129650,1704091193,tshirt_shorts
Clear,813,35.9,987.7,36.3,34.8,38.3,5.5,12.8,1704140670,1704091629,hot_summer
Clear,834,39.2,1026.7,64.7,36.3,40.6,1.9,18.3,1704125943,1704096159,hot_summer
Clear,881,30.9,998.2,35.7,28.6,31.5,1.0,3.0,1704142740,1704094301,hot_summer
Clear,898,37.3,1023.7,34.3,35.0,38.8,0.6,14.9,1704139543,1704091461,hot_summer
Clouds,867,15.1,1031.2,51.4,13.1,17.4,12.5,48.8,1704137955,1704095874,windproof_jacket
Clear,888,26.9,1033.5,45.8,26.0,29.6,5.9,21.0,1704132973,1704092056,tshirt_shorts
Rain,597,20.2,981.3,73.1,19.4,22.9,3.1,55.3,1704133725,1704099415,light_rain_jacket
Clouds,824,18.0,982.8,55.3,16.6,20.9,22.7,28.6,1704130344,1704088836,windproof_jacket
Drizzle,353,-8.1,990.0,94.8,-9.2,-7.1,10.2,58.4,1704136764,1704095230,winter_wet_gear
Clear,896,10.1,986.3,72.1,9.2,13.0,5.6,9.7,1704130811,1704092256,light_jacket_jeans
Clear,883,-2.3,1035.4,50.0,-5.1,-0.9,9.4,3.4,1704126823,1704088869,warm_winter_coat
Clear,888,-1.3,1023.5,74.4,-2.1,0.8,9.9,0.0,1704125150,1704093223,warm_winter_coat
Snow,656,-2.8,1021.2,41.3,-4.5,-0.3,1.7,33.5,1704139294,1704095033,warm_winter_coat
Clouds,893,12.7,984.0,58.0,10.1,13.3,17.5,74.0,1704134831,1704092857,windproof_jacket
Snow,631,-7.3,982.4,53.9,-9.7,-5.5,9.1,81.4,1704126828,1704093116,warm_winter_coat
Clear,815,11.3,1010.1,52.3,9.3,12.5,7.6,14.7,1704133843,1704095959,light_jacket_jeans
Clouds,889,9.5,1024.2,51.9,6.7,11.6,16.9,70.6,1704138898,1704092197,windproof_jacket
Clear,893,16.5,1022.6,65.2,14.2,17.1,3.1,29.8,1704135863,1704094159,light_jacket_jeans
Clear,862,38.9,1034.5,55.4,38.2,40.7,0.6,28.7,1704131871,1704092076,hot_summer
Drizzle,360,11.6,1010.6,57.3,10.1,13.1,8.6,23.1,1704140164,1704099463,light_jacket_jeans
Clear,859,18.6,1034.7,51.9,16.2,21.0,11.8,10.9,1704130330,1704098533,light_jacket_jeans
Clear,863,28.5,1010.2,54.7,25.5,29.1,5.9,19.4,1704140334,1704094998,tshirt_shorts
Clear,852,9.5,1026.5,65.0,7.7,10.1,5.5,22.7,1704131591,1704099392,medium_coat_scarf
Clear,823,-9.4,1008.1,64.1,-11.1,-8.0,3.1,13.0,1704132876,1704091417,warm_winter_coat
Snow,622,-18.9,1036.5,72.2,-20.8,-16.3,0.7,77.4,1704132349,1704097742,extreme_cold_gear
Rain,537,12.7,988.4,80.3,10.7,13.3,9.2,43.0,1704130245,1704093106,raincoat_umbrella
Snow,689,-7.9,981.2,61.1,-10.9,-7.0,10.6,50.5,1704133274,1704090780,warm_winter_coat
Drizzle,388,26.1,1007.3,80.2,25.5,28.4,6.9,90.3,1704136491,1704095843,light_rain_jacket
Rain,556,6.1,1030.4,91.1,4.6,8.7,5.1,91.4,1704127321,1704091499,raincoat_umbrella
Clear,846,36.0,982.3,63.3,34.7,36.9,1.2,26.4,1704135569,1704093859,hot_summer
Drizzle,360,13.4,1002.6,54.4,11.8,15.6,8.0,81.5,1704128570,1704092129,light_jacket_jeans
Rain,524,24.8,1003.2,82.4,21.9,26.3,2.7,86.9,1704127143,1704089392,light_rain_jacket
Snow,658,9.7,1028.6,53.9,7.1,11.6,5.8,25.2,1704140382,1704092384,medium_coat_scarf
Snow,660,-3.2,1036.6,89.9,-3.9,-2.0,3.4,14.8,1704125353,1704089085,winter_wet_gear
Clouds,825,6.7,1002.8,64.5,4.5,8.8,7.0,75.1,1704140246,1704089097,medium_coat_scarf
Snow,613,-6.8,1009.1,64.5,-7.3,-4.3,3.5,88.8,1704134540,1704092946,warm_winter_coat
Drizzle,390,20.8,1022.5,86.7,19.3,21.9,7.5,89.1,1704125925,1704094673,light_rain_jacket
Clear,883,-4.9,1029.8,65.2,-6.4,-2.4,9.1,7.7,1704134207,1704097105,warm_winter_coat
Clear,893,-20.4,989.3,31.9,-23.3,-19.7,0.7,13.9,1704133747,1704095517,extreme_cold_gear
Drizzle,316,13.6,1003.8,78.2,11.8,15.3,7.0,93.8,1704129502,1704096062,light_jacket_jeans
Clouds,836,1.4,1032.5,79.2,-0.0,3.6,7.6,97.1,1704134730,1704090787,medium_coat_scarf
Clouds,862,0.1,981.7,66.7,-2.5,1.9,8.7,61.4,1704142738,1704092180,medium_coat_scarf
Clouds,809,27.5,1005.7,63.6,26.1,28.6,7.7,75.8,1704132354,1704096673,tshirt_shorts
Snow,668,-6.4,1023.0,94.9,-8.5,-3.5,5.1,7.7,1704132287,1704093729,winter_wet_gear
Clear,892,29.5,1026.4,68.9,28.7,32.2,1.8,10.2,1704136659,1704092135,hot_summer
Drizzle,369,18.7,985.4,87.6,18.0,21.3,3.1,39.9,1704135366,1704093801,light_rain_jacket
Clouds,869,17.4,983.1,41.2,16.6,19.1,15.8,57.0,1704127759,1704096575,windproof_jacket
Clear,830,28.2,1006.6,38.8,25.5,30.4,2.3,5.1,1704136501,1704089720,hot_summer
Clouds,818,13.4,998.9,54.1,11.7,16.2,12.6,12.6,1704141796,1704099551,windproof_jacket
Drizzle,347,17.2,1017.1,81.3,14.8,18.0,11.4,5.3,1704138828,1704096033,light_jacket_jeans
Snow,600,-21.3,980.0,77.3,-23.1,-19.1,19.8,22.5,1704129327,1704095892,extreme_cold_gear
Drizzle,394,26.2,993.7,85.6,23.7,27.9,6.3,78.6,1704129230,1704093003,light_rain_jacket
Clouds,860,17.2,1034.8,64.5,14.3,17.8,20.9,71.4,1704134803,1704098753,windproof_jacket
Rain,547,20.3,1005.9,89.9,17.6,21.2,9.5,91.8,1704133393,1704090672,light_rain_jacket
Rain,532,8.5,986.2,89.7,6.3,10.7,14.5,12.2,1704139436,1704091505,raincoat_umbrella
Rain,543,9.3,1005.9,91.9,7.1,11.5,11.6,86.4,1704132141,1704091185,raincoat_umbrella
Clear,822,-15.1,1019.9,58.6,-16.8,-13.5,7.4,25.0,1704140932,1704090343,extreme_cold_gear
Snow,697,3.8,1003.9,79.1,1.0,5.1,4.3,63.1,1704129886,1704099034,medium_coat_scarf
Rain,532,21.8,1008.5,85.4,20.0,24.6,4.8,97.3,1704126956,1704089265,light_rain_jacket
Drizzle,323,19.0,1018.0,71.1,18.3,21.0,2.3,95.1,1704124974,1704098687,light_jacket_jeans
Clear,882,39.9,999.0,52.2,38.7,41.1,1.4,12.7,1704127560,1704099300,hot_summer
Snow,689,-3.7,1010.9,76.9,-5.3,-1.2,14.4,1.0,1704133102,1704098144,winter_wet_gear
Clear,861,29.2,995.7,78.2,27.9,30.8,9.3,7.0,1704131535,1704092193,tshirt_shorts
Clear,860,-18.8,982.4,79.5,-20.5,-17.7,16.1,23.5,1704129669,1704098017,extreme_cold_gear
Clouds,853,13.3,1039.1,57.8,12.7,14.8,24.9,58.6,1704129989,1704098922,windproof_jacket
Snow,648,-5.4,1037.9,83.0,-8.1,-2.4,8.6,12.4,1704139140,1704099492,winter_wet_gear
Rain,513,14.9,1016.9,85.4,13.5,16.1,3.1,12.2,1704133668,1704092700,raincoat_umbrella
Clouds,846,15.5,995.0,80.6,13.6,17.5,9.3,88.8,1704140239,1704090624,light_jacket_jeans
Clear,816,-12.5,991.1,44.7,-13.2,-9.5,8.2,26.6,1704137594,1704092349,extreme_cold_gear
Snow,694,0.7,1037.2,64.8,-1.8,1.9,8.0,7.7,1704130956,1704097686,medium_coat_scarf
Clouds,827,24.0,1029.5,53.3,21.5,25.5,6.2,93.7,1704140213,1704095657,tshirt_shorts
Snow,693,-5.5,1028.7,90.8,-6.9,-3.6,5.8,60.5,1704128643,1704096303,winter_wet_gear
Clear,828,-25.6,1021.3,47.9,-28.2,-24.2,9.2,26.2,1704141450,1704089758,extreme_cold_gear
Drizzle,305,27.0,1000.8,73.4,24.1,29.1,8.1,27.8,1704138473,1704096218,light_rain_jacket
Drizzle,362,26.0,1017.5,89.0,23.9,28.1,2.2,18.1,1704129397,1704098000,light_rain_jacket
Snow,603,-9.5,1007.8,74.2,-10.4,-8.1,3.7,61.3,1704136315,1704095795,warm_winter_coat
Drizzle,391,18.5,1003.2,90.6,17.9,20.8,4.4,97.4,1704125949,1704099047,light_rain_jacket
Clear,863,-29.6,1036.1,51.9,-31.9,-27.7,8.4,22.4,1704137374,1704095775,extreme_cold_gear
Rain,537,20.0,1032.4,83.1,18.6,22.4,13.1,99.6,1704136046,1704091271,raincoat_umbrella
Rain,528,13.3,1031.9,83.2,10.5,14.2,13.5,17.9,1704136552,1704089830,raincoat_umbrella
Clouds,873,11.0,999.7,53.2,10.4,12.8,17.1,23.9,1704130850,1704094602,windproof_jacket
Drizzle,329,11.3,1025.1,54.0,10.3,13.9,3.6,71.1,1704139073,1704091837,light_jacket_jeans
Snow,630,-29.2,1030.8,65.1,-30.0,-27.2,19.0,12.2,1704135896,1704095902,extreme_cold_gear
Snow,658,3.7,1012.3,75.9,0.8,6.4,7.5,95.5,1704128541,1704090984,medium_coat_scarf
Clear,861,-9.7,1001.9,68.3,-10.4,-7.7,3.9,2.6,1704130063,1704094764,warm_winter_coat
Snow,682,-2.4,1003.9,47.1,-4.0,-0.8,4.0,16.7,1704135489,1704099492,warm_winter_coat
Drizzle,334,26.0,1034.9,75.5,24.1,28.1,4.7,53.7,1704141707,1704097031,light_rain_jacket
Clear,847,-22.4,1032.5,38.2,-23.7,-19.9,15.2,1.6,1704138395,1704096181,extreme_cold_gear
Snow,698,-4.9,999.6,45.5,-5.4,-4.1,1.2,82.4,1704130305,1704097514,warm_winter_coat
Clouds,840,28.1,1020.0,51.9,25.4,28.7,2.1,67.0,1704134178,1704098012,tshirt_shorts
Drizzle,368,-6.4,1016.7,82.8,-7.4,-4.3,10.0,8.9,1704128256,1704097448,winter_wet_gear
Drizzle,358,24.1,1032.6,92.3,23.4,26.8,3.7,93.4,1704126258,1704091599,light_rain_jacket
Drizzle,333,20.6,981.1,92.3,19.7,22.4,2.9,14.4,1704132875,1704095548,light_rain_jacket
Clear,872,16.5,983.4,71.0,15.4,18.9,9.1,12.8,1704129864,1704098225,light_jacket_jeans
Clear,866,34.7,981.0,50.6,33.3,36.7,0.8,28.9,1704137096,1704089660,hot_summer
Clear,853,24.2,1020.4,44.0,22.6,26.3,0.4,16.1,1704132498,1704097738,tshirt_shorts
Drizzle,339,21.2,1009.1,83.0,19.0,23.6,2.6,92.5,1704140934,1704095068,light_rain_jacket
Snow,662,1.8,1025.8,71.1,0.4,2.8,9.1,31.3,1704126727,1704097699,medium_coat_scarf
Clear,801,1.9,996.2,54.0,0.3,3.0,9.8,22.7,1704133148,1704098664,medium_coat_scarf
Snow,681,-0.6,1039.5,48.6,-2.1,0.9,9.6,2.9,1704125047,1704097675,warm_winter_coat
Clear,816,-22.8,991.4,39.7,-25.1,-20.4,18.3,15.9,1704128443,1704089118,extreme_cold_gear
Rain,566,13.1,992.0,90.2,11.3,15.5,9.6,41.0,1704132478,1704095862,raincoat_umbrella
Snow,639,-27.5,991.6,55.0,-28.9,-24.9,4.2,9.6,1704138823,1704095333,extreme_cold_gear
Rain,550,6.8,984.0,91.0,4.8,7.8,13.2,10.6,1704128661,1704095407,raincoat_umbrella
Clouds,874,9.4,985.0,56.3,7.6,11.5,20.9,93.0,1704129559,1704090725,windproof_jacket
Clear,852,-3.5,1029.1,40.6,-5.3,-2.3,1.2,22.2,1704127756,1704089736,warm_winter_coat
Rain,546,19.5,1035.6,80.4,18.0,22.3,12.0,9.1,1704141607,1704090990,raincoat_umbrella
Rain,548,23.3,1032.6,72.0,21.3,25.1,8.0,93.1,1704125033,1704095501,light_rain_jacket
Clouds,828,13.7,1029.1,84.0,13.2,16.7,4.3,70.8,1704137084,1704096969,light_jacket_jeans
Snow,649,-6.4,988.8,45.0,-9.2,-4.5,10.0,14.6,1704142133,1704091967,warm_winter_coat
Clouds,891,10.4,999.2,47.0,9.0,12.9,18.2,56.0,1704132070,1704099068,windproof_jacket
Clear,855,28.4,985.7,58.1,25.5,31.0,7.3,11.9,1704129799,1704090527,tshirt_shorts
Rain,582,14.8,1014.3,93.5,11.9,15.6,6.4,6.0,1704125593,1704089529,raincoat_umbrella
Snow,685,7.4,981.1,52.2,6.1,9.4,7.9,82.9,1704136265,1704096893,medium_coat_scarf
Snow,627,-7.8,1036.6,65.5,-8.7,-5.1,1.4,66.3,1704132106,1704089683,warm_winter_coat
Clear,898,30.0,1031.8,68.4,27.5,30.8,6.8,12.2,1704125159,1704088893,hot_summer
Clouds,813,12.1,1001.5,60.0,10.6,13.0,8.5,55.7,1704129052,1704089599,light_jacket_jeans
Clouds,835,13.8,997.1,81.5,11.4,15.8,4.4,12.2,1704128732,1704095377,light_jacket_jeans
Clear,821,-2.3,988.6,59.6,-3.5,-0.1,8.4,24.3,1704136568,1704095205,warm_winter_coat
Rain,505,17.6,997.9,81.7,16.9,19.3,7.7,64.4,1704140714,1704092412,raincoat_umbrella
Drizzle,347,10.7,1006.5,59.5,7.9,12.0,6.0,61.9,1704126482,1704097979,light_jacket_jeans
Rain,509,19.7,1027.4,77.7,18.3,20.3,6.1,97.1,1704137594,1704095460,light_rain_jacket
Clouds,808,14.1,1034.1,60.6,12.4,17.0,16.2,45.2,1704136707,1704099376,windproof_jacket
Clear,898,20.8,1026.2,58.5,18.3,23.4,9.9,28.9,1704138489,1704096430,tshirt_shorts
Clear,810,-3.1,1021.6,61.6,-3.8,-1.1,9.6,22.4,1704134981,1704096934,warm_winter_coat
Drizzle,362,12.5,1019.5,50.8,11.7,14.2,3.4,97.8,1704138210,1704090750,light_jacket_jeans
Rain,563,20.6,1036.7,89.2,20.0,22.9,7.2,46.5,1704130629,1704091553,light_rain_jacket
Rain,537,10.0,1000.0,79.5,9.4,12.8,6.4,55.7,1704129826,1704089865,raincoat_umbrella
Drizzle,331,-2.8,1018.0,94.1,-4.0,-0.3,5.7,52.8,1704128234,1704094739,winter_wet_gear
Snow,689,-5.9,1029.5,69.4,-7.2,-4.4,10.1,47.0,1704134336,1704096223,warm_winter_coat
Drizzle,342,27.8,1009.0,76.8,24.8,28.4,4.2,23.1,1704134670,1704093675,light_rain_jacket
Clear,807,22.3,998.8,41.9,21.5,24.9,9.5,13.3,1704139811,1704089098,tshirt_shorts
Rain,573,18.9,1031.7,91.7,18.2,19.5,2.5,82.3,1704135426,1704089339,light_rain_jacket
Clear,897,34.9,1016.9,51.1,34.0,36.8,0.3,24.8,1704127755,1704095210,hot_summer
Rain,505,13.4,1011.4,94.7,12.4,15.5,5.9,40.6,1704131375,1704099531,raincoat_umbrella
Clear,804,34.8,1021.8,66.6,32.0,37.7,0.3,8.9,1704133335,1704098998,hot_summer
Clear,841,29.3,1011.2,32.8,27.5,30.9,4.7,22.3,1704125276,1704093099,hot_summer
Clouds,867,17.7,1013.8,53.2,16.4,19.2,9.8,66.9,1704142427,1704091296,light_jacket_jeans
Snow,626,-26.9,996.7,49.1,-28.0,-24.5,14.3,61.8,1704130387,1704097192,extreme_cold_gear
Clear,887,32.4,1003.3,45.8,31.3,33.8,5.6,13.5,1704126117,1704091254,hot_summer
Drizzle,385,27.6,1005.3,78.4,26.9,28.6,4.1,29.1,1704128817,1704095713,light_rain_jacket
Clouds,877,9.6,1010.5,46.4,7.8,12.5,19.5,52.1,1704138488,1704089381,windproof_jacket
Clear,811,36.1,1003.9,62.2,33.6,37.5,5.3,15.4,1704126522,1704092991,hot_summer
Clouds,870,17.0,1026.9,62.6,14.6,18.0,22.9,97.9,1704130597,1704097349,windproof_jacket
Rain,564,19.5,1027.0,83.6,18.5,22.2,3.5,56.2,1704141923,1704097267,light_rain_jacket
Rain,589,12.9,983.3,81.6,11.7,14.4,14.8,35.9,1704131424,1704098711,raincoat_umbrella
Clouds,818,18.1,1017.8,76.1,16.5,20.7,2.2,43.7,1704140741,1704094714,light_jacket_jeans
Drizzle,352,27.1,1019.2,83.8,25.7,28.0,7.1,25.8,1704137829,1704098788,light_rain_jacket
Drizzle,312,14.5,1032.9,77.5,11.8,17.5,2.9,67.1,1704126478,1704094394,light_jacket_jeans
Clouds,843,7.5,1014.0,60.5,4.9,9.9,2.7,93.6,1704134299,1704097053,medium_coat_scarf
Rain,576,24.1,1005.7,85.3,23.2,26.8,2.0,71.2,1704124924,1704095931,light_rain_jacket
Clear,800,-3.1,1033.7,54.5,-5.3,-0.5,5.0,27.2,1704132607,1704092691,warm_winter_coat
Clouds,844,9.6,1001.3,52.8,7.1,10.4,17.6,0.9,1704138713,1704099551,windproof_jacket
Clouds,869,14.0,983.0,68.7,12.3,16.7,24.5,16.1,1704142158,1704097596,windproof_jacket
Clear,839,-27.4,1032.7,54.4,-29.8,-24.7,0.8,13.4,1704134005,1704089540,extreme_cold_gear
Clear,807,18.9,1019.4,82.9,17.5,20.5,6.5,11.7,1704133825,1704096825,light_jacket_jeans
Clouds,829,29.1,1020.3,75.7,26.2,31.8,6.5,0.5,1704136666,1704098467,tshirt_shorts
Snow,607,-5.7,1021.7,97.2,-6.3,-5.0,7.0,38.9,1704142621,1704093574,winter_wet_gear
Clear,807,28.2,981.2,45.2,26.6,29.9,2.7,3.7,1704134356,1704093166,hot_summer
Clear,856,25.2,984.6,41.7,23.1,26.9,3.4,11.8,1704126944,1704092944,tshirt_shorts
Rain,570,6.1,1026.0,96.5,3.6,7.1,12.8,30.9,1704125609,1704090143,raincoat_umbrella
Clear,808,15.9,1000.3,56.2,15.2,18.4,2.3,12.8,1704141245,1704092516,light_jacket_jeans
Snow,608,-7.5,986.0,47.2,-9.6,-4.7,3.8,7.0,1704130413,1704096230,warm_winter_coat
Clouds,810,15.7,1001.1,68.0,12.9,18.6,17.8,49.1,1704128934,1704099289,windproof_jacket
Clear,856,-15.7,1015.9,35.5,-18.2,-13.4,14.6,5.1,1704128015,1704094273,extreme_cold_gear
Rain,503,25.0,990.9,87.9,22.3,26.9,9.9,48.1,1704132613,1704098265,light_rain_jacket
Clouds,899,16.0,996.6,59.2,13.1,18.7,14.5,7.9,1704135133,1704089715,windproof_jacket
Clouds,800,8.5,1018.4,50.8,5.7,9.2,1.6,91.7,1704134178,1704091915,medium_coat_scarf
Snow,608,-8.6,998.9,77.7,-11.3,-5.9,5.2,60.7,1704135130,1704096169,winter_wet_gear
Clouds,866,14.8,1017.2,69.9,14.1,15.4,20.9,99.0,1704131255,1704094855,windproof_jacket
Drizzle,348,-8.1,1014.3,81.1,-9.9,-6.8,13.1,10.8,1704126200,1704096758,winter_wet_gear
Snow,676,-2.3,983.8,64.9,-3.5,-0.5,3.5,74.8,1704139521,1704094459,warm_winter_coat
Clear,878,14.9,1004.7,51.0,13.2,17.2,8.2,27.7,1704138497,1704091163,light_jacket_jeans
Drizzle,313,22.9,1029.3,72.7,20.3,25.1,6.6,28.9,1704139644,1704099462,light_rain_jacket
Clear,868,-18.7,1002.9,58.2,-20.6,-16.3,2.6,11.0,1704127186,1704088996,extreme_cold_gear
Clear,887,-7.9,1031.4,40.8,-8.5,-5.5,10.0,26.4,1704130410,1704097827,warm_winter_coat
Clouds,882,21.6,1018.0,56.4,19.6,24.1,6.6,38.3,1704132911,1704089083,tshirt_shorts
Snow,655,-4.7,996.7,67.9,-5.4,-4.1,9.8,98.6,1704139542,1704097888,warm_winter_coat
Snow,622,-8.5,1014.1,78.6,-9.4,-7.9,13.0,93.9,1704137379,1704098698,winter_wet_gear
Snow,657,-4.6,992.8,86.9,-5.2,-3.1,10.5,8.5,1704137126,1704099023,winter_wet_gear
Clear,872,31.8,1026.7,40.7,29.2,33.2,4.0,25.7,1704130431,1704096222,hot_summer
Snow,683,-7.8,1032.5,93.7,-10.3,-6.1,4.5,83.9,1704127184,1704089165,winter_wet_gear
Clouds,815,22.4,1031.5,69.2,21.2,24.7,8.1,99.2,1704132122,1704090046,tshirt_shorts
Snow,676,6.7,1012.8,76.8,5.1,7.6,4.4,17.5,1704130636,1704095642,medium_coat_scarf
Clear,848,8.4,1015.6,62.4,6.5,9.6,3.9,20.9,1704132869,1704092793,medium_coat_scarf
Drizzle,370,-1.9,1038.5,98.2,-3.2,-1.3,3.0,28.1,1704141985,1704094171,winter_wet_gear
Clouds,870,16.8,1010.3,51.0,14.7,18.0,23.2,20.8,1704126357,1704090389,windproof_jacket
Clear,859,39.6,1006.6,33.8,38.7,41.9,5.4,26.0,1704141803,1704097851,hot_summer
Clear,876,39.6,1038.8,61.9,37.7,42.0,2.3,18.1,1704136616,1704097567,hot_summer
Clear,896,-6.9,1023.5,40.4,-8.8,-5.4,2.8,0.1,1704137141,1704090127,warm_winter_coat
Drizzle,334,24.9,1000.6,77.7,24.0,27.9,9.7,98.3,1704137638,1704089619,light_rain_jacket
Clouds,825,9.5,990.6,57.1,8.7,11.6,24.0,36.7,1704136755,1704096026,windproof_jacket
Clear,821,16.3,1018.6,75.3,15.8,19.3,8.0,17.4,1704131912,1704089162,light_jacket_jeans
Snow,630,-7.5,999.0,62.3,-10.2,-5.1,10.6,52.5,1704129805,1704098428,warm_winter_coat
Clouds,874,14.4,1025.0,75.6,13.5,16.9,11.3,44.2,1704126155,1704093775,light_jacket_jeans
Clear,882,22.7,982.7,76.5,20.8,24.2,3.7,9.0,1704127163,1704091757,tshirt_shorts
Snow,699,-7.0,1039.8,96.5,-9.1,-6.1,6.2,69.1,1704127592,1704095386,winter_wet_gear
Rain,541,16.8,1011.3,75.7,13.8,17.7,12.4,37.1,1704130577,1704094646,raincoat_umbrella
Snow,602,-10.9,1014.1,75.7,-13.8,-9.7,15.9,81.3,1704137922,1704092734,extreme_cold_gear
Snow,626,-2.4,1016.8,94.7,-4.9,-1.9,3.0,96.7,1704132810,1704091229,winter_wet_gear
Snow,630,-4.5,1005.2,46.2,-7.3,-4.0,8.7,28.8,1704130209,1704093172,warm_winter_coat
Snow,651,1.0,1014.3,79.7,-1.4,3.1,8.4,77.2,1704137765,1704090679,medium_coat_scarf
Clouds,820,17.8,1033.0,46.9,15.6,19.1,23.6,4.0,1704141244,1704096085,windproof_jacket
Drizzle,394,24.5,982.0,89.7,22.2,25.6,2.2,33.3,1704129986,1704088816,light_rain_jacket
Rain,568,7.3,991.1,82.2,5.8,9.9,10.4,90.9,1704130437,1704091491,raincoat_umbrella
Clouds,825,12.0,987.1,46.7,9.6,14.2,14.9,65.0,1704127422,1704098786,windproof_jacket
Drizzle,312,-7.0,1006.8,90.0,-9.7,-5.6,4.1,63.9,1704131421,1704092241,winter_wet_gear
Clouds,841,9.7,1017.5,41.8,7.9,10.9,19.3,91.6,1704140729,1704089442,windproof_jacket
Clouds,801,9.0,1008.9,65.9,7.2,10.1,24.0,42.5,1704126617,1704092018,windproof_jacket
Rain,592,20.9,1006.1,78.9,18.8,21.4,8.3,78.9,1704128065,1704099261,light_rain_jacket
Rain,572,14.2,1009.9,91.9,11.9,15.6,3.1,43.1,1704136863,1704099347,raincoat_umbrella
Drizzle,386,23.4,1004.3,82.8,21.6,25.8,2.7,20.4,1704128792,1704095058,light_rain_jacket
Clouds,894,15.1,1032.6,58.6,13.1,16.8,15.0,7.1,1704139674,1704092236,windproof_jacket
Clouds,887,15.2,981.2,41.1,13.3,17.6,21.9,51.7,1704132314,1704097019,windproof_jacket
Clear,875,33.4,993.4,32.9,31.8,36.3,7.6,27.7,1704141554,1704094783,hot_summer
Drizzle,306,-2.3,1024.2,86.2,-3.6,0.7,2.9,49.4,1704125480,1704098261,winter_wet_gear
Drizzle,355,-5.4,987.5,76.1,-7.8,-4.8,2.8,26.1,1704129728,1704099423,winter_wet_gear
Clear,802,19.3,1015.1,76.0,18.4,20.7,4.4,20.7,1704135009,1704098579,light_jacket_jeans
Rain,599,5.4,1034.0,84.1,3.1,7.7,3.5,95.4,1704126130,1704091401,raincoat_umbrella
Clouds,889,12.4,994.1,59.3,10.1,15.0,11.9,23.9,1704140561,1704092980,light_jacket_jeans
Clear,847,-20.0,1027.7,63.9,-20.7,-17.0,18.7,28.0,1704129780,1704092278,extreme_cold_gear
Clouds,836,14.1,1034.0,50.1,11.7,16.9,24.6,56.8,1704135230,1704091430,windproof_jacket
Drizzle,353,18.0,1000.3,79.1,16.9,20.3,10.5,79.3,1704125047,1704099042,light_jacket_jeans
Clear,878,29.7,1032.4,33.7,28.7,32.1,0.1,7.1,1704133908,1704092256,hot_summer
Clouds,887,12.8,1017.8,68.8,10.3,14.7,9.0,94.2,1704132915,1704091118,light_jacket_jeans
Drizzle,325,20.6,989.5,75.4,19.2,21.9,7.7,2.4,1704138368,1704093095,light_rain_jacket
Drizzle,380,-1.7,998.7,97.8,-4.5,0.3,2.9,62.9,1704141409,1704097666,winter_wet_gear
Drizzle,316,-6.2,1002.2,75.5,-8.9,-3.3,12.8,6.8,1704131218,1704095783,winter_wet_gear
Clear,838,3.8,1019.9,55.9,1.6,6.0,6.7,2.1,1704134796,1704089179,medium_coat_scarf
Clear,855,29.3,1011.7,35.8,28.5,31.4,7.0,14.0,1704139707,1704098174,hot_summer
Snow,613,-0.6,994.5,95.6,-3.3,-0.1,11.7,36.3,1704132074,1704097239,winter_wet_gear
Clear,826,13.1,1024.3,73.9,11.1,14.7,5.0,13.9,1704128004,1704090549,light_jacket_jeans
Clear,833,34.6,1017.8,68.8,33.0,36.7,4.2,20.9,1704141020,1704095110,hot_summer
Rain,515,13.4,983.6,76.6,12.8,14.3,11.3,81.7,1704136200,1704091771,raincoat_umbrella
Clear,840,-5.2,989.4,67.7,-5.9,-3.1,2.6,6.1,1704132675,1704090850,warm_winter_coat
Clouds,883,28.3,993.7,55.8,27.8,30.1,5.6,62.2,1704141327,1704095757,tshirt_shorts
Clear,827,-13.0,1017.6,68.1,-13.6,-10.0,6.5,5.6,1704141553,1704096761,extreme_cold_gear
Clear,802,-29.6,990.5,30.3,-31.9,-27.9,3.7,0.0,1704126668,1704093078,extreme_cold_gear
Clear,891,27.8,1002.7,74.2,25.0,30.2,4.4,22.4,1704140789,1704091252,tshirt_shorts
Snow,685,-15.1,981.4,55.2,-17.5,-12.8,2.5,6.7,1704130329,1704096857,extreme_cold_gear
Rain,551,24.2,981.7,91.4,21.5,26.0,3.8,38.5,1704137246,1704094526,light_rain_jacket
Clear,853,29.3,980.6,67.9,28.7,31.2,3.4,13.3,1704133321,1704092456,hot_summer
Clouds,840,11.8,1031.7,69.4,10.9,14.1,17.9,88.8,1704126505,1704091798,windproof_jacket
Clear,809,5.8,1009.5,67.4,3.2,7.4,6.3,14.6,1704142588,1704094589,medium_coat_scarf
Clear,880,-2.6,1028.1,47.4,-3.7,-0.1,5.3,27.3,1704132463,1704089972,warm_winter_coat
Clear,875,36.8,992.9,61.1,35.1,38.6,7.0,2.5,1704132788,1704097755,hot_summer
Drizzle,337,12.3,998.2,59.1,11.7,14.9,5.8,25.4,1704140772,1704089494,light_jacket_jeans
Clear,898,-7.6,987.4,52.6,-9.5,-5.4,7.4,16.0,1704139653,1704094740,warm_winter_coat
Clouds,890,5.2,1023.0,55.3,2.9,8.0,2.0,84.9,1704138807,1704098412,medium_coat_scarf
Rain,505,8.1,1016.2,86.3,6.2,10.2,6.3,99.1,1704131532,1704098728,raincoat_umbrella
Rain,567,20.2,993.2,90.2,18.2,21.2,7.4,52.6,1704134361,1704090365,light_rain_jacket
Snow,636,-3.5,1027.7,99.9,-4.9,-1.4,11.5,63.0,1704133598,1704090188,winter_wet_gear
Clear,897,38.0,997.9,40.9,36.8,39.6,4.1,28.2,1704139954,1704098225,hot_summer
Snow,668,6.7,980.1,64.3,5.7,9.4,6.6,12.3,1704135053,1704089237,medium_coat_scarf
Clouds,892,23.4,1027.8,51.8,22.5,24.4,8.7,51.5,1704131730,1704095887,tshirt_shorts
Rain,576,19.6,1010.5,95.7,17.3,22.0,4.3,73.0,1704127966,1704093740,raincoat_umbrella
Clouds,899,12.1,988.8,56.3,10.2,13.1,12.1,64.4,1704130993,1704091429,windproof_jacket
Drizzle,330,13.9,1020.1,82.0,12.4,16.1,5.4,96.7,1704129593,1704091995,light_jacket_jeans
Rain,584,12.9,981.3,82.7,11.5,15.2,7.9,66.3,1704136522,1704095584,raincoat_umbrella
Clear,827,30.1,1039.4,60.0,28.7,32.6,6.5,12.4,1704141553,1704092480,hot_summer
Drizzle,312,-6.3,1024.8,77.2,-8.6,-5.8,6.5,84.5,1704137957,1704090063,winter_wet_gear
Snow,613,-5.0,1039.2,79.4,-7.4,-4.4,5.3,72.9,1704134794,1704092927,winter_wet_gear
Rain,549,10.9,1004.4,85.8,8.0,12.4,10.6,9.7,1704132840,1704092500,raincoat_umbrella
Rain,515,10.1,996.7,92.4,7.5,11.2,12.7,74.9,1704125172,1704099518,raincoat_umbrella
Clear,884,-13.2,1010.6,56.7,-14.0,-10.8,6.8,2.4,1704130564,1704098533,extreme_cold_gear
Clouds,899,22.8,1034.9,61.9,21.3,24.1,0.8,40.4,1704129331,1704093775,tshirt_shorts
Drizzle,380,22.2,1017.9,84.9,20.9,25.1,2.9,37.4,1704137004,1704093470,light_rain_jacket
Snow,660,-13.3,1016.0,61.5,-16.1,-11.4,6.1,51.6,1704137149,1704089101,extreme_cold_gear
Rain,510,10.9,1009.1,88.9,9.9,13.0,6.6,33.5,1704139726,1704096073,raincoat_umbrella
Clear,809,26.6,1006.7,53.0,24.0,28.3,5.2,10.2,1704126693,1704097793,tshirt_shorts
Clear,835,-22.1,1010.7,51.3,-24.1,-21.5,9.4,5.9,1704137607,1704090025,extreme_cold_gear
Drizzle,391,27.9,989.4,92.3,25.1,29.5,8.5,96.9,1704142664,1704096161,light_rain_jacket
Clouds,810,27.1,1030.3,47.3,25.8,29.2,1.2,77.7,1704133926,1704090140,tshirt_shorts
Drizzle,381,19.2,1007.4,80.5,16.3,19.9,2.1,72.5,1704133694,1704091837,light_rain_jacket
Clouds,827,13.3,1024.0,59.4,10.9,14.6,23.6,96.1,1704133042,1704094713,windproof_jacket
Snow,691,4.7,1036.3,71.4,3.6,5.9,2.6,9.6,1704132120,1704090449,medium_coat_scarf
Clouds,834,26.8,1031.6,63.3,25.4,28.6,5.5,10.2,1704128695,1704097561,tshirt_shorts
Clear,899,35.5,994.0,44.2,34.4,37.8,6.3,19.2,1704127082,1704098235,hot_summer
Drizzle,319,-1.9,1012.2,92.3,-3.0,-1.2,13.7,82.2,1704130228,1704096198,winter_wet_gear
Snow,675,-5.0,1031.5,67.5,-7.4,-4.1,7.1,10.3,1704128030,1704091232,warm_winter_coat
Clear,899,36.2,1016.6,63.3,34.8,37.9,2.0,17.6,1704127353,1704092188,hot_summer
Snow,610,8.8,1027.1,76.1,6.0,9.8,2.4,72.8,1704130108,1704093271,medium_coat_scarf
Clear,839,11.5,1002.7,82.0,9.5,13.8,6.3,6.9,1704125802,1704093849,light_jacket_jeans
Rain,542,17.4,1002.1,79.8,15.4,20.2,9.8,50.6,1704126366,1704090876,raincoat_umbrella
Clear,879,14.1,1013.3,79.4,13.0,15.9,3.4,20.4,1704134020,1704098643,light_jacket_jeans
Clear,832,-6.2,993.1,74.4,-7.1,-5.6,7.0,3.1,1704134104,1704096276,warm_winter_coat
Drizzle,304,13.4,1000.4,68.6,11.6,15.4,9.0,6.5,1704126520,1704088863,light_jacket_jeans
Clouds,859,6.2,1017.2,79.3,4.7,9.1,2.9,56.4,1704126486,1704092649,medium_coat_scarf
Rain,535,24.0,1027.4,78.8,23.5,25.4,7.4,36.4,1704127600,1704090061,light_rain_jacket
Clear,803,33.2,988.4,41.6,31.8,34.8,4.9,8.8,1704128394,1704097279,hot_summer
Clouds,819,14.0,1019.7,58.1,11.9,16.3,4.3,50.1,1704125772,1704089041,light_jacket_jeans
Clear,803,-4.7,995.1,61.3,-6.3,-4.1,3.2,10.2,1704141066,1704098394,warm_winter_coat
Clouds,896,29.3,980.9,49.5,28.4,31.9,4.2,87.9,1704131426,1704092357,tshirt_shorts
Drizzle,305,-3.3,994.6,81.9,-5.0,-0.6,10.9,71.6,1704128123,1704094683,winter_wet_gear
Clear,816,0.7,1009.8,62.1,-1.9,1.3,7.6,18.8,1704130756,1704098777,medium_coat_scarf
Clear,824,30.8,1013.3,32.7,29.3,32.2,1.5,8.7,1704141095,1704098259,hot_summer
Snow,673,-2.5,1008.5,98.6,-3.5,-0.1,7.5,36.0,1704139449,1704098592,winter_wet_gear
Drizzle,353,-6.8,1001.7,77.7,-8.4,-4.8,9.5,4.4,1704135329,1704090208,winter_wet_gear
Clear,895,-6.6,1032.2,41.5,-8.5,-4.8,1.1,19.2,1704138050,1704096648,warm_winter_coat
Snow,639,-9.9,1010.1,96.9,-12.5,-7.5,4.1,92.9,1704132652,1704095338,winter_wet_gear
Rain,528,8.4,1019.2,90.9,6.0,9.2,6.4,21.0,1704139927,1704098467,raincoat_umbrella
Snow,662,-23.0,981.6,40.2,-24.5,-20.4,18.3,80.3,1704126978,1704097396,extreme_cold_gear
Clear,808,34.8,1024.4,65.3,32.7,36.4,7.5,2.6,1704125684,1704093883,hot_summer
Rain,519,9.7,992.2,80.2,8.9,12.6,7.9,69.8,1704141782,1704089770,raincoat_umbrella
Drizzle,365,12.2,1014.5,69.5,9.3,14.1,6.7,55.1,1704130556,1704097939,light_jacket_jeans
Rain,556,27.5,1034.5,72.0,26.4,29.0,7.4,17.9,1704138462,1704091980,light_rain_jacket
Clear,824,10.0,1011.9,53.2,8.1,10.6,6.5,17.7,1704142462,1704099555,medium_coat_scarf
Clear,820,10.9,1030.1,62.6,8.5,11.4,6.1,15.4,1704141023,1704093816,light_jacket_jeans
Snow,608,-1.1,1024.9,69.1,-3.7,0.3,8.9,80.7,1704141885,1704097243,warm_winter_coat
Clear,851,-6.6,992.1,58.9,-8.4,-3.8,10.5,14.1,1704138855,1704094590,warm_winter_coat
Snow,672,1.4,994.4,75.4,-0.8,3.6,3.1,49.8,1704129963,1704089038,medium_coat_scarf
Snow,624,2.5,1021.5,67.4,0.2,4.1,9.8,11.4,1704136116,1704099517,medium_coat_scarf
Snow,659,7.6,1011.4,72.6,6.7,8.1,8.4,80.1,1704126698,1704095798,medium_coat_scarf
Snow,644,-5.2,992.0,61.9,-6.6,-2.6,5.1,80.7,1704139739,1704099229,warm_winter_coat
Snow,644,-3.3,1025.9,96.7,-5.1,-1.0,4.1,58.7,1704126142,1704091749,winter_wet_gear
Clear,878,20.1,1019.9,58.3,18.5,21.1,1.3,6.4,1704126888,1704094723,tshirt_shorts
Drizzle,310,17.2,1006.9,81.6,16.5,18.7,2.3,67.9,1704132646,1704098975,light_jacket_jeans
Snow,674,5.5,992.0,67.9,3.7,7.8,1.0,95.0,1704135336,1704092128,medium_coat_scarf
Snow,667,-14.5,1017.7,32.9,-16.5,-12.1,19.7,80.7,1704135181,1704093489,extreme_cold_gear
Snow,689,7.8,1023.2,65.1,4.8,9.1,5.3,66.9,1704127810,1704096234,medium_coat_scarf
Clear,830,-29.1,1032.9,43.2,-29.8,-26.2,1.0,7.2,1704132101,1704094061,extreme_cold_gear
Clouds,877,10.8,1015.4,56.5,9.5,12.2,20.6,95.4,1704135606,1704096010,windproof_jacket
Snow,649,-7.6,1033.9,84.6,-8.1,-5.6,2.7,3.3,1704130129,1704090463,winter_wet_gear
Clouds,860,4.4,1026.8,79.4,1.8,6.1,2.7,17.7,1704127861,1704099299,medium_coat_scarf
Rain,579,20.1,1029.8,76.3,19.6,22.3,7.1,53.9,1704129777,1704097586,light_rain_jacket
Drizzle,360,25.0,995.0,77.7,23.5,27.4,9.0,58.9,1704129279,1704092813,light_rain_jacket
Clouds,862,14.7,981.4,55.4,13.6,16.8,20.8,77.7,1704126860,1704090030,windproof_jacket
Rain,501,9.4,993.7,82.5,7.6,10.7,11.9,91.2,1704130421,1704097181,raincoat_umbrella
Clear,861,-27.6,993.6,37.8,-28.9,-26.5,0.6,29.6,1704136935,1704096010,extreme_cold_gear
Rain,533,24.5,1034.1,94.2,22.3,27.1,2.0,43.3,1704126551,1704094993,light_rain_jacket
Rain,589,16.2,1022.2,80.7,15.1,17.9,5.5,52.1,1704137245,1704093763,raincoat_umbrella
Rain,553,24.9,997.8,90.4,22.3,27.4,2.3,32.4,1704139285,1704095889,light_rain_jacket
Drizzle,374,-3.0,1001.0,98.1,-4.0,-0.4,4.7,43.4,1704129104,1704089700,winter_wet_gear
Clear,833,-7.9,988.9,46.1,-9.0,-6.4,5.0,2.8,1704137819,1704095148,warm_winter_coat
Snow,651,-12.1,1000.1,55.6,-14.9,-11.0,5.1,0.5,1704140153,1704098625,extreme_cold_gear
Clear,841,20.9,1029.1,69.4,19.2,23.5,9.9,16.7,1704142605,1704098908,tshirt_shorts
Clear,883,-13.6,1010.3,49.3,-14.6,-11.2,18.0,4.8,1704129523,1704092875,extreme_cold_gear
Clear,897,1.2,1031.2,60.9,-0.7,4.1,3.3,13.4,1704139016,1704097836,medium_coat_scarf
Snow,658,-24.5,1017.2,58.2,-26.3,-21.8,18.8,8.4,1704140063,1704093250,extreme_cold_gear
Snow,662,-4.2,1020.6,92.4,-5.5,-3.1,5.1,62.8,1704135054,1704098323,winter_wet_gear
Clouds,853,26.9,991.8,40.2,26.0,28.1,4.3,91.1,1704129540,1704094381,tshirt_shorts
Drizzle,391,-9.2,1034.2,82.9,-11.8,-8.1,10.1,93.3,1704132601,1704093912,winter_wet_gear
Clear,897,-10.2,1024.7,55.9,-12.7,-9.3,16.4,12.0,1704135939,1704090996,extreme_cold_gear
Drizzle,369,14.1,998.5,55.4,13.0,14.7,7.4,48.9,1704136339,1704097215,light_jacket_jeans
Drizzle,365,-9.0,1018.8,90.9,-10.6,-7.8,14.8,60.9,1704127481,1704093452,winter_wet_gear
Clear,850,26.9,1038.8,55.7,25.4,28.6,8.8,14.8,1704136418,1704098009,tshirt_shorts
Clear,808,29.1,1029.8,66.4,27.2,30.9,5.4,26.4,1704130505,1704093448,hot_summer
Snow,608,-18.3,1033.9,50.9,-19.7,-16.3,12.1,35.8,1704133039,1704096183,extreme_cold_gear
Clouds,823,4.1,1027.1,68.9,1.5,6.0,9.8,53.2,1704140522,1704093569,medium_coat_scarf
Snow,631,-24.8,996.3,61.1,-27.0,-24.1,1.8,88.0,1704141812,1704099517,extreme_cold_gear
Clear,864,37.8,1017.4,54.6,36.2,38.6,2.5,15.8,1704132896,1704098375,hot_summer
Clear,831,33.2,1013.7,37.0,31.9,33.9,7.9,20.6,1704129952,1704099339,hot_summer
Clear,856,-17.6,1019.7,38.6,-20.4,-14.7,16.2,26.0,1704131582,1704090367,extreme_cold_gear
Rain,598,24.6,1032.5,85.1,22.3,25.6,3.3,24.1,1704140922,1704095938,light_rain_jacket
Clear,884,-6.4,1022.9,58.7,-7.4,-3.8,7.5,20.0,1704132078,1704097971,warm_winter_coat
Rain,597,18.1,980.7,94.5,15.8,18.9,2.2,85.8,1704136894,1704098924,light_rain_jacket
Clouds,863,11.8,988.1,51.4,9.8,13.3,22.2,30.6,1704142053,1704098959,windproof_jacket
Clear,883,-14.3,1032.2,36.6,-15.7,-12.3,14.8,8.0,1704141140,1704098177,extreme_cold_gear
Rain,573,19.3,1038.2,76.9,17.9,21.9,8.1,51.5,1704126477,1704089524,light_rain_jacket
Clouds,819,8.6,1002.2,56.8,6.1,10.3,15.6,46.0,1704130235,1704093926,windproof_jacket
Clouds,815,12.6,1018.6,68.8,12.0,14.2,20.2,67.2,1704130485,1704089637,windproof_jacket
Clouds,825,10.8,982.9,63.2,8.2,12.9,11.9,69.7,1704137535,1704094953,light_jacket_jeans
Clouds,888,8.3,1009.6,44.4,7.3,9.7,20.7,75.2,1704141642,1704098395,windproof_jacket
Drizzle,344,23.3,1020.5,85.6,20.8,25.3,7.8,9.5,1704129507,1704096520,light_rain_jacket
Drizzle,364,19.9,981.5,71.1,19.2,21.5,5.0,56.3,1704124977,1704099385,light_rain_jacket
Clouds,826,14.5,1032.3,44.7,13.8,15.7,19.3,7.0,1704128004,1704095844,windproof_jacket
Clear,805,3.6,1007.6,58.9,2.4,5.6,4.7,9.9,1704128432,1704092911,medium_coat_scarf
Drizzle,307,12.0,1023.6,57.0,9.3,13.2,2.7,38.0,1704136302,1704093694,light_jacket_jeans
Snow,697,-7.1,1014.5,63.4,-8.1,-5.2,9.0,49.7,1704126108,1704090185,warm_winter_coat
Clear,891,36.5,1029.3,42.6,35.1,38.3,3.8,13.8,1704130833,1704097745,hot_summer
Clouds,896,13.5,1001.4,68.1,12.5,15.3,23.1,18.3,1704125390,1704095245,windproof_jacket
Clear,865,-24.7,1037.2,38.4,-25.8,-23.4,6.1,2.6,1704126193,1704090461,extreme_cold_gear
Clouds,832,15.8,1007.6,55.2,12.8,16.7,4.5,10.9,1704139737,1704097238,light_jacket_jeans
Drizzle,337,26.1,1024.6,81.4,25.5,28.0,9.4,32.7,1704140292,1704097879,light_rain_jacket
Clear,871,-26.3,1034.6,77.0,-29.1,-24.9,1.4,23.2,1704139533,1704098960,extreme_cold_gear
Drizzle,378,25.1,1033.3,78.9,24.3,25.9,6.8,27.0,1704137978,1704094144,light_rain_jacket
Clear,891,36.8,1035.0,30.0,35.8,38.9,4.8,8.6,1704137184,1704096496,hot_summer
Snow,677,-3.3,1031.7,88.1,-5.1,-2.0,15.0,33.7,1704132403,1704096670,winter_wet_gear
Clear,847,-5.2,989.4,42.2,-6.2,-3.8,4.8,6.6,1704134299,1704089965,warm_winter_coat
Drizzle,316,20.0,1013.9,73.3,19.0,20.7,5.9,30.4,1704126703,1704089083,light_rain_jacket
Clear,847,1.5,1007.9,57.4,-1.2,2.3,4.4,14.9,1704127385,1704091482,medium_coat_scarf
Drizzle,325,23.6,1015.6,86.1,22.1,25.2,3.7,46.0,1704130296,1704092157,light_rain_jacket
Rain,561,18.4,986.1,86.4,16.5,20.5,13.3,10.2,1704133299,1704090452,raincoat_umbrella
Clear,832,-26.9,1034.9,70.6,-27.5,-23.9,0.0,3.8,1704128251,1704099597,extreme_cold_gear
Rain,520,19.4,1037.6,83.7,16.7,22.1,13.4,94.3,1704127526,1704091921,raincoat_umbrella
Snow,614,-7.2,1031.4,91.9,-8.4,-4.5,10.4,86.9,1704126773,1704098785,winter_wet_gear
Clouds,857,19.3,1002.7,75.9,16.4,21.1,4.8,19.9,1704131036,1704098477,light_jacket_jeans
Clouds,824,16.5,1006.6,53.7,14.5,18.1,19.6,8.1,1704135524,1704089736,windproof_jacket
Drizzle,383,-4.2,1005.2,87.1,-6.6,-3.1,11.8,77.7,1704140117,1704089836,winter_wet_gear
Rain,558,16.2,984.7,89.5,15.6,17.9,7.3,60.5,1704137985,1704095325,raincoat_umbrella
Clear,811,33.4,1023.9,55.7,32.8,34.5,4.2,2.4,1704140492,1704090523,hot_summer
Clouds,809,8.3,999.5,61.0,5.8,9.1,1.6,28.7,1704139090,1704094802,medium_coat_scarf
Drizzle,368,10.6,1021.7,60.5,8.5,12.1,2.1,62.0,1704137765,1704091049,light_jacket_jeans
Clouds,817,13.4,993.8,79.5,11.3,14.4,2.3,90.5,1704140327,1704091166,light_jacket_jeans
Rain,593,12.3,1022.0,75.3,9.6,13.6,4.3,6.4,1704138475,1704089757,raincoat_umbrella
Rain,552,25.6,1013.3,74.8,22.9,27.5,2.5,82.2,1704126771,1704091975,light_rain_jacket
Clouds,817,24.6,1032.6,53.0,23.9,26.2,6.1,88.4,1704142397,1704093818,tshirt_shorts
Snow,658,-3.4,1024.0,51.1,-5.4,-0.6,5.2,28.6,1704135366,1704093232,warm_winter_coat
Clear,870,-2.9,1020.6,58.7,-5.2,-1.9,4.6,21.9,1704135266,1704096330,warm_winter_coat
Clear,840,38.3,1029.7,63.8,36.4,39.4,2.6,1.1,1704126185,1704090102,hot_summer
Drizzle,324,-9.2,993.6,78.7,-10.4,-8.0,3.9,87.1,1704125089,1704090160,winter_wet_gear
Drizzle,307,25.2,1012.3,83.3,22.9,27.3,5.3,74.7,1704135777,1704098560,light_rain_jacket
Clear,832,-13.4,1016.7,49.8,-14.0,-11.4,9.5,12.3,1704142239,1704091271,extreme_cold_gear
Clear,871,34.6,1024.5,52.8,33.3,37.1,1.7,0.8,1704129500,1704094890,hot_summer
Clear,853,-2.2,1019.7,73.1,-3.5,-1.3,3.1,6.0,1704141251,1704097148,warm_winter_coat
Clear,840,35.1,980.6,49.3,33.4,38.0,5.0,5.8,1704132438,1704092942,hot_summer
Clear,858,-0.2,1020.8,55.3,-1.9,2.0,3.2,24.5,1704132132,1704094350,warm_winter_coat
Drizzle,350,-4.7,1008.1,91.9,-5.8,-3.7,4.4,2.0,1704128850,1704090592,winter_wet_gear
Drizzle,309,22.5,1022.3,91.9,21.9,23.7,3.9,24.2,1704139981,1704094123,light_rain_jacket
Rain,513,16.4,1003.7,79.5,15.1,17.4,5.8,31.5,1704125153,1704091973,raincoat_umbrella
Snow,666,-1.6,998.3,52.2,-3.1,0.9,9.7,18.8,1704132018,1704096397,warm_winter_coat
Snow,683,-9.5,1039.3,55.9,-10.2,-7.4,3.0,99.9,1704130646,1704097581,warm_winter_coat
Snow,675,5.6,1035.7,51.8,4.8,8.0,9.3,36.5,1704137411,1704091632,medium_coat_scarf
Clear,837,34.2,1002.3,69.6,33.3,35.6,4.9,23.2,1704132572,1704092547,hot_summer
Snow,695,-18.5,1028.7,58.8,-19.7,-16.9,5.5,86.2,1704129093,1704090734,extreme_cold_gear
Clouds,836,9.9,1009.6,72.5,8.0,10.6,3.3,5.0,1704125820,1704097381,medium_coat_scarf
Clouds,800,5.3,1026.8,58.1,4.7,7.3,3.9,86.7,1704138071,1704095641,medium_coat_scarf
Drizzle,305,18.3,1013.8,92.7,16.9,19.5,9.6,44.3,1704127105,1704095004,light_rain_jacket
Clear,850,22.8,1010.5,55.7,20.7,25.3,1.3,20.8,1704134143,1704093681,tshirt_shorts
Drizzle,342,-0.5,1023.4,90.0,-3.1,0.0,14.7,65.3,1704128689,1704091578,winter_wet_gear
Clear,849,5.4,1027.1,58.4,4.7,6.6,1.7,1.2,1704142660,1704094987,medium_coat_scarf
Drizzle,370,19.7,980.1,72.0,18.7,20.5,10.7,53.0,1704138242,1704094545,light_jacket_jeans
Drizzle,338,-7.0,1033.4,88.5,-8.9,-4.2,10.1,23.5,1704128302,1704089291,winter_wet_gear
Clouds,850,29.9,1002.9,59.2,29.2,31.9,2.3,65.4,1704140106,1704098857,tshirt_shorts
Drizzle,375,-1.3,1030.4,81.8,-3.3,-0.1,14.9,42.7,1704134264,1704089709,winter_wet_gear
Drizzle,351,26.9,1027.5,89.7,24.1,29.0,9.7,32.1,1704125627,1704090550,light_rain_jacket
Clear,816,-7.7,995.4,41.7,-9.1,-6.8,1.6,4.1,1704132800,1704092518,warm_winter_coat
Snow,655,-8.1,992.3,55.9,-9.0,-5.4,4.7,32.4,1704136023,1704090683,warm_winter_coat
Clouds,810,15.0,1021.4,75.7,13.9,17.0,11.7,10.2,1704142035,1704091776,light_jacket_jeans
Clouds,864,1.0,981.6,70.9,-1.0,3.3,9.1,55.1,1704139536,1704092966,medium_coat_scarf
Clear,826,37.6,1023.3,36.0,35.5,39.8,1.8,21.6,1704129332,1704094661,hot_summer
Clear,814,16.2,1039.6,54.0,14.5,18.4,10.4,11.0,1704140893,1704098921,light_jacket_jeans
Clear,894,14.5,1010.9,76.9,13.4,15.6,9.6,27.9,1704135983,1704095429,light_jacket_jeans
Snow,667,-3.4,987.3,80.3,-4.4,-0.5,13.0,92.2,1704127877,1704097418,winter_wet_gear
Clear,824,-1.5,1028.7,62.9,-4.0,-0.5,8.3,1.2,1704130344,1704092536,warm_winter_coat
Clouds,860,13.6,1014.8,58.2,11.7,15.2,5.2,36.5,1704126517,1704091895,light_jacket_jeans
Drizzle,325,27.0,1004.1,82.8,26.1,29.4,8.4,67.7,1704126422,1704097295,light_rain_jacket
Clear,822,25.1,1028.6,67.5,23.8,26.3,6.3,1.3,1704130005,1704090376,tshirt_shorts
Clear,895,33.0,996.5,55.5,31.5,35.8,3.2,29.5,1704128635,1704091283,hot_summer
Clear,851,7.4,1032.2,56.2,6.5,8.8,4.4,22.2,1704134256,1704099311,medium_coat_scarf
Snow,627,-7.0,996.3,55.0,-8.1,-4.8,2.1,54.5,1704126416,1704092554,warm_winter_coat
Clouds,853,16.6,1002.4,59.6,14.8,19.5,2.5,85.6,1704129766,1704094239,light_jacket_jeans
Clouds,845,8.6,1027.7,61.0,7.5,9.2,23.5,49.0,1704133361,1704094302,windproof_jacket
Clouds,881,23.5,1036.5,73.5,22.8,24.7,0.7,98.6,1704138775,1704092821,tshirt_shorts
Clouds,864,10.4,1037.1,53.9,8.0,12.7,21.8,42.8,1704137236,1704094968,windproof_jacket
Snow,618,-11.4,988.8,73.5,-13.9,-8.5,2.3,95.3,1704126797,1704092412,extreme_cold_gear
Clouds,800,9.0,1033.3,50.7,6.9,11.0,6.6,41.7,1704127273,1704092457,medium_coat_scarf
Clear,805,28.5,995.7,47.5,27.9,30.2,6.8,12.7,1704135076,1704095038,hot_summer
Snow,693,-3.2,983.5,53.6,-4.7,-2.3,11.6,2.9,1704124962,1704094683,warm_winter_coat
Rain,509,24.0,984.1,92.7,22.7,27.0,2.1,72.2,1704128101,1704091137,light_rain_jacket
Rain,563,5.8,995.4,83.1,5.2,6.4,13.0,47.2,1704128298,1704095366,raincoat_umbrella
Snow,648,8.5,1017.4,71.9,7.4,11.2,3.0,50.9,1704133214,1704090396,medium_coat_scarf
Snow,650,-2.0,1003.8,53.9,-3.3,-0.2,9.1,89.9,1704136479,1704094434,warm_winter_coat
Snow,613,-8.0,1009.1,52.5,-8.9,-5.8,6.9,85.3,1704138062,1704094727,warm_winter_coat
Snow,603,7.5,1016.4,79.2,5.4,10.3,3.8,76.9,1704134373,1704093912,medium_coat_scarf
Clouds,800,5.7,1026.3,56.3,3.0,6.6,8.0,71.0,1704129341,1704091599,medium_coat_scarf
Snow,633,-6.0,992.0,85.4,-7.0,-4.8,14.8,32.7,1704130360,1704095966,winter_wet_gear
Snow,659,-7.3,1013.6,78.0,-8.1,-6.8,7.4,31.0,1704140755,1704096401,winter_wet_gear
Clouds,863,19.7,1034.6,74.2,18.2,20.4,4.5,29.4,1704129950,1704098519,light_jacket_jeans
Rain,526,19.9,1022.4,95.2,17.1,21.1,4.7,20.3,1704141317,1704092329,raincoat_umbrella
Drizzle,395,19.2,1007.4,53.4,16.6,20.7,7.0,41.0,1704125985,1704089487,light_jacket_jeans
Clear,819,37.6,986.6,68.4,36.0,40.2,3.9,16.4,1704133588,1704089859,hot_summer
Snow,690,-6.1,1023.1,52.3,-6.7,-3.6,8.1,9.0,1704134423,1704094502,warm_winter_coat
Rain,527,26.4,1017.0,80.9,25.2,27.0,9.9,49.0,1704135194,1704095393,light_rain_jacket
Drizzle,363,26.3,1028.9,71.0,25.3,28.4,7.5,13.1,1704133375,1704092208,light_rain_jacket
Clear,896,39.3,994.7,66.5,38.0,42.0,7.6,3.9,1704140267,1704099298,hot_summer
Drizzle,377,-10.0,1022.6,81.4,-12.3,-7.0,4.2,83.2,1704133165,1704089634,winter_wet_gear
Snow,606,-10.8,1009.0,44.8,-11.7,-8.6,9.5,37.1,1704137081,1704090911,extreme_cold_gear
Clouds,802,16.0,1016.4,64.1,13.3,17.5,9.7,49.5,1704135745,1704091175,light_jacket_jeans
Clear,840,-13.2,1022.0,79.3,-14.8,-10.6,4.9,3.5,1704133452,1704088887,extreme_cold_gear
Snow,696,-8.2,990.1,95.4,-11.2,-6.2,14.1,100.0,1704132533,1704091700,winter_wet_gear
Clear,818,29.6,989.8,69.1,28.9,30.8,7.7,9.0,1704131609,1704097612,hot_summer
Clear,800,-26.4,987.5,30.2,-29.4,-25.7,6.7,22.7,1704141044,1704093086,extreme_cold_gear
Rain,515,18.2,1011.5,89.5,16.7,18.8,5.2,66.3,1704128298,1704091529,light_rain_jacket
Rain,502,21.5,1027.2,73.1,18.6,24.0,5.8,87.5,1704133755,1704095529,light_rain_jacket
Clouds,897,26.8,983.7,61.7,24.1,28.2,0.2,88.8,1704135486,1704098423,tshirt_shorts
Clear,891,37.4,1032.7,33.6,35.8,39.5,3.3,28.3,1704142641,1704090603,hot_summer
Clear,824,11.8,1003.0,81.4,9.4,13.3,11.9,18.9,1704132607,1704090547,light_jacket_jeans
Rain,506,23.9,1005.7,89.9,21.6,26.3,9.0,37.3,1704130151,1704091535,light_rain_jacket
Rain,596,5.8,992.1,81.8,3.2,8.1,5.5,68.3,1704141296,1704095773,raincoat_umbrella
Snow,623,-1.6,1001.2,75.3,-4.4,-0.1,4.4,29.6,1704136518,1704099298,winter_wet_gear
Rain,509,12.2,1001.7,93.6,9.6,15.2,8.8,47.5,1704139081,1704095616,raincoat_umbrella
Clouds,835,11.3,1017.6,80.5,10.3,14.3,5.6,15.9,1704142115,1704096933,light_jacket_jeans
Drizzle,399,-5.9,1025.5,89.4,-7.4,-5.3,10.7,34.7,1704138781,1704095815,winter_wet_gear
Clouds,813,11.1,1027.0,47.5,8.6,12.8,14.4,22.2,1704127777,1704089580,windproof_jacket
Clear,868,3.7,1018.2,67.7,1.3,6.2,3.9,6.1,1704131447,1704095048,medium_coat_scarf
Clear,868,36.2,1039.8,47.8,34.6,37.1,2.2,12.8,1704137286,1704097383,hot_summer
Snow,630,-0.7,1032.2,60.5,-3.7,0.5,7.8,67.9,1704135823,1704097931,warm_winter_coat
Drizzle,398,25.0,996.5,94.0,23.9,26.0,7.3,18.2,1704126552,1704092189,light_rain_jacket
Clear,850,-26.4,1016.7,42.8,-27.4,-24.4,13.2,10.2,1704127432,1704090213,extreme_cold_gear
Snow,682,6.5,988.4,76.2,5.9,7.9,7.6,62.0,1704140187,1704093248,medium_coat_scarf
Clouds,857,12.7,984.5,55.1,10.3,14.7,6.1,75.0,1704140821,1704089768,light_jacket_jeans
Clear,837,37.1,992.8,54.8,36.5,38.4,5.6,4.1,1704131860,1704095171,hot_summer
Clear,899,22.0,1009.1,59.4,21.3,23.8,7.8,10.1,1704135868,1704091729,tshirt_shorts
Clear,894,5.1,1013.8,57.0,3.3,7.6,7.2,23.2,1704138292,1704098541,medium_coat_scarf
Clear,844,18.4,1003.5,73.0,16.4,20.2,2.6,8.4,1704130461,1704093996,light_jacket_jeans
Clear,831,32.5,996.2,66.9,30.4,35.5,4.4,21.1,1704136897,1704091662,hot_summer
Clouds,837,7.0,1024.4,71.9,6.3,9.6,5.6,52.8,1704129596,1704098201,medium_coat_scarf
Clear,849,29.6,994.8,43.8,28.7,32.2,6.5,1.9,1704129357,1704095644,hot_summer
Rain,536,22.3,1029.3,83.1,20.1,24.9,6.7,39.4,1704129376,1704097912,light_rain_jacket
Clear,845,-7.7,992.1,60.3,-9.6,-6.1,9.0,10.3,1704132930,1704091966,warm_winter_coat
Rain,548,16.8,986.4,92.3,14.1,19.2,10.9,90.1,1704134755,1704098815,raincoat_umbrella
Clear,826,32.0,989.7,45.8,29.5,34.4,4.2,17.2,1704127486,1704090462,hot_summer
Snow,696,-1.7,1037.0,93.4,-4.0,-0.4,14.4,77.8,1704126471,1704089784,winter_wet_gear
Rain,589,6.7,1001.8,99.8,4.8,9.4,10.3,24.9,1704136706,1704094422,raincoat_umbrella
Clouds,861,13.6,990.6,57.9,12.7,16.5,16.2,13.1,1704137827,1704090575,windproof_jacket
Clouds,826,20.3,1006.8,73.1,19.2,21.9,2.8,31.2,1704136200,1704092890,tshirt_shorts
Clear,866,2.1,1028.4,78.7,0.5,2.7,7.8,6.7,1704128777,1704089981,medium_coat_scarf
Clear,860,18.1,980.9,69.8,16.1,18.6,4.4,0.6,1704128100,1704099531,light_jacket_jeans
Clouds,891,25.0,1032.0,47.8,22.8,26.9,4.8,2.2,1704139514,1704090631,tshirt_shorts
Clouds,852,11.8,1006.8,74.3,11.3,14.3,9.9,32.3,1704131231,1704092341,light_jacket_jeans
Clear,815,13.2,1034.7,53.2,10.8,15.0,6.1,23.4,1704132889,1704098341,light_jacket_jeans
Clouds,812,13.6,1013.1,60.6,12.1,14.9,20.6,31.1,1704139679,1704098708,windproof_jacket
Drizzle,336,23.3,1018.5,86.9,21.1,23.8,7.6,16.1,1704134787,1704096468,light_rain_jacket
Snow,690,-1.3,1017.6,93.5,-3.2,0.5,13.8,67.0,1704134900,1704095872,winter_wet_gear
Snow,688,-3.9,985.8,89.5,-4.6,-3.2,9.2,18.4,1704128301,1704091465,winter_wet_gear
Snow,688,-28.9,982.3,51.6,-29.8,-27.3,3.9,3.5,1704139126,1704094920,extreme_cold_gear
Clear,805,34.2,1039.4,39.8,31.4,35.1,2.9,20.5,1704134785,1704092927,hot_summer
Clear,831,37.4,1032.5,69.7,36.3,38.9,1.9,24.9,1704142407,1704093224,hot_summer
Clear,856,34.0,1001.0,34.9,31.5,34.8,3.2,23.2,1704131520,1704092758,hot_summer
Rain,504,17.9,986.3,92.2,16.8,20.2,13.5,45.6,1704139476,1704099278,raincoat_umbrella
Clear,848,33.9,998.6,42.8,32.4,35.5,1.5,29.2,1704142500,1704095026,hot_summer
Clear,879,27.9,1005.1,62.7,27.2,29.7,7.2,11.4,1704133225,1704094356,tshirt_shorts
Clouds,809,24.2,1037.0,64.0,21.8,26.0,7.1,24.5,1704138778,1704091700,tshirt_shorts
Snow,628,8.2,1035.4,64.0,7.6,9.1,6.1,75.7,1704126043,1704089212,medium_coat_scarf
Clouds,800,24.7,1018.7,78.6,22.6,26.6,8.8,37.2,1704130320,1704093057,tshirt_shorts
Rain,596,22.2,1029.9,88.7,20.5,24.9,3.9,34.2,1704141945,1704097501,light_rain_jacket
Rain,515,18.2,984.1,95.7,16.8,20.0,9.4,56.6,1704136407,1704095789,raincoat_umbrella
Clear,847,18.1,1004.9,59.6,16.5,19.8,5.3,13.0,1704139547,1704097596,light_jacket_jeans
Drizzle,390,27.9,999.5,71.2,24.9,28.9,6.0,99.6,1704138294,1704091686,light_rain_jacket
Clouds,825,15.1,1025.4,55.5,13.0,17.2,15.3,87.8,1704131240,1704090884,windproof_jacket
Snow,667,8.2,1003.2,63.2,5.2,10.1,3.0,75.1,1704125554,1704090907,medium_coat_scarf
Clear,813,-0.7,1037.3,58.0,-1.7,1.1,5.4,28.9,1704139600,1704097665,warm_winter_coat
Clear,818,29.7,1026.6,66.7,27.2,31.7,7.8,16.1,1704134899,1704092197,tshirt_shorts
Drizzle,384,-3.1,1028.8,87.2,-4.4,-0.4,11.0,71.3,1704133176,1704094746,winter_wet_gear
Clear,809,27.2,1029.7,47.4,24.6,28.4,9.1,4.9,1704136622,1704089673,tshirt_shorts
Clear,838,28.6,1000.0,77.0,26.7,30.9,8.3,8.2,1704127168,1704099528,tshirt_shorts
Drizzle,319,-1.8,982.9,94.4,-4.4,-0.5,3.1,13.6,1704135653,1704094251,winter_wet_gear
Clear,802,-22.7,1027.0,38.5,-25.4,-19.8,18.6,17.5,1704141081,1704098102,extreme_cold_gear
Clouds,825,23.5,1036.0,50.9,21.1,25.8,5.8,3.5,1704141552,1704099210,tshirt_shorts
Clear,845,-4.2,1002.7,41.8,-5.3,-1.6,6.3,10.7,1704140786,1704098324,warm_winter_coat
Clear,838,-12.5,1037.0,73.1,-13.8,-10.3,17.4,8.3,1704140430,1704094890,extreme_cold_gear
Clouds,894,25.4,994.3,75.1,23.5,26.5,5.4,85.1,1704131238,1704095533,tshirt_shorts
Rain,545,6.5,1007.8,81.3,5.6,7.3,4.6,71.8,1704128945,1704095437,raincoat_umbrella
Rain,550,17.4,1025.0,94.5,15.6,19.0,13.4,12.1,1704139812,1704092160,raincoat_umbrella
Rain,591,22.1,1029.8,70.4,20.5,23.0,7.5,8.5,1704138940,1704095398,light_rain_jacket
Snow,671,-8.1,1026.2,93.5,-10.0,-5.4,5.5,26.2,1704139572,1704091009,winter_wet_gear
Clear,878,18.3,1000.0,63.4,16.3,19.0,10.2,13.2,1704135124,1704099040,light_jacket_jeans
Clear,879,8.0,1034.7,50.6,6.8,9.8,9.0,19.9,1704139434,1704097036,medium_coat_scarf
Rain,532,23.1,1039.6,78.5,22.5,24.1,9.0,16.1,1704127931,1704095171,light_rain_jacket
Drizzle,394,10.1,1028.1,55.3,8.0,11.6,6.2,28.2,1704134056,1704091330,light_jacket_jeans
Clear,813,-24.0,1025.3,33.1,-25.2,-22.7,4.9,23.8,1704129515,1704094732,extreme_cold_gear
Drizzle,363,24.1,992.5,82.7,23.2,25.5,7.5,67.9,1704139544,1704089529,light_rain_jacket
Clouds,819,19.4,986.5,60.9,17.8,21.7,7.1,7.1,1704134922,1704091709,light_jacket_jeans
Rain,522,19.3,1026.4,74.2,17.6,21.4,3.6,44.7,1704124863,1704096674,light_rain_jacket
Clear,870,-1.3,1001.1,68.5,-2.3,0.8,9.9,1.4,1704127055,1704090245,warm_winter_coat
Drizzle,323,24.2,1011.3,75.7,21.6,26.0,8.0,86.2,1704138059,1704090911,light_rain_jacket
Rain,560,24.3,1034.2,70.8,23.0,25.4,6.8,32.3,1704129082,1704094259,light_rain_jacket
Clear,810,-8.2,980.3,71.9,-11.0,-6.3,11.5,25.9,1704141338,1704093648,warm_winter_coat
Clear,819,38.4,1023.5,53.1,35.7,41.2,3.5,14.6,1704129782,1704093354,hot_summer
Drizzle,325,16.4,1003.4,71.8,13.4,17.3,3.3,70.7,1704126511,1704093232,light_jacket_jeans
Drizzle,375,19.3,991.4,86.2,17.8,20.3,8.1,49.5,1704129078,1704091449,light_rain_jacket
Clouds,826,13.1,1026.8,76.1,10.6,14.8,4.1,80.5,1704126595,1704090878,light_jacket_jeans
Rain,599,17.4,1005.4,82.8,16.8,18.9,5.8,70.1,1704129206,1704092539,raincoat_umbrella
Rain,561,21.2,1014.5,84.6,19.0,22.0,6.9,70.7,1704140817,1704091883,light_rain_jacket
Drizzle,310,16.5,1028.1,76.8,14.1,17.1,5.6,34.9,1704142251,1704094752,light_jacket_jeans
Clouds,846,12.9,993.5,55.0,11.2,13.9,18.7,51.6,1704140380,1704099472,windproof_jacket
Clouds,858,6.2,989.8,66.7,3.6,8.1,7.0,8.7,1704132293,1704090123,medium_coat_scarf
Clouds,871,7.2,1039.1,73.5,6.3,8.2,9.2,9.8,1704131199,1704097638,medium_coat_scarf
Clouds,851,11.0,1036.7,70.8,8.5,12.4,12.0,0.3,1704130127,1704089487,light_jacket_jeans
Snow,611,-6.7,1001.9,98.2,-9.4,-3.8,7.6,23.9,1704135899,1704092294,winter_wet_gear
Rain,573,5.9,984.5,92.0,5.0,8.3,6.5,48.9,1704139957,1704096805,raincoat_umbrella
Clear,880,29.7,985.3,30.0,26.9,30.7,6.5,19.0,1704126216,1704095984,hot_summer
Drizzle,324,-6.0,1011.0,94.6,-8.3,-4.5,3.5,74.1,1704140221,1704093837,winter_wet_gear
Snow,609,-0.3,991.0,46.8,-2.7,2.5,9.0,90.5,1704134690,1704098294,warm_winter_coat
Drizzle,324,-2.3,1013.2,81.7,-4.4,-1.7,7.0,85.0,1704140369,1704092091,winter_wet_gear
Snow,688,-0.1,994.4,60.8,-1.0,2.2,5.4,24.4,1704130061,1704095865,warm_winter_coat
Drizzle,380,-8.6,1008.1,88.4,-10.2,-6.9,2.9,73.1,1704136438,1704097895,winter_wet_gear
Clouds,889,15.2,982.5,44.1,13.2,16.2,23.6,64.1,1704127299,1704089239,windproof_jacket
Drizzle,318,-1.7,1026.6,98.1,-2.9,0.7,4.3,48.7,1704140997,1704093911,winter_wet_gear
Clouds,858,11.1,1034.8,55.3,9.9,13.7,17.7,46.8,1704136467,1704099586,windproof_jacket
Drizzle,327,26.2,1017.8,93.2,23.6,29.0,3.9,67.7,1704142486,1704093854,light_rain_jacket
Clear,897,27.4,1003.3,64.1,24.4,28.4,6.7,14.6,1704130052,1704093312,tshirt_shorts
Clouds,814,23.4,992.5,55.7,20.4,25.8,9.9,54.5,1704142229,1704099528,tshirt_shorts
Clear,858,-27.9,1038.6,54.8,-28.5,-27.0,15.4,4.7,1704130562,1704099262,extreme_cold_gear
Clouds,856,8.3,1025.3,48.7,7.3,10.7,13.7,50.3,1704134214,1704096903,windproof_jacket
Clear,851,4.7,1021.6,51.0,2.6,5.2,2.7,3.4,1704137784,1704093822,medium_coat_scarf
Clear,830,28.6,1003.4,55.0,27.4,30.2,0.2,19.6,1704135385,1704089412,tshirt_shorts
Clear,825,-1.3,1005.9,47.1,-3.1,-0.7,5.8,12.3,1704130018,1704098196,warm_winter_coat
Clouds,890,16.8,1025.2,40.4,15.8,19.5,22.1,56.4,1704127917,1704093930,windproof_jacket
Clouds,836,12.4,1018.2,65.6,11.1,14.8,8.3,79.2,1704136863,1704093553,light_jacket_jeans
Drizzle,388,27.0,1010.0,76.1,24.1,27.9,4.6,15.8,1704130945,1704097023,light_rain_jacket
Clear,814,29.1,1016.4,30.9,28.1,30.6,5.1,16.4,1704133741,1704095220,hot_summer
Snow,654,-6.5,1014.0,63.3,-7.4,-3.9,5.7,54.7,1704128467,1704098165,warm_winter_coat
Clouds,833,14.0,1036.5,83.2,11.3,15.9,4.5,95.4,1704140453,1704095786,light_jacket_jeans
Snow,613,-6.9,1016.3,75.2,-7.8,-6.2,4.0,45.7,1704126336,1704089408,winter_wet_gear
Rain,565,6.3,1011.5,75.5,4.6,7.4,11.3,87.6,1704130097,1704097495,raincoat_umbrella
Clouds,848,23.8,1027.6,54.4,22.0,25.9,3.9,32.4,1704137736,1704091307,tshirt_shorts
Clear,846,33.3,998.1,45.1,31.5,34.4,3.7,22.4,1704131710,1704098515,hot_summer
Clear,883,34.2,1008.2,40.7,31.3,35.5,3.6,21.2,1704133733,1704089255,hot_summer
Drizzle,373,-4.1,1020.9,99.8,-6.0,-3.0,13.0,19.9,1704137145,1704092057,winter_wet_gear
Snow,612,-4.8,1009.0,65.4,-7.6,-3.4,6.3,12.6,1704128528,1704095089,warm_winter_coat
Clouds,898,10.4,997.0,66.9,9.4,12.8,17.0,93.2,1704141368,1704095849,windproof_jacket
Clear,843,-29.2,1032.3,69.5,-31.8,-27.1,0.9,1.4,1704127409,1704094264,extreme_cold_gear
Drizzle,306,23.1,997.8,80.5,20.4,24.0,5.3,56.1,1704136874,1704091125,light_rain_jacket
Clear,824,32.9,1000.9,46.3,30.4,35.8,0.5,3.3,1704141992,1704089581,hot_summer
Clouds,883,11.3,1024.8,46.6,10.2,12.2,22.6,60.9,1704125621,1704089342,windproof_jacket
Clear,824,-9.6,1027.7,72.2,-10.9,-7.5,3.2,2.0,1704137378,1704095915,warm_winter_coat
Clear,851,31.5,1021.6,47.9,30.5,33.7,5.8,29.6,1704141271,1704095384,hot_summer
Drizzle,340,18.6,984.5,50.4,17.4,20.6,10.9,85.1,1704138681,1704089211,light_jacket_jeans
Clear,858,27.3,1033.0,49.7,24.4,29.7,5.9,27.3,1704129021,1704098584,tshirt_shorts
Clouds,829,27.9,993.4,51.9,26.1,30.4,5.5,44.4,1704132263,1704098477,tshirt_shorts
Drizzle,371,18.3,1035.8,74.2,16.0,20.4,8.8,16.1,1704132649,1704092076,light_rain_jacket
Snow,644,-18.1,1000.8,55.3,-20.2,-17.3,8.3,15.3,1704132859,1704097756,extreme_cold_gear
Clear,865,16.2,986.4,52.7,14.0,18.1,2.4,0.0,1704128994,1704091066,light_jacket_jeans
Snow,677,-8.3,1019.9,48.6,-9.5,-7.2,5.8,15.6,1704136464,1704098116,warm_winter_coat
Snow,641,-5.9,988.2,91.9,-8.4,-4.9,5.6,2.9,1704138639,1704092725,winter_wet_gear
Clear,813,-0.9,1015.2,47.0,-3.0,0.1,8.4,9.9,1704125199,1704097806,warm_winter_coat
Drizzle,353,14.6,994.3,69.5,12.3,15.6,8.9,83.6,1704136766,1704099329,light_jacket_jeans
Clear,881,0.1,1026.6,58.7,-0.6,1.6,1.9,17.0,1704137359,1704094350,medium_coat_scarf
Clouds,812,8.1,982.3,46.3,5.2,9.0,22.2,64.7,1704135158,1704093304,windproof_jacket
Clear,893,19.8,1004.2,60.9,17.1,21.7,3.9,14.1,1704138167,1704091955,light_jacket_jeans
Clear,812,4.5,1025.0,72.0,2.0,6.4,2.5,16.7,1704129277,1704095307,medium_coat_scarf
Snow,643,7.4,980.0,54.7,6.5,8.4,6.4,25.3,1704141266,1704098092,medium_coat_scarf
Clouds,822,9.8,1006.4,53.9,9.0,10.8,16.5,46.1,1704127728,1704097960,windproof_jacket
Drizzle,396,22.3,992.7,79.5,21.6,25.0,4.7,75.9,1704142437,1704090690,light_rain_jacket
Clouds,879,10.6,1039.2,44.1,8.1,12.8,17.0,16.1,1704141808,1704088970,windproof_jacket
Clouds,873,11.0,984.6,62.5,8.4,12.2,19.8,41.4,1704133595,1704094008,windproof_jacket
Drizzle,384,-8.5,987.0,93.8,-11.1,-6.8,5.9,5.1,1704125904,1704094239,winter_wet_gear
Clouds,883,17.6,997.9,62.4,15.6,19.4,17.6,13.0,1704129068,1704096119,windproof_jacket
Rain,544,17.9,1036.6,88.4,15.4,19.1,12.5,21.6,1704126570,1704098271,raincoat_umbrella
Snow,650,-19.6,990.4,56.5,-20.3,-18.8,8.7,11.9,1704124833,1704091984,extreme_cold_gear
Snow,640,-4.3,983.6,97.7,-6.8,-2.4,14.0,63.2,1704128989,1704089833,winter_wet_gear
Rain,555,25.1,1010.6,84.9,23.7,26.2,9.4,28.0,1704133267,1704091175,light_rain_jacket
Clear,800,-8.4,1027.5,73.0,-10.3,-6.0,8.0,11.1,1704133582,1704093499,warm_winter_coat
Drizzle,355,25.4,1016.0,84.9,24.9,26.9,4.3,8.3,1704139607,1704096977,light_rain_jacket
Drizzle,338,16.4,982.7,81.8,13.5,18.1,9.1,83.9,1704134651,1704099271,light_jacket_jeans
Rain,500,19.8,1002.0,95.5,17.9,21.9,9.2,68.2,1704132517,1704092504,raincoat_umbrella
Clouds,801,17.5,993.2,41.6,15.7,18.4,15.8,76.8,1704134207,1704091884,windproof_jacket
Clouds,884,12.7,1027.9,68.9,11.2,15.0,23.7,5.7,1704129044,1704089120,windproof_jacket
Drizzle,345,14.2,1018.9,57.4,11.9,17.1,7.2,31.5,1704130048,1704098487,light_jacket_jeans
Drizzle,310,26.2,985.8,79.3,23.5,27.8,2.5,14.9,1704139514,1704098693,light_rain_jacket
Clear,823,14.5,1029.2,67.9,13.4,16.7,7.3,15.5,1704130548,1704097410,light_jacket_jeans
Clouds,884,26.1,1032.6,67.5,24.9,28.8,4.7,44.4,1704127752,1704098104,tshirt_shorts
Clouds,811,9.3,980.3,45.5,7.2,10.9,21.3,89.0,1704127072,1704092378,windproof_jacket
Clouds,863,13.3,1021.1,58.9,11.7,14.7,14.2,33.6,1704135988,1704093918,windproof_jacket
Rain,514,18.5,1029.1,99.6,16.8,21.0,7.8,41.5,1704128765,1704090715,raincoat_umbrella
Snow,667,3.6,989.4,64.3,2.1,6.3,2.3,38.4,1704142671,1704089161,medium_coat_scarf
Clouds,895,0.7,1038.2,66.3,-1.2,3.1,7.3,74.0,1704140797,1704099568,medium_coat_scarf
Drizzle,333,17.4,1031.5,81.2,14.5,18.6,4.0,30.1,1704142148,1704098809,light_jacket_jeans
Snow,609,-9.9,1030.5,53.0,-10.5,-8.3,4.6,7.4,1704127708,1704093199,warm_winter_coat
Drizzle,398,23.7,1018.9,71.4,21.4,25.5,6.5,64.2,1704133156,1704098520,light_rain_jacket
Clear,854,-14.9,1008.0,76.7,-16.2,-14.3,12.3,15.1,1704125157,1704096548,extreme_cold_gear
Snow,624,-6.1,990.9,76.7,-7.4,-5.6,7.5,9.6,1704127647,1704096983,winter_wet_gear
Drizzle,382,13.2,1027.8,58.5,12.1,15.7,5.4,58.6,1704137385,1704089391,light_jacket_jeans
Snow,603,-6.6,981.3,91.0,-9.3,-3.8,10.7,43.8,1704142312,1704098511,winter_wet_gear
Clear,888,9.9,991.6,79.2,7.3,11.6,4.6,13.9,1704138142,1704092428,medium_coat_scarf
Snow,602,8.6,982.9,62.4,7.7,9.6,6.3,92.0,1704133755,1704090493,medium_coat_scarf
Clouds,806,17.9,989.8,45.0,16.7,19.9,15.3,33.7,1704125745,1704099561,windproof_jacket
Drizzle,386,27.3,1005.7,82.2,25.1,28.2,10.0,48.0,1704139222,1704098541,light_rain_jacket
Rain,548,7.8,1005.0,98.6,5.1,10.4,8.5,26.8,1704125351,1704093152,raincoat_umbrella
Drizzle,387,19.5,1032.4,81.2,19.0,22.4,6.8,30.8,1704127542,1704089080,light_rain_jacket
Rain,514,19.4,1032.2,85.8,18.0,21.3,8.1,25.1,1704139320,1704089703,light_rain_jacket
Snow,618,-4.7,1004.6,95.8,-7.1,-3.1,14.7,35.3,1704131179,1704089726,winter_wet_gear
Drizzle,394,24.8,1037.9,80.3,23.4,27.5,7.5,8.0,1704141628,1704096781,light_rain_jacket
Drizzle,394,27.2,1018.4,79.8,24.3,28.6,2.0,86.8,1704140086,1704097679,light_rain_jacket
Clear,889,38.2,1030.2,45.3,37.2,40.5,1.3,16.5,1704135677,1704094320,hot_summer
Clear,875,4.4,1009.9,78.6,2.6,6.8,6.5,10.8,1704136497,1704097683,medium_coat_scarf
Snow,677,5.0,985.9,68.3,3.5,7.1,3.8,78.2,1704134643,1704095822,medium_coat_scarf
Clear,859,-2.1,991.3,41.4,-2.9,0.6,4.3,2.0,1704131860,1704092148,warm_winter_coat
Clear,817,24.7,1035.4,49.3,22.5,26.6,5.9,22.4,1704128158,1704094069,tshirt_shorts
Clouds,822,9.8,1004.7,69.3,7.3,10.9,16.8,40.5,1704136627,1704097775,windproof_jacket
Clouds,819,15.6,994.6,57.7,12.7,17.0,16.8,90.3,1704128805,1704090012,windproof_jacket
Drizzle,371,12.8,1011.1,82.0,11.5,13.9,11.0,55.3,1704126713,1704097604,light_jacket_jeans
Clouds,837,12.8,1037.3,43.6,10.9,14.9,16.8,95.1,1704138155,1704091196,windproof_jacket
Clear,858,34.8,1027.8,40.7,32.2,37.5,7.0,19.8,1704139866,1704096450,hot_summer
Rain,593,12.6,985.9,86.2,11.3,14.4,6.0,54.8,1704139887,1704091026,raincoat_umbrella
Clear,855,-5.8,997.7,63.3,-6.6,-2.9,9.2,23.6,1704128828,1704092439,warm_winter_coat
Clouds,827,11.1,1009.8,49.8,8.9,12.3,20.4,76.8,1704140054,1704097269,windproof_jacket
Clouds,825,17.7,980.0,62.1,15.8,19.8,8.9,93.2,1704134904,1704095978,light_jacket_jeans
Rain,565,14.7,999.8,79.0,13.7,16.6,7.0,82.0,1704139732,1704097255,raincoat_umbrella
Clouds,804,0.5,1015.3,51.6,-1.6,2.3,5.4,0.3,1704125071,1704091217,medium_coat_scarf
Rain,544,23.9,1010.2,83.8,23.1,24.9,6.9,29.4,1704129139,1704096794,light_rain_jacket
Rain,562,18.3,1026.3,85.8,17.6,20.4,9.8,25.4,1704139066,1704088834,light_rain_jacket
Drizzle,382,-9.8,986.4,80.0,-11.8,-9.2,12.0,4.3,1704126239,1704090777,winter_wet_gear
Clear,848,-16.2,993.5,63.6,-17.3,-13.8,14.3,0.9,1704131303,1704095251,extreme_cold_gear
Clouds,800,23.5,1024.8,41.5,21.3,25.8,1.9,32.5,1704142056,1704095076,tshirt_shorts
Clouds,861,12.3,1032.1,64.7,10.0,13.8,12.4,24.4,1704135876,1704091978,windproof_jacket
Clear,850,0.1,1033.0,50.5,-0.7,2.9,7.4,23.3,1704138161,1704094436,medium_coat_scarf
Rain,509,6.0,1004.7,94.7,4.5,8.3,11.1,89.6,1704139932,1704098618,raincoat_umbrella
Rain,569,17.0,1028.4,81.3,16.3,19.8,3.5,97.6,1704141745,1704092680,raincoat_umbrella
Clear,812,39.8,1028.8,45.0,36.9,42.2,3.0,28.4,1704126303,1704092863,hot_summer
Rain,539,21.6,981.7,85.2,18.7,22.8,8.2,25.8,1704133968,1704097193,light_rain_jacket
Clear,885,-26.9,1025.4,59.6,-28.4,-24.1,19.7,9.7,1704140822,1704089989,extreme_cold_gear
Clear,890,30.6,1027.0,47.5,28.2,33.2,6.3,13.6,1704128911,1704095871,hot_summer
Clear,868,18.9,1038.1,65.2,17.3,21.6,7.7,29.5,1704131492,1704092061,light_jacket_jeans
Clear,820,36.5,995.1,59.7,35.5,37.1,5.4,26.2,1704133358,1704096548,hot_summer
Rain,584,19.3,996.4,84.3,17.5,20.5,5.0,23.9,1704136847,1704094373,raincoat_umbrella
Clouds,813,17.3,1010.9,81.9,14.5,19.8,5.9,46.7,1704127195,1704097779,light_jacket_jeans
Clouds,805,27.9,1010.8,78.5,26.0,28.8,4.3,14.7,1704141598,1704095401,tshirt_shorts
Clear,874,33.8,1021.1,34.7,32.8,35.5,1.0,12.9,1704135275,1704089493,hot_summer
Clear,810,25.0,1004.1,64.3,24.5,27.0,9.0,11.6,1704133874,1704089121,tshirt_shorts
Drizzle,393,10.9,1038.4,68.5,8.6,13.8,4.9,85.7,1704141015,1704092545,light_jacket_jeans
Rain,527,6.6,1016.9,81.4,4.0,9.1,13.1,22.7,1704140057,1704096939,raincoat_umbrella
Drizzle,371,28.0,1008.6,90.2,25.6,30.6,5.2,24.6,1704134984,1704099221,light_rain_jacket
Clear,829,31.0,1039.3,49.6,30.4,33.3,1.8,28.3,1704128050,1704098792,hot_summer
Clouds,867,11.6,1015.4,42.3,10.5,14.0,24.2,75.4,1704132554,1704097747,windproof_jacket
Clouds,841,18.0,994.4,51.3,17.2,20.8,15.8,65.9,1704130117,1704091978,windproof_jacket
Snow,613,-2.8,1012.5,44.3,-5.3,-1.4,10.4,84.9,1704141374,1704089896,warm_winter_coat
Rain,580,10.6,982.3,97.7,7.7,11.2,3.4,94.9,1704128786,1704096533,raincoat_umbrella
Clouds,877,13.5,1039.3,50.2,12.8,15.2,21.1,68.9,1704134560,1704097120,windproof_jacket
Snow,621,-3.3,999.8,99.9,-4.7,-1.8,8.1,39.3,1704135457,1704098360,winter_wet_gear
Clear,820,-8.7,999.8,69.2,-9.4,-6.7,2.3,8.6,1704142661,1704097426,warm_winter_coat
Clouds,809,9.2,991.0,60.2,7.4,10.1,22.9,87.9,1704134160,1704095742,windproof_jacket
Clear,825,-3.0,999.4,63.9,-5.8,-1.0,6.0,13.0,1704128931,1704096698,warm_winter_coat
Rain,571,9.8,997.2,79.9,8.0,10.7,8.0,33.9,1704127419,1704097506,raincoat_umbrella
Clear,826,-9.0,1032.0,69.8,-10.3,-6.2,3.5,4.3,1704125776,1704097868,warm_winter_coat
Snow,677,1.7,1029.3,56.3,0.3,3.0,5.2,35.5,1704132063,1704092261,medium_coat_scarf
Clouds,833,15.2,1012.7,49.5,12.4,17.4,20.6,98.6,1704129514,1704091626,windproof_jacket
Clouds,807,10.3,1017.9,42.5,7.8,11.6,14.0,44.9,1704125697,1704099261,windproof_jacket
Drizzle,376,-7.6,1010.5,90.5,-9.2,-6.8,9.8,25.1,1704140444,1704095953,winter_wet_gear
Snow,615,-4.3,1003.8,89.4,-7.0,-2.0,11.6,90.4,1704132238,1704096829,winter_wet_gear
Clear,898,-8.1,1001.1,69.2,-9.3,-5.7,8.3,21.7,1704132481,1704089563,warm_winter_coat
Rain,569,6.9,984.9,98.1,6.0,8.7,5.4,34.0,1704133636,1704096217,raincoat_umbrella
Snow,638,-2.5,1026.8,95.7,-4.6,-2.0,12.8,6.6,1704125899,1704096832,winter_wet_gear
Clear,864,39.9,1025.9,41.8,37.2,40.7,1.7,7.6,1704142424,1704090160,hot_summer
Rain,546,12.7,1024.3,81.9,10.9,14.8,9.7,8.1,1704141954,1704091989,raincoat_umbrella
Snow,684,-1.9,1037.9,80.6,-3.9,0.5,8.7,80.1,1704142558,1704094476,winter_wet_gear
Clouds,803,10.4,1006.7,54.8,9.8,12.9,22.8,12.2,1704141562,1704092368,windproof_jacket
Rain,511,19.0,1013.8,97.7,17.7,20.1,12.8,52.7,1704135200,1704094333,raincoat_umbrella
Clouds,860,19.8,1022.9,57.6,19.1,21.1,11.9,82.6,1704131487,1704089423,light_jacket_jeans
Clear,889,30.1,1023.1,55.9,27.9,32.1,2.0,23.3,1704126215,1704098438,hot_summer
Snow,615,-9.8,1023.3,73.0,-11.6,-7.4,10.1,85.2,1704134572,1704095265,warm_winter_coat
Snow,628,-0.4,1001.1,58.1,-1.8,1.0,5.9,83.1,1704134173,1704090132,warm_winter_coat
Clouds,836,11.2,1022.4,52.6,10.3,13.3,24.1,32.7,1704133505,1704095901,windproof_jacket
Clear,846,30.4,997.8,43.6,29.5,33.4,3.8,15.4,1704141574,1704089965,hot_summer
Clear,826,37.6,1033.8,69.9,34.7,39.3,0.2,18.7,1704125923,1704097951,hot_summer
Rain,572,17.5,988.4,92.0,16.4,18.6,13.9,17.6,1704135161,1704092157,raincoat_umbrella
Clear,867,25.6,1004.3,78.3,24.5,27.4,8.8,8.7,1704134686,1704090033,tshirt_shorts
Clear,899,16.1,1027.0,83.1,15.0,17.8,8.7,11.0,1704133013,1704097517,light_jacket_jeans
Drizzle,352,15.5,995.4,67.7,14.3,17.1,5.2,2.1,1704126372,1704090937,light_jacket_jeans
Clear,870,-15.2,982.6,63.9,-16.1,-13.1,9.9,3.4,1704136984,1704095960,extreme_cold_gear
Clear,867,29.5,993.6,69.2,27.3,31.5,3.1,5.1,1704126384,1704095750,hot_summer
Clouds,883,8.5,1000.7,47.2,6.7,9.6,13.3,64.5,1704127166,1704097086,windproof_jacket
Rain,534,8.0,1026.5,84.5,5.1,9.0,4.6,50.4,1704142606,1704096234,raincoat_umbrella
Drizzle,313,12.9,1012.5,53.2,11.8,15.1,6.3,34.9,1704136164,1704092872,light_jacket_jeans
Rain,542,12.1,1010.1,94.8,9.9,14.5,14.6,16.7,1704140102,1704089574,raincoat_umbrella
Clear,828,-4.2,1032.0,42.2,-6.9,-1.8,10.5,8.4,1704131059,1704094018,warm_winter_coat
Drizzle,364,-8.2,993.6,79.9,-10.0,-7.1,9.8,21.4,1704132148,1704089993,winter_wet_gear
Clouds,846,11.4,981.8,58.9,8.8,12.9,14.6,31.6,1704133242,1704093283,windproof_jacket
Clouds,828,26.2,1039.2,59.3,24.6,28.6,4.0,82.1,1704126603,1704091711,tshirt_shorts
Clouds,829,29.7,1000.7,64.5,28.5,30.8,7.3,67.0,1704134185,1704096518,tshirt_shorts
Clouds,811,13.9,1007.3,82.0,11.2,14.8,10.5,0.0,1704127542,1704091440,light_jacket_jeans
Clouds,894,8.7,990.7,52.4,6.6,10.7,20.0,30.5,1704139042,1704098182,windproof_jacket
Drizzle,313,16.5,1010.5,66.5,15.6,18.8,3.4,90.7,1704138274,1704095213,light_jacket_jeans
Snow,676,-11.2,1007.0,66.4,-13.2,-9.7,0.8,34.8,1704136698,1704091833,extreme_cold_gear
Clouds,802,29.2,1020.0,75.9,26.6,30.3,9.7,97.2,1704129091,1704093416,tshirt_shorts
Clear,819,37.8,1021.8,41.3,35.1,40.1,0.9,18.9,1704129876,1704097477,hot_summer
Snow,650,-12.3,1034.9,41.6,-14.6,-11.0,3.4,72.2,1704137880,1704095581,extreme_cold_gear
Clear,808,36.5,1019.7,30.3,36.0,39.0,1.7,14.5,1704134671,1704097146,hot_summer
Clouds,881,26.3,1037.5,75.2,25.8,27.8,8.9,86.8,1704131392,1704097640,tshirt_shorts
Snow,698,-6.9,1037.7,53.8,-9.2,-4.6,11.1,74.0,1704135511,1704095141,warm_winter_coat
Clouds,804,3.5,991.6,69.2,2.8,6.3,3.0,42.2,1704132867,1704098953,medium_coat_scarf
Rain,519,19.6,1039.3,87.8,18.8,21.9,6.8,76.6,1704142114,1704091580,light_rain_jacket
Clouds,830,3.9,1003.6,61.5,2.2,4.8,6.4,67.4,1704129111,1704099044,medium_coat_scarf
Clear,897,-1.8,988.1,53.2,-3.1,0.2,5.5,16.3,1704138266,1704093640,warm_winter_coat
Clouds,867,9.3,1021.6,45.9,7.8,11.8,13.8,52.9,1704135025,1704092318,windproof_jacket
Clouds,879,10.2,991.4,51.9,9.2,10.8,24.5,29.4,1704125636,1704091714,windproof_jacket
Snow,615,-2.8,1006.5,69.5,-3.3,-0.1,11.1,98.0,1704141390,1704092271,warm_winter_coat
Clear,878,6.6,996.0,76.7,4.5,7.4,7.0,15.2,1704133289,1704094684,medium_coat_scarf
Clear,843,36.0,1007.1,33.8,35.1,38.4,5.0,17.6,1704128701,1704098118,hot_summer
Clear,868,23.2,1026.2,56.4,21.2,24.4,8.1,6.7,1704141938,1704099473,tshirt_shorts
Clear,849,20.8,1023.8,72.5,18.5,23.0,7.2,3.0,1704125548,1704097773,tshirt_shorts
Drizzle,363,-0.3,984.1,98.8,-1.1,2.5,7.7,90.3,1704141616,1704096712,winter_wet_gear
Rain,572,5.4,1016.4,84.6,3.6,7.0,6.0,98.5,1704138929,1704092777,raincoat_umbrella
Clouds,856,22.8,987.9,46.4,21.2,24.6,4.3,69.9,1704127315,1704090380,tshirt_shorts
Drizzle,351,19.5,1021.1,83.0,17.5,20.3,10.2,84.5,1704142283,1704093025,light_jacket_jeans
Clear,897,-20.9,1026.7,65.6,-22.4,-19.6,1.7,22.7,1704126430,1704092906,extreme_cold_gear
Clear,877,23.6,1035.4,64.4,20.8,25.9,1.2,2.3,1704131833,1704092360,tshirt_shorts
Snow,691,-2.5,980.2,45.1,-5.1,-0.3,8.8,91.9,1704139649,1704089820,warm_winter_coat
Clear,853,9.1,997.6,66.7,7.2,10.1,3.8,19.8,1704136971,1704093227,medium_coat_scarf
Rain,524,26.2,991.4,81.9,23.9,27.4,2.6,15.2,1704141317,1704090179,light_rain_jacket
Clouds,835,7.2,1014.2,64.2,5.0,8.0,3.6,7.1,1704129878,1704091820,medium_coat_scarf
Clear,817,-12.3,1003.8,55.6,-12.9,-11.5,4.5,27.1,1704125882,1704090881,extreme_cold_gear
Clear,815,28.6,1040.0,34.5,26.2,30.4,0.0,24.1,1704127522,1704092040,hot_summer
Clear,892,-11.2,996.1,30.9,-13.8,-10.6,12.6,24.3,1704140115,1704095231,extreme_cold_gear
Clear,857,-28.6,994.9,38.3,-31.1,-27.4,9.4,27.9,1704131609,1704099208,extreme_cold_gear
Rain,561,8.7,1011.6,98.1,8.0,11.4,9.7,43.6,1704136364,1704092223,raincoat_umbrella
Clouds,890,23.0,1027.0,62.9,21.0,25.3,1.5,33.2,1704139844,1704098401,tshirt_shorts
Clear,822,30.9,998.8,60.3,29.8,33.8,6.1,12.3,1704141621,1704095772,hot_summer
Clear,892,35.2,1007.8,56.7,32.6,37.0,5.0,11.4,1704125261,1704093975,hot_summer
Rain,592,22.0,1019.3,74.6,19.6,23.0,4.4,49.4,1704127605,1704097893,light_rain_jacket
Drizzle,316,-8.4,1015.4,88.2,-11.2,-6.1,8.8,11.6,1704126228,1704090214,winter_wet_gear
Clouds,813,25.8,993.7,78.0,24.8,28.6,8.6,22.0,1704138747,1704098008,tshirt_shorts
Snow,656,-17.9,988.0,50.5,-20.9,-16.0,17.5,8.3,1704132147,1704098648,extreme_cold_gear
Clear,847,25.7,985.5,71.9,23.7,28.0,5.3,17.5,1704138673,1704097021,tshirt_shorts
Rain,520,12.5,991.7,97.3,9.6,14.8,8.6,9.3,1704130116,1704092180,raincoat_umbrella
Clear,896,-15.8,989.4,72.4,-17.5,-12.8,7.1,13.1,1704136605,1704089010,extreme_cold_gear
Snow,678,-17.2,984.0,34.9,-20.2,-15.7,19.0,32.9,1704127516,1704098364,extreme_cold_gear
Clear,861,2.4,1031.9,71.1,-0.5,5.4,10.0,19.1,1704129725,1704094958,medium_coat_scarf
Clouds,899,15.5,1002.1,48.8,14.6,16.4,21.2,80.2,1704141268,1704096140,windproof_jacket
Clear,818,11.5,1030.8,83.0,9.2,14.0,8.2,7.4,1704131711,1704093092,light_jacket_jeans
Clouds,800,24.7,1025.0,67.1,24.1,25.3,8.7,93.9,1704130008,1704095942,tshirt_shorts
Rain,556,10.9,996.6,76.4,8.2,13.8,4.3,22.0,1704137937,1704097620,raincoat_umbrella
Snow,624,-6.2,1033.9,51.8,-8.6,-5.7,7.9,34.9,1704136150,1704095529,warm_winter_coat
Clouds,830,25.5,985.8,50.0,22.8,28.5,3.7,22.6,1704141302,1704095794,tshirt_shorts
Rain,535,23.1,1027.7,81.9,21.0,23.9,2.7,28.4,1704138106,1704098095,light_rain_jacket
Snow,651,-8.3,1017.1,52.3,-10.4,-6.6,11.4,60.9,1704127516,1704090606,warm_winter_coat
Clouds,890,11.1,1021.7,64.4,9.6,11.7,10.2,0.6,1704142241,1704096073,light_jacket_jeans
Drizzle,368,-8.0,988.5,80.4,-10.9,-5.1,14.1,76.5,1704139908,1704093226,winter_wet_gear
Drizzle,385,20.3,993.1,93.1,19.3,22.5,4.4,52.5,1704127460,1704094363,light_rain_jacket
Clear,820,30.2,990.9,39.5,28.4,31.3,7.8,25.6,1704132815,1704098204,hot_summer
Clear,819,-5.3,1023.5,52.6,-7.8,-2.4,5.8,21.0,1704130901,1704093024,warm_winter_coat
Rain,571,22.6,988.3,76.4,20.0,23.4,2.7,48.6,1704139057,1704096113,light_rain_jacket
Rain,531,12.6,993.9,90.6,10.6,15.4,13.3,44.4,1704128626,1704088971,raincoat_umbrella
Snow,621,-13.4,1037.7,53.2,-14.7,-10.5,2.0,21.0,1704142237,1704090753,extreme_cold_gear
Clear,821,11.9,1030.6,64.2,9.9,14.2,7.4,1.8,1704139328,1704099361,light_jacket_jeans
Clear,833,19.7,985.3,71.2,18.1,22.5,9.2,18.8,1704137030,1704092992,light_jacket_jeans
Clear,872,8.4,1013.1,62.3,7.2,10.6,6.6,17.9,1704128327,1704096468,medium_coat_scarf
Rain,562,6.5,1025.2,96.6,4.1,8.2,13.0,46.6,1704140641,1704096755,raincoat_umbrella
Rain,519,11.6,1018.5,75.6,9.9,14.4,12.3,70.0,1704134053,1704093223,raincoat_umbrella
Snow,672,-22.9,986.7,33.6,-24.8,-21.4,0.1,93.6,1704134786,1704094061,extreme_cold_gear
Clear,804,31.2,997.9,40.0,29.8,32.1,7.5,23.3,1704134596,1704088915,hot_summer
Drizzle,328,-2.1,1002.9,91.5,-4.5,-1.0,4.4,96.2,1704129375,1704091834,winter_wet_gear
Clouds,847,16.2,990.4,45.8,14.2,18.6,15.8,76.7,1704126674,1704095856,windproof_jacket
Clear,866,2.3,1002.7,67.0,1.0,3.7,2.8,18.9,1704133089,1704092693,medium_coat_scarf
Clear,831,20.5,1027.7,78.0,18.8,23.2,5.8,12.9,1704129096,1704098476,tshirt_shorts
Clouds,868,14.8,1029.8,61.1,12.6,15.6,22.1,26.8,1704135831,1704094315,windproof_jacket
Snow,676,2.6,1005.4,52.5,1.6,3.4,9.5,31.5,1704125647,1704095430,medium_coat_scarf
Drizzle,300,-2.9,1010.1,80.1,-3.9,-1.1,11.4,82.0,1704129946,1704091062,winter_wet_gear
Snow,684,-19.7,1006.2,44.0,-22.5,-18.9,8.6,57.4,1704125130,1704094823,extreme_cold_gear
Clear,816,-7.9,1018.5,75.0,-10.7,-6.4,4.8,26.2,1704137842,1704099342,warm_winter_coat
Clear,854,38.1,1031.2,69.2,35.2,39.1,6.3,7.3,1704142706,1704099075,hot_summer
Clear,813,-7.9,998.4,62.7,-8.7,-6.3,2.0,24.9,1704127349,1704096021,warm_winter_coat
Drizzle,359,-0.5,1023.5,89.1,-3.0,2.4,11.1,29.3,1704139836,1704092794,winter_wet_gear
Drizzle,390,-0.0,1027.2,76.2,-2.9,2.5,3.8,97.6,1704139934,1704099308,winter_wet_gear
Rain,518,11.8,1028.0,95.6,9.3,12.8,12.5,9.5,1704128719,1704089077,raincoat_umbrella
Rain,552,6.8,1014.3,87.1,5.9,9.5,12.8,13.3,1704137505,1704094491,raincoat_umbrella
Rain,524,11.8,982.2,96.2,9.2,13.2,6.5,88.0,1704136959,1704090802,raincoat_umbrella
Rain,502,7.8,997.1,83.7,4.9,9.1,14.3,15.6,1704128968,1704096146,raincoat_umbrella
Clouds,856,13.0,1040.0,60.2,10.2,15.9,13.5,51.9,1704126660,1704095081,windproof_jacket
Clear,862,30.9,1033.2,34.9,29.7,33.4,1.6,19.4,1704140037,1704098102,hot_summer
Snow,698,-29.7,1034.4,60.5,-32.3,-28.2,16.8,62.0,1704138744,1704098253,extreme_cold_gear
Clear,855,27.8,1012.5,64.9,25.6,30.2,3.2,2.7,1704129487,1704099222,tshirt_shorts
Snow,624,-29.2,1003.4,30.5,-31.1,-28.7,19.9,24.5,1704126830,1704088939,extreme_cold_gear
Clear,833,12.4,1021.4,54.5,11.8,14.8,9.6,18.3,1704142149,1704095732,light_jacket_jeans
Rain,536,16.9,1003.4,90.8,14.4,19.3,8.0,12.0,1704140328,1704091460,raincoat_umbrella
Clear,824,37.4,1028.7,53.1,35.9,39.6,1.2,19.1,1704131013,1704091606,hot_summer
Clear,832,22.9,1009.9,73.8,20.0,24.3,4.9,29.3,1704130662,1704090318,tshirt_shorts
Clear,871,-4.2,1024.2,55.8,-5.0,-2.6,11.7,1.3,1704130027,1704095622,warm_winter_coat
Clouds,832,29.4,1020.8,65.0,26.7,31.2,1.5,10.5,1704125826,1704092959,tshirt_shorts
Rain,512,19.2,1015.4,97.5,17.8,19.9,11.4,28.1,1704130629,1704097289,raincoat_umbrella
Clouds,816,17.9,1011.6,66.9,15.5,19.2,5.9,67.6,1704141177,1704094970,light_jacket_jeans
Clouds,867,11.3,994.7,64.9,10.5,12.7,15.3,67.6,1704140051,1704091990,windproof_jacket
Rain,568,24.5,1013.4,71.5,22.3,26.6,4.6,17.3,1704134707,1704090986,light_rain_jacket
Clear,802,-14.9,1010.2,40.5,-17.3,-14.3,7.5,17.6,1704127639,1704090045,extreme_cold_gear
Rain,587,10.7,990.6,94.8,8.8,13.3,6.7,54.4,1704139462,1704093735,raincoat_umbrella
Clouds,817,15.4,1028.8,55.9,13.4,16.3,17.6,89.1,1704133878,1704093835,windproof_jacket
Clouds,807,9.8,1010.4,41.8,8.0,12.2,16.8,76.5,1704125951,1704090046,windproof_jacket
Clouds,809,26.5,999.1,47.6,24.1,29.0,5.3,52.6,1704137296,1704092625,tshirt_shorts
Snow,666,-3.2,1014.9,60.5,-6.1,-1.3,3.3,95.6,1704133047,1704089858,warm_winter_coat
Drizzle,322,-4.0,1000.2,91.5,-6.5,-3.0,5.3,86.2,1704136104,1704098880,winter_wet_gear
Snow,678,7.5,984.7,52.2,6.8,8.1,5.2,62.0,1704141698,1704092105,medium_coat_scarf
Clear,884,36.6,1007.3,53.7,34.4,38.0,0.4,20.2,1704127812,1704098970,hot_summer
Rain,558,23.2,1018.9,89.5,21.9,23.7,8.7,12.6,1704135064,1704091990,light_rain_jacket
Clouds,819,9.9,1007.0,65.2,7.6,12.7,20.8,82.6,1704133964,1704089629,windproof_jacket
Rain,516,11.6,1000.5,88.6,10.0,13.0,12.3,74.9,1704142169,1704092396,raincoat_umbrella
Rain,542,11.4,982.5,82.9,8.8,14.0,14.0,23.5,1704142327,1704090004,raincoat_umbrella
Snow,662,-16.8,1019.5,32.9,-19.4,-16.3,12.5,45.8,1704131568,1704099258,extreme_cold_gear
Drizzle,350,16.8,1004.1,60.3,14.0,17.3,10.0,66.5,1704138665,1704088920,light_jacket_jeans
Clouds,843,4.0,1007.1,64.1,2.3,4.6,2.3,16.1,1704129234,1704099044,medium_coat_scarf
Snow,631,-10.3,1003.5,39.7,-11.1,-8.3,1.3,37.4,1704139863,1704093525,extreme_cold_gear
Drizzle,389,-9.0,1021.8,77.2,-11.7,-7.9,2.7,94.1,1704125662,1704091006,winter_wet_gear
Drizzle,308,-8.4,1016.2,83.0,-11.4,-5.5,11.2,13.6,1704140552,1704091220,winter_wet_gear
Snow,658,8.9,1008.5,75.7,7.1,11.5,3.7,95.6,1704141743,1704097724,medium_coat_scarf
Rain,585,7.3,1008.6,87.0,6.6,10.2,7.9,10.6,1704132470,1704099377,raincoat_umbrella
Snow,660,-7.3,993.5,84.5,-10.0,-6.7,5.3,39.2,1704134921,1704091999,winter_wet_gear
Clouds,803,13.8,1001.0,40.7,12.7,16.5,23.3,41.7,1704132898,1704095739,windproof_jacket
Clouds,808,16.4,1031.6,68.0,13.5,17.6,16.0,66.6,1704137477,1704091712,windproof_jacket
Clear,875,34.1,995.3,55.4,32.4,34.7,0.6,10.9,1704129782,1704090312,hot_summer
Clear,830,-7.8,1010.7,52.4,-8.8,-6.0,7.3,20.0,1704131775,1704097091,warm_winter_coat
Snow,675,-22.8,1005.3,60.1,-25.2,-21.6,18.1,57.2,1704137072,1704089916,extreme_cold_gear
Snow,602,-6.7,1026.6,59.9,-9.4,-5.2,10.3,33.7,1704135824,1704094200,warm_winter_coat
Clear,873,34.9,986.6,68.2,33.3,37.5,1.6,25.6,1704125924,1704098445,hot_summer
Rain,527,12.4,1005.8,94.7,10.5,13.2,8.9,1.2,1704129439,1704097058,raincoat_umbrella
Clouds,834,14.7,1018.2,84.3,12.8,16.7,4.0,57.6,1704125104,1704094224,light_jacket_jeans
Clear,854,28.7,980.0,59.9,28.0,29.8,2.5,15.3,1704125928,1704096435,hot_summer
Clear,855,5.3,1027.6,61.5,4.3,6.4,9.7,22.7,1704136293,1704089115,medium_coat_scarf
Rain,520,5.9,1002.3,79.2,4.9,6.7,8.0,41.8,1704141504,1704094299,raincoat_umbrella
Snow,621,-2.6,997.3,84.2,-5.2,-1.5,14.2,66.3,1704139060,1704097456,winter_wet_gear
Clear,802,-2.5,998.3,56.5,-3.9,-1.0,7.6,0.1,1704140265,1704096717,warm_winter_coat
Clear,816,10.0,1022.1,50.6,7.7,10.8,5.9,17.5,1704126474,1704088816,medium_coat_scarf
Drizzle,342,19.0,1034.0,72.3,16.9,19.9,5.8,65.0,1704132014,1704093695,light_rain_jacket
Clear,835,-2.3,1036.9,57.9,-3.4,-0.6,10.6,27.7,1704140139,1704094578,warm_winter_coat
Clear,811,-27.8,988.9,62.1,-30.5,-26.3,13.2,25.6,1704133993,1704095363,extreme_cold_gear
Drizzle,377,-6.9,1013.0,91.6,-8.4,-5.3,2.9,10.9,1704137595,1704093679,winter_wet_gear
Clear,893,8.3,1003.7,71.5,6.0,11.2,7.0,11.0,1704141334,1704093177,medium_coat_scarf
Clear,857,-4.6,1032.0,71.2,-5.2,-3.2,1.6,18.4,1704124830,1704089125,warm_winter_coat
Clear,835,35.2,997.3,63.1,33.8,36.7,7.9,28.8,1704134545,1704092476,hot_summer
Clouds,833,9.6,996.8,71.9,8.4,11.5,4.1,92.8,1704142713,1704091121,medium_coat_scarf
Clouds,813,17.9,1006.6,51.2,17.4,20.0,18.6,89.4,1704131682,1704095845,windproof_jacket
Snow,685,-23.9,984.0,42.4,-26.6,-21.7,9.5,86.2,1704127800,1704092071,extreme_cold_gear
Clear,851,-14.4,1014.8,79.9,-17.2,-12.2,14.4,5.5,1704140304,1704094081,extreme_cold_gear
Drizzle,347,16.9,1008.0,73.1,15.2,19.4,2.1,74.3,1704142499,1704093669,light_jacket_jeans
Snow,633,2.1,1019.7,60.5,-0.5,3.4,2.9,78.3,1704136738,1704094465,medium_coat_scarf
Snow,618,-3.4,1038.4,87.8,-5.7,-1.8,12.6,87.7,1704136767,1704091116,winter_wet_gear
Clouds,868,13.5,1029.8,41.2,11.7,15.2,21.8,90.7,1704131976,1704098262,windproof_jacket
Rain,548,15.5,1013.7,97.9,12.6,16.8,7.2,61.9,1704127477,1704099128,raincoat_umbrella
Clear,846,26.0,1018.9,42.2,25.5,28.0,8.4,12.1,1704124821,1704088936,tshirt_shorts
Rain,504,8.9,1025.6,93.0,6.6,10.7,3.7,12.7,1704125464,1704099119,raincoat_umbrella
Clouds,859,10.1,982.9,44.2,9.2,11.5,16.6,58.3,1704136147,1704091707,windproof_jacket
Clear,890,-8.0,992.4,70.7,-9.5,-7.3,4.2,2.7,1704141345,1704094167,warm_winter_coat
Snow,677,-2.7,1025.5,55.8,-4.9,-1.6,3.1,28.9,1704133034,1704091403,warm_winter_coat
Clear,804,-7.8,1005.4,57.2,-9.0,-6.5,3.9,13.2,1704135374,1704099307,warm_winter_coat
Clear,820,34.5,987.0,66.3,32.5,35.9,5.0,28.2,1704139092,1704090304,hot_summer
Clear,884,30.8,983.3,35.5,30.3,32.8,1.6,5.9,1704142316,1704092216,hot_summer
Clear,887,-10.7,1021.2,79.9,-12.3,-9.5,0.0,16.1,1704133018,1704094277,extreme_cold_gear
Snow,686,-6.7,989.3,66.2,-7.5,-4.2,11.4,14.0,1704134201,1704095999,warm_winter_coat
Clouds,824,18.0,1025.9,50.1,16.1,18.7,13.1,21.4,1704141792,1704095488,windproof_jacket
Clouds,805,17.5,1006.9,52.8,14.7,18.9,16.6,81.4,1704140969,1704093792,windproof_jacket
Clouds,833,16.9,1006.4,63.9,14.9,18.3,22.8,75.3,1704142777,1704097901,windproof_jacket
Drizzle,382,18.1,1031.3,76.9,15.7,21.0,7.1,75.1,1704129617,1704091677,light_jacket_jeans
Clear,818,-26.4,987.6,77.9,-29.1,-23.8,11.5,1.6,1704126374,1704093488,extreme_cold_gear
Clear,859,6.7,985.6,65.8,5.6,8.5,8.0,12.0,1704132892,1704093857,medium_coat_scarf
Clouds,835,18.0,1035.0,58.2,17.0,19.2,6.7,58.6,1704132488,1704098740,light_jacket_jeans
Rain,547,16.6,1003.2,86.5,15.1,17.5,11.7,10.1,1704130153,1704093021,raincoat_umbrella
Drizzle,380,11.5,1035.6,83.1,9.2,13.2,7.1,33.7,1704133878,1704095569,light_jacket_jeans
Clear,897,-12.7,1038.1,74.6,-13.8,-10.5,13.8,17.9,1704131259,1704098619,extreme_cold_gear
Snow,685,-1.3,1002.2,55.9,-2.6,0.9,8.7,14.9,1704140129,1704097109,warm_winter_coat
Rain,511,24.7,1027.7,78.0,24.1,26.6,3.1,32.4,1704139941,1704091464,light_rain_jacket
Snow,696,-27.4,994.2,70.8,-28.3,-25.4,10.9,89.9,1704125471,1704095469,extreme_cold_gear
Clouds,862,10.8,1012.8,62.9,10.0,13.4,18.1,60.9,1704133228,1704098121,windproof_jacket
Clear,857,-20.2,986.8,51.6,-21.7,-17.3,17.1,16.6,1704132600,1704097314,extreme_cold_gear
Snow,657,-23.7,997.4,75.5,-26.7,-22.7,5.3,53.6,1704124842,1704097855,extreme_cold_gear
Clouds,869,7.3,1018.2,79.5,4.7,7.8,2.2,51.8,1704125467,1704090275,medium_coat_scarf
Clear,839,4.4,1021.5,52.0,2.0,6.7,2.4,7.1,1704137230,1704096870,medium_coat_scarf
Clear,886,-3.7,992.0,53.9,-5.7,-2.2,9.9,17.8,1704125312,1704096415,warm_winter_coat
Clear,829,14.0,985.3,74.5,11.5,15.3,11.2,25.8,1704125636,1704092636,light_jacket_jeans
Drizzle,358,20.5,1009.2,78.9,18.0,23.2,5.0,17.4,1704127019,1704091480,light_rain_jacket
Clouds,875,23.4,1035.7,67.2,20.4,24.3,0.6,22.3,1704128821,1704097132,tshirt_shorts
Snow,620,-1.2,1009.2,82.1,-2.6,-0.1,8.2,99.5,1704135465,1704099203,winter_wet_gear
Clear,815,2.7,980.7,69.3,1.0,3.6,1.9,15.0,1704125352,1704091895,medium_coat_scarf
Snow,673,1.8,1029.1,68.5,0.6,3.4,3.9,19.3,1704137773,1704096792,medium_coat_scarf
Clouds,844,27.2,993.3,69.7,25.3,28.0,0.5,27.4,1704141788,1704090246,tshirt_shorts
Rain,528,18.7,989.4,79.4,16.9,21.6,7.8,49.7,1704135005,1704093255,raincoat_umbrella
Clouds,882,11.4,1022.1,57.3,9.5,12.3,21.5,26.3,1704138945,1704090113,windproof_jacket
Clear,841,0.6,1038.1,59.5,-0.1,3.4,2.2,9.5,1704125449,1704095374,medium_coat_scarf
Snow,654,6.2,1002.5,71.9,3.5,8.4,9.6,51.2,1704135928,1704098234,medium_coat_scarf
Drizzle,377,18.6,997.2,71.0,17.9,21.0,3.7,40.5,1704131040,1704096484,light_rain_jacket
Drizzle,361,20.3,991.5,89.0,19.3,22.7,7.3,98.3,1704137859,1704099257,light_rain_jacket
Drizzle,322,-7.2,1013.6,88.0,-9.6,-4.9,9.1,4.7,1704128124,1704099353,winter_wet_gear
Drizzle,306,18.0,1033.2,89.2,16.1,18.8,4.3,18.5,1704140677,1704093149,light_rain_jacket
Clouds,878,12.7,1006.4,63.4,10.7,13.8,8.2,39.2,1704125239,1704089652,light_jacket_jeans
Rain,531,12.4,1003.2,91.7,11.8,14.0,5.7,62.5,1704142212,1704095267,raincoat_umbrella
Clouds,892,22.5,1010.7,53.2,20.8,24.7,2.7,44.0,1704129323,1704092981,tshirt_shorts
Clouds,804,3.1,1027.4,78.4,1.8,3.9,4.8,63.7,1704138525,1704097415,medium_coat_scarf
Clear,892,37.4,1034.7,45.6,36.4,38.8,4.6,16.6,1704136395,1704097905,hot_summer
Clear,843,-22.1,990.7,36.6,-24.5,-20.7,19.5,7.6,1704138509,1704095105,extreme_cold_gear
Clouds,803,13.2,1016.1,60.0,10.9,15.4,14.2,86.5,1704126673,1704097324,windproof_jacket
Clear,872,7.4,1019.7,54.2,5.6,9.7,6.1,11.5,1704130800,1704093823,medium_coat_scarf
Snow,618,-6.7,1021.1,80.6,-7.7,-5.6,5.3,72.6,1704132597,1704092292,winter_wet_gear
Clouds,838,14.0,1030.7,57.5,11.7,14.7,20.2,88.7,1704141853,1704099181,windproof_jacket
Clear,892,11.1,1038.1,58.0,8.8,13.2,2.1,17.8,1704135508,1704090359,light_jacket_jeans
Rain,525,18.8,1009.8,86.0,18.0,19.5,13.0,10.7,1704140885,1704090909,raincoat_umbrella
Clear,821,-7.3,991.4,63.2,-10.0,-6.6,1.1,9.8,1704134732,1704089339,warm_winter_coat
Snow,651,-7.2,1039.2,94.8,-9.0,-6.2,10.1,52.4,1704135750,1704095133,winter_wet_gear
Clear,867,-5.7,988.4,56.4,-8.2,-3.8,8.1,6.4,1704140071,1704089117,warm_winter_coat
Snow,655,-2.5,1037.8,49.4,-3.2,-1.3,7.7,65.8,1704126108,1704094406,warm_winter_coat
Clear,821,30.5,987.8,44.1,27.8,33.4,1.0,20.3,1704128113,1704095586,hot_summer
Clear,857,15.9,993.4,66.1,13.6,17.1,5.8,20.6,1704140181,1704097321,light_jacket_jeans
Clear,862,1.9,1009.8,59.0,-0.9,3.8,5.4,0.7,1704137424,1704089013,medium_coat_scarf
Snow,632,-3.2,1028.4,56.5,-4.7,-1.2,5.4,22.6,1704131529,1704097783,warm_winter_coat
Rain,583,11.3,1003.3,83.1,8.5,12.6,9.7,25.9,1704131050,1704096343,raincoat_umbrella
Snow,628,-8.2,1027.8,90.4,-10.7,-5.6,6.8,60.2,1704142722,1704098651,winter_wet_gear
Clear,883,10.9,1031.1,59.2,9.3,13.2,5.7,23.8,1704130935,1704094941,light_jacket_jeans
Clear,827,-26.2,990.1,76.2,-27.8,-24.7,7.4,24.8,1704130749,1704092358,extreme_cold_gear
Rain,547,8.0,1028.4,95.8,5.3,9.8,11.7,99.0,1704135054,1704092156,raincoat_umbrella
Clouds,831,10.9,1034.2,75.7,8.5,13.2,10.3,57.2,1704127755,1704090482,light_jacket_jeans
Clear,818,-28.9,999.2,54.7,-29.8,-27.2,1.8,12.7,1704132665,1704096427,extreme_cold_gear
Clear,882,-26.8,992.9,56.4,-27.3,-24.8,11.9,15.1,1704136369,1704088814,extreme_cold_gear
Rain,584,8.4,1030.1,80.8,6.4,9.5,14.8,1.5,1704137500,1704089927,raincoat_umbrella
Clear,887,8.3,993.5,70.5,7.0,10.0,6.4,21.9,1704130130,1704089923,medium_coat_scarf
Drizzle,358,17.5,1031.6,69.7,15.5,19.4,9.6,48.6,1704140820,1704094874,light_jacket_jeans
Clouds,821,11.2,1012.9,51.9,8.8,14.1,13.2,58.3,1704126809,1704095489,windproof_jacket
Snow,644,7.8,1038.6,53.9,6.9,10.0,4.2,40.9,1704129824,1704097547,medium_coat_scarf
Clouds,853,22.4,988.1,44.0,21.1,23.5,8.1,59.5,1704133026,1704095706,tshirt_shorts
Rain,563,6.6,1025.0,89.1,5.0,7.8,11.7,59.1,1704131456,1704098621,raincoat_umbrella
Clouds,823,15.6,1009.2,48.1,14.9,16.5,17.6,29.9,1704128465,1704090751,windproof_jacket
Clear,841,18.1,1038.4,65.8,16.4,19.7,5.8,3.5,1704129627,1704089859,light_jacket_jeans
Clear,854,-15.5,1021.1,30.2,-17.0,-14.8,13.7,1.9,1704133615,1704090860,extreme_cold_gear
Clear,821,-4.7,996.4,62.5,-5.9,-2.6,7.5,20.7,1704126283,1704092039,warm_winter_coat
Rain,517,27.3,1008.2,76.4,24.7,29.5,8.1,21.3,1704134551,1704089825,light_rain_jacket
Snow,645,-3.5,1010.3,59.8,-6.4,-0.9,7.0,79.6,1704133510,1704098200,warm_winter_coat
Clouds,843,17.2,990.7,72.9,14.3,19.2,9.6,58.7,1704138055,1704095402,light_jacket_jeans
Snow,683,-0.1,1028.8,78.6,-0.7,0.8,3.9,82.8,1704129828,1704099044,winter_wet_gear
Drizzle,397,13.1,1021.9,62.6,10.2,15.9,11.7,53.1,1704141102,1704094329,light_jacket_jeans
Clouds,819,15.6,1006.8,46.5,13.1,17.0,23.9,16.1,1704129412,1704090788,windproof_jacket
Drizzle,346,26.6,1009.5,72.5,24.4,28.3,3.2,36.8,1704129922,1704089017,light_rain_jacket
Clear,885,16.1,1026.4,54.5,14.5,17.8,12.0,26.3,1704128293,1704094438,light_jacket_jeans
Rain,564,24.1,1023.0,88.6,21.6,26.0,6.3,42.2,1704140833,1704090919,light_rain_jacket
Drizzle,321,16.9,985.2,81.6,15.7,19.0,3.6,73.8,1704130594,1704096314,light_jacket_jeans
Rain,550,5.1,1033.1,85.0,3.6,7.7,13.9,18.7,1704140051,1704095041,raincoat_umbrella
Clear,824,5.7,1009.6,54.7,3.6,7.6,1.7,23.0,1704132207,1704089320,medium_coat_scarf
Rain,575,15.5,981.8,80.5,13.4,17.8,6.8,61.3,1704139521,1704088918,raincoat_umbrella
Clear,836,-20.8,991.7,62.0,-23.1,-19.0,11.4,5.5,1704141146,1704098477,extreme_cold_gear
Rain,561,17.9,981.1,94.2,16.8,19.6,7.5,0.6,1704135335,1704093745,raincoat_umbrella
Snow,634,-8.8,1011.9,69.6,-11.4,-6.5,1.4,48.4,1704140922,1704093563,warm_winter_coat
Clear,839,9.5,1034.3,57.2,8.8,11.7,3.2,19.4,1704129731,1704097656,medium_coat_scarf
Rain,532,10.8,1008.8,90.8,10.3,13.1,10.3,94.4,1704137648,1704093226,raincoat_umbrella
Clear,845,34.8,1000.5,60.5,34.1,37.5,7.0,24.6,1704131951,1704090176,hot_summer
Drizzle,380,25.1,1039.4,83.7,22.4,27.9,6.2,61.8,1704124950,1704089895,light_rain_jacket
Clear,854,16.4,995.1,63.3,15.7,17.2,2.1,19.0,1704138403,1704095787,light_jacket_jeans
Rain,586,5.5,1022.0,97.8,2.9,7.3,3.9,73.0,1704130249,1704096632,raincoat_umbrella
Rain,577,8.4,999.1,85.5,7.1,9.2,14.5,64.5,1704141288,1704095577,raincoat_umbrella
Clear,809,-28.3,1020.5,71.8,-29.3,-27.3,8.6,9.2,1704129245,1704090912,extreme_cold_gear
Rain,526,23.1,1011.1,92.6,22.5,23.7,5.0,74.2,1704127435,1704091086,light_rain_jacket
Drizzle,320,20.5,1034.5,70.3,18.5,23.5,7.6,79.8,1704134250,1704093477,light_rain_jacket
Clouds,876,9.1,1001.7,41.7,7.0,12.0,16.9,67.4,1704133738,1704098067,windproof_jacket
Clear,817,19.2,1032.9,56.3,18.1,20.7,2.8,27.5,1704130738,1704095930,light_jacket_jeans
Snow,689,-2.0,980.6,46.8,-3.1,0.7,4.0,1.8,1704138657,1704097232,warm_winter_coat
Clear,893,18.3,997.8,62.1,16.6,19.2,2.9,4.1,1704128778,1704093798,light_jacket_jeans
Snow,620,-2.1,994.4,81.7,-5.0,-0.4,7.4,30.9,1704139107,1704097964,winter_wet_gear
Snow,644,-20.1,987.6,38.4,-22.0,-19.2,7.9,86.3,1704126246,1704098293,extreme_cold_gear
Rain,578,15.8,982.0,87.0,13.1,17.2,7.7,35.9,1704129693,1704093785,raincoat_umbrella
Clear,848,38.6,1004.5,59.0,37.9,41.5,0.9,26.6,1704136164,1704096134,hot_summer
Rain,514,18.7,1012.0,82.7,16.8,19.5,5.1,32.0,1704129074,1704092862,light_rain_jacket
Clouds,897,4.7,1023.1,65.6,3.1,7.5,9.9,51.9,1704131209,1704095776,medium_coat_scarf
Clear,858,12.2,1038.7,52.5,10.5,14.3,5.5,10.6,1704141898,1704095803,light_jacket_jeans
Clear,856,33.5,1002.8,64.6,32.7,35.1,4.4,29.3,1704138118,1704089253,hot_summer
Rain,582,27.6,1003.4,85.2,27.1,30.1,5.3,2.4,1704125397,1704094093,light_rain_jacket
Clouds,896,14.6,1039.2,62.8,14.0,15.8,18.2,91.5,1704128117,1704092045,windproof_jacket
Clear,854,-11.7,1005.5,78.8,-14.3,-10.6,9.6,10.5,1704131010,1704094340,extreme_cold_gear
Rain,593,10.8,1010.5,82.5,7.9,12.9,14.4,56.1,1704126714,1704099144,raincoat_umbrella
Clear,852,5.0,1016.0,70.4,3.2,7.0,8.4,29.3,1704130913,1704091285,medium_coat_scarf
Snow,628,0.3,1015.3,65.9,-0.9,2.4,5.0,92.0,1704132632,1704093442,medium_coat_scarf
Clear,886,-5.4,1013.6,42.4,-7.4,-3.9,7.4,29.8,1704130829,1704097333,warm_winter_coat
Clear,832,2.7,987.1,64.3,1.8,3.4,8.4,9.5,1704140250,1704099176,medium_coat_scarf
Clear,844,-4.2,982.2,41.4,-4.8,-2.5,8.8,26.2,1704127196,1704090478,warm_winter_coat
Drizzle,318,18.8,1009.1,70.6,17.4,21.1,8.1,84.3,1704135817,1704094076,light_rain_jacket
Clear,840,11.8,1029.4,73.2,10.8,14.5,11.9,22.4,1704140807,1704094478,light_jacket_jeans
Clear,881,28.4,1005.2,41.0,25.4,30.5,0.3,26.9,1704141105,1704090545,hot_summer
Clear,805,32.6,1007.1,46.5,29.7,33.9,5.8,25.7,1704126511,1704094855,hot_summer
Clear,855,-29.7,984.0,60.1,-32.6,-27.3,3.6,7.6,1704125982,1704090649,extreme_cold_gear
Drizzle,312,23.6,1023.2,86.4,20.9,24.5,8.5,95.5,1704128475,1704099032,light_rain_jacket
Clear,840,36.1,1024.9,63.5,34.1,37.0,6.9,13.2,1704128026,1704096075,hot_summer
Clear,813,-25.3,1036.2,50.7,-28.0,-22.4,11.8,15.0,1704127447,1704094837,extreme_cold_gear
Rain,515,22.3,1032.2,87.6,20.3,23.1,6.4,48.1,1704132401,1704097828,light_rain_jacket
Drizzle,336,-4.8,1000.1,84.9,-5.5,-3.5,7.1,11.6,1704129991,1704096004,winter_wet_gear
Clear,836,9.2,1012.8,73.6,7.5,10.8,5.0,1.0,1704139476,1704092844,medium_coat_scarf
Clear,873,-8.3,1014.2,72.1,-10.7,-5.5,11.4,14.4,1704131683,1704091310,warm_winter_coat
Clear,840,21.8,998.9,64.4,19.8,23.3,7.3,24.9,1704135181,1704094822,tshirt_shorts
Clouds,823,29.3,987.0,71.9,26.4,30.6,6.1,29.1,1704137535,1704089807,tshirt_shorts
Drizzle,391,-2.6,1020.2,90.2,-5.0,-0.7,4.6,83.4,1704142383,1704096517,winter_wet_gear
Clear,897,3.5,1021.0,54.3,1.7,4.8,3.1,14.3,1704142790,1704097836,medium_coat_scarf
Snow,696,-15.3,1008.7,60.9,-16.0,-12.7,8.8,22.0,1704127012,1704096266,extreme_cold_gear
Rain,535,5.5,987.8,83.7,3.7,8.4,11.0,23.6,1704133575,1704091903,raincoat_umbrella
Drizzle,358,23.6,1039.3,85.1,22.3,25.0,4.3,78.6,1704125006,1704096557,light_rain_jacket
Clouds,840,12.9,980.6,52.6,11.1,14.2,23.9,5.3,1704142761,1704093208,windproof_jacket
Clouds,871,24.7,1024.2,69.9,23.1,25.7,8.0,92.5,1704129236,1704089316,tshirt_shorts
Clouds,867,17.9,1016.4,57.0,15.5,19.2,6.9,16.0,1704134849,1704091079,light_jacket_jeans
Rain,530,16.6,1017.6,78.5,15.7,19.2,4.9,57.2,1704131405,1704092353,raincoat_umbrella
Rain,562,9.9,1036.3,86.6,7.1,10.8,13.2,42.6,1704141886,1704090494,raincoat_umbrella
Snow,656,-8.3,1024.9,97.0,-10.6,-5.6,2.9,44.0,1704128886,1704092468,winter_wet_gear
Rain,564,16.6,993.7,85.0,16.0,19.5,14.9,26.4,1704136947,1704093725,raincoat_umbrella
Clear,887,30.1,1012.8,61.9,27.3,30.8,5.4,14.3,1704131098,1704091830,hot_summer
Rain,518,14.4,987.8,87.8,12.6,15.2,3.3,81.1,1704129356,1704093824,raincoat_umbrella
Clear,848,4.4,994.6,60.8,2.7,5.7,9.8,23.7,1704136201,1704090997,medium_coat_scarf
Clouds,895,27.6,980.1,64.8,24.7,30.2,2.3,75.7,1704141067,1704093770,tshirt_shorts
Drizzle,382,26.1,1036.2,93.5,24.5,28.1,10.0,71.7,1704140955,1704097618,light_rain_jacket
Drizzle,395,-4.9,1010.2,81.9,-7.2,-3.7,10.4,2.1,1704125374,1704091610,winter_wet_gear
Clear,849,1.3,1005.5,76.0,-0.8,2.8,5.9,2.1,1704140581,1704091539,medium_coat_scarf
Clear,800,-13.3,997.8,56.8,-13.9,-11.7,11.8,14.5,1704127706,1704097469,extreme_cold_gear
Snow,621,-1.7,1020.5,89.5,-3.6,-0.6,8.3,34.5,1704134904,1704089479,winter_wet_gear
Clouds,808,1.8,987.3,67.3,1.1,2.9,8.5,4.1,1704132516,1704088878,medium_coat_scarf
Snow,696,-25.7,1022.7,74.2,-26.4,-23.0,7.8,67.5,1704128823,1704094054,extreme_cold_gear
Clear,850,-5.7,985.4,50.7,-8.7,-2.9,2.4,28.8,1704139342,1704093753,warm_winter_coat
Rain,502,8.0,990.9,83.4,7.3,9.9,12.6,34.7,1704140379,1704095401,raincoat_umbrella
Drizzle,361,14.2,1032.9,53.8,12.2,16.4,4.5,36.1,1704128090,1704097243,light_jacket_jeans
Rain,552,26.8,1022.0,92.1,25.1,28.4,5.7,17.8,1704133253,1704095891,light_rain_jacket
Drizzle,325,22.0,982.5,85.6,19.9,23.6,5.2,73.0,1704130573,1704092070,light_rain_jacket
Clouds,802,9.4,1012.9,52.2,6.9,11.6,7.5,95.4,1704127686,1704098795,medium_coat_scarf
Clear,852,14.0,1012.1,61.8,12.3,15.2,8.4,17.9,1704126355,1704099090,light_jacket_jeans
Snow,619,5.1,1011.4,70.5,3.3,8.0,7.0,73.7,1704132777,1704089329,medium_coat_scarf
Rain,566,6.0,1030.5,93.9,3.9,6.8,10.0,26.0,1704136617,1704091951,raincoat_umbrella
Clear,805,-17.2,1031.7,64.1,-19.5,-15.4,14.6,27.0,1704141667,1704089277,extreme_cold_gear
Snow,688,-24.5,1038.6,30.9,-27.0,-22.6,8.5,44.8,1704135339,1704088960,extreme_cold_gear
Drizzle,303,-3.7,1022.5,81.1,-5.0,-1.1,6.9,79.4,1704142545,1704089425,winter_wet_gear
Clouds,840,26.4,1017.0,51.9,25.7,26.9,1.8,23.4,1704131318,1704095369,tshirt_shorts
Drizzle,374,27.5,1007.0,94.6,26.8,28.5,2.8,54.8,1704142135,1704094607,light_rain_jacket
Snow,644,-6.8,999.0,93.0,-9.5,-4.5,4.2,7.7,1704132540,1704093524,winter_wet_gear
Rain,573,25.7,985.5,79.0,25.0,27.0,9.9,46.4,1704130497,1704091169,light_rain_jacket
Drizzle,364,13.7,1030.6,58.5,12.1,16.5,7.2,43.6,1704134991,1704095022,light_jacket_jeans
Clear,873,25.3,999.2,53.3,23.4,27.3,9.8,22.3,1704142166,1704093049,tshirt_shorts
Clear,802,6.8,1036.4,63.4,4.8,9.4,9.7,2.9,1704127103,1704090667,medium_coat_scarf
Rain,536,10.7,1032.6,84.4,9.5,11.8,5.9,67.9,1704131038,1704088993,raincoat_umbrella
Clouds,878,15.8,991.1,51.6,13.9,17.1,23.8,81.4,1704127883,1704089711,windproof_jacket
Drizzle,336,-9.4,1007.0,89.5,-12.2,-7.4,9.6,41.4,1704141969,1704097615,winter_wet_gear
Clear,867,9.0,1030.9,66.3,6.6,11.1,2.5,17.2,1704127844,1704089459,medium_coat_scarf
Clouds,872,23.0,987.9,46.1,21.9,24.2,1.4,11.4,1704135212,1704099185,tshirt_shorts
Clouds,841,23.8,997.5,59.1,21.1,26.1,1.9,77.8,1704126357,1704093823,tshirt_shorts
Clear,810,37.7,1009.9,40.8,37.0,39.0,6.6,2.3,1704137538,1704097276,hot_summer
Clear,852,7.8,1036.7,75.8,5.0,9.6,8.8,5.6,1704136603,1704090595,medium_coat_scarf
Drizzle,350,-9.5,1026.3,79.9,-12.0,-7.7,4.2,17.0,1704132906,1704096984,winter_wet_gear
Clear,845,28.9,1018.5,30.2,27.2,30.5,5.4,12.3,1704130836,1704089059,hot_summer
Clear,802,-23.8,1010.9,72.5,-26.3,-21.8,6.5,24.8,1704134842,1704092903,extreme_cold_gear
Rain,564,10.0,1022.1,82.0,7.7,12.2,11.8,95.5,1704140693,1704096297,raincoat_umbrella
Drizzle,324,21.9,1020.3,71.2,20.4,22.6,7.1,81.4,1704126977,1704094773,light_rain_jacket
Drizzle,386,18.9,1036.3,74.4,17.3,21.4,3.2,69.8,1704141559,1704091132,light_rain_jacket
Rain,599,16.5,1012.8,87.3,15.8,18.4,14.6,32.9,1704140400,1704098092,raincoat_umbrella
Clear,849,-24.0,1028.1,75.1,-25.1,-21.5,0.1,27.7,1704125092,1704090539,extreme_cold_gear
Snow,651,-9.9,1000.0,69.4,-12.1,-9.2,2.7,41.3,1704141769,1704097727,warm_winter_coat
Rain,558,23.3,1016.4,75.4,21.1,24.2,3.0,82.2,1704134635,1704091932,light_rain_jacket
Clear,825,30.9,1033.5,68.9,28.4,32.7,3.1,18.9,1704133665,1704095030,hot_summer
Rain,529,11.1,1001.5,84.4,9.5,12.2,11.0,2.0,1704133275,1704089111,raincoat_umbrella
Drizzle,345,18.2,990.8,73.1,17.1,21.1,2.1,34.2,1704130145,1704095837,light_jacket_jeans
Rain,542,7.2,1036.1,99.4,4.4,9.3,5.6,20.5,1704135274,1704090022,raincoat_umbrella
Drizzle,361,19.7,1019.9,79.6,17.1,20.3,8.3,63.2,1704140685,1704097128,light_rain_jacket
Drizzle,358,-5.2,998.1,89.7,-6.2,-4.4,3.5,74.0,1704140261,1704092032,winter_wet_gear
Clear,817,27.6,1012.7,60.8,24.9,30.1,2.0,23.0,1704135594,1704090908,tshirt_shorts
Snow,618,-19.2,1024.9,48.8,-19.8,-16.5,15.1,77.6,1704128745,1704093836,extreme_cold_gear
Snow,681,-0.8,996.5,81.3,-2.7,0.8,9.6,77.4,1704141806,1704089113,winter_wet_gear
Rain,568,18.1,1023.1,93.9,16.6,20.6,6.7,19.5,1704139657,1704095408,raincoat_umbrella
Rain,584,5.3,989.1,79.8,4.3,7.1,10.0,88.4,1704135671,1704094329,raincoat_umbrella
Clouds,862,17.0,1000.9,68.3,14.9,19.5,21.4,49.0,1704131378,1704095905,windproof_jacket
Clear,895,32.8,1019.3,63.8,30.9,34.2,2.8,21.3,1704130960,1704095032,hot_summer
Clouds,822,13.9,1014.7,71.2,11.7,16.7,8.6,98.8,1704125904,1704090073,light_jacket_jeans
Clouds,853,29.0,1009.5,59.3,27.1,30.2,5.7,73.3,1704135710,1704090371,tshirt_shorts
Snow,687,-1.4,1011.2,51.9,-3.1,0.2,5.4,16.7,1704139794,1704090931,warm_winter_coat
Snow,694,-5.9,1012.9,75.4,-8.0,-3.7,13.2,31.5,1704136435,1704090392,winter_wet_gear
Snow,681,-0.8,1036.7,51.5,-3.7,0.7,2.2,54.1,1704126778,1704096979,warm_winter_coat
Snow,696,-7.8,987.4,44.3,-10.1,-6.9,4.9,65.3,1704125213,1704095513,warm_winter_coat
Drizzle,318,27.9,999.5,87.5,27.1,30.6,7.0,13.3,1704134877,1704093470,light_rain_jacket
Clear,834,39.4,1025.1,43.2,36.6,40.7,5.3,24.4,1704127170,1704098071,hot_summer
Drizzle,369,-8.3,1014.8,78.0,-9.4,-7.2,11.2,56.4,1704136117,1704099489,winter_wet_gear
Drizzle,377,-1.9,1001.9,98.6,-4.5,0.6,13.7,72.6,1704128666,1704089476,winter_wet_gear
Clouds,898,20.3,1032.2,57.4,18.3,22.1,2.8,60.5,1704132810,1704089791,tshirt_shorts
Rain,532,5.8,1031.6,76.5,4.2,8.4,12.4,60.4,1704135232,1704096671,raincoat_umbrella
Snow,695,-2.3,1008.5,40.1,-5.2,-1.5,2.3,43.7,1704139471,1704092295,warm_winter_coat
Snow,610,-6.5,1040.0,50.4,-7.7,-3.8,2.5,14.7,1704133251,1704090359,warm_winter_coat
Clear,875,-14.1,987.5,76.8,-14.9,-11.3,19.1,18.7,1704133792,1704099118,extreme_cold_gear
Snow,673,-7.9,1000.0,90.1,-10.7,-7.4,9.1,50.6,1704130805,1704093304,winter_wet_gear
Rain,541,15.7,1036.5,75.8,12.9,16.2,13.2,88.9,1704131394,1704099360,raincoat_umbrella
Clear,825,28.2,988.2,40.4,27.2,28.8,6.1,16.1,1704142365,1704091404,hot_summer
Clouds,893,10.3,1015.9,58.7,7.8,11.9,19.6,18.9,1704142745,1704093902,windproof_jacket
Clear,825,37.8,995.9,70.0,34.9,40.6,1.7,19.9,1704139111,1704094231,hot_summer
Snow,680,-28.7,1004.1,43.3,-29.5,-28.0,14.2,32.5,1704139822,1704091067,extreme_cold_gear
Rain,580,6.7,987.3,84.2,5.3,9.7,7.4,9.8,1704135992,1704094944,raincoat_umbrella
Rain,525,15.1,991.3,75.3,12.8,16.2,6.4,16.7,1704129245,1704093927,raincoat_umbrella
Snow,668,8.0,1035.8,70.2,5.7,9.0,6.7,89.3,1704128888,1704098940,medium_coat_scarf
Rain,542,10.8,997.7,96.8,8.7,13.3,9.2,72.1,1704127806,1704095750,raincoat_umbrella
Clear,846,-16.7,1031.1,48.9,-18.4,-14.7,16.4,5.7,1704129331,1704094676,extreme_cold_gear
Clouds,810,9.1,982.4,66.1,7.2,12.1,22.3,2.2,1704130380,1704098291,windproof_jacket
Clear,816,-23.3,1035.2,70.2,-26.3,-21.1,0.6,11.9,1704125991,1704099053,extreme_cold_gear
Clear,802,19.9,1001.7,77.1,17.8,22.0,9.3,16.4,1704126282,1704096413,light_jacket_jeans
Clouds,812,17.3,991.6,41.1,14.6,20.0,18.1,53.7,1704139412,1704093100,windproof_jacket
Clear,817,-1.3,1022.2,56.7,-2.0,1.2,10.9,1.7,1704128206,1704092653,warm_winter_coat
Rain,540,18.2,990.0,85.5,17.4,19.7,9.6,26.6,1704129912,1704095175,raincoat_umbrella
Clear,832,29.5,991.8,34.0,28.5,32.4,4.9,7.5,1704128948,1704098029,hot_summer
Clouds,854,10.8,1003.4,68.5,10.3,11.9,14.0,13.8,1704142554,1704089741,windproof_jacket
Clear,842,37.9,1022.8,55.9,36.1,38.7,7.8,27.7,1704127083,1704094504,hot_summer
Snow,643,-14.0,1001.7,59.9,-15.6,-12.3,11.7,15.1,1704132028,1704098280,extreme_cold_gear
Clear,859,7.9,988.5,65.8,7.4,8.9,9.4,16.4,1704133306,1704091835,medium_coat_scarf
Snow,672,-25.7,982.3,55.6,-26.4,-24.1,9.2,38.2,1704130073,1704099385,extreme_cold_gear
Rain,586,6.4,994.8,98.0,4.9,8.5,11.0,61.0,1704133538,1704093917,raincoat_umbrella
Clouds,804,17.7,1027.7,76.9,16.9,19.3,7.0,26.1,1704133813,1704098991,light_jacket_jeans
Drizzle,309,12.2,1022.3,51.1,10.6,14.4,6.3,45.4,1704138334,1704091547,light_jacket_jeans
Clouds,887,16.8,1020.4,61.4,13.9,19.6,23.3,4.4,1704126828,1704090167,windproof_jacket
Clouds,821,5.1,1002.3,50.9,4.4,7.5,4.4,29.2,1704139451,1704093340,medium_coat_scarf
Clear,857,31.4,982.2,53.6,30.0,32.3,0.2,24.7,1704138659,1704094440,hot_summer
Drizzle,341,-8.9,1008.9,80.6,-11.7,-6.2,5.9,39.1,1704136667,1704096879,winter_wet_gear
Drizzle,327,-6.5,1011.6,95.0,-9.1,-4.5,6.6,61.4,1704137305,1704092918,winter_wet_gear
Snow,614,-10.4,1014.9,76.3,-12.5,-7.9,14.3,0.5,1704127897,1704096715,extreme_cold_gear
Clouds,880,16.9,1008.0,67.6,14.6,19.7,21.5,25.5,1704133184,1704090512,windproof_jacket
Drizzle,306,-1.6,988.1,77.4,-2.3,1.4,3.8,25.8,1704126045,1704098035,winter_wet_gear
Drizzle,361,22.0,1029.3,77.9,20.1,23.9,3.2,44.9,1704137487,1704095015,light_rain_jacket
Clouds,844,27.5,1004.4,55.0,26.1,30.4,4.9,65.1,1704140064,1704098910,tshirt_shorts
Clouds,840,12.8,1036.8,53.4,10.7,13.6,6.8,56.1,1704133160,1704090350,light_jacket_jeans
Clouds,854,14.4,991.1,56.0,12.3,16.1,9.3,34.7,1704142101,1704096776,light_jacket_jeans
Rain,594,26.0,1032.3,91.8,24.4,26.9,8.8,22.0,1704133580,1704090749,light_rain_jacket
Clear,833,-29.2,985.3,31.2,-29.8,-27.8,12.7,11.1,1704135828,1704092234,extreme_cold_gear
Rain,527,18.3,1015.6,76.1,17.8,19.4,8.0,58.6,1704135041,1704089467,raincoat_umbrella
Rain,537,13.8,1010.0,75.1,13.0,14.7,6.2,91.1,1704131547,1704096027,raincoat_umbrella
Clouds,888,5.2,1026.0,62.4,2.9,6.0,6.6,76.9,1704139487,1704093308,medium_coat_scarf
Snow,648,-22.2,1018.7,50.4,-25.0,-20.6,4.9,54.8,1704137536,1704095799,extreme_cold_gear
Drizzle,338,-3.9,980.6,78.1,-5.0,-1.4,4.8,98.2,1704137490,1704097237,winter_wet_gear
Clear,854,4.7,1008.1,56.6,3.6,5.8,9.5,10.4,1704130271,1704099375,medium_coat_scarf
Clear,875,-5.6,1008.2,66.9,-7.6,-4.0,4.5,8.1,1704130347,1704091144,warm_winter_coat
Rain,595,15.1,991.5,92.0,13.6,17.5,4.3,63.1,1704128247,1704090149,raincoat_umbrella
Clear,878,-27.7,1019.9,46.5,-29.1,-25.8,9.2,12.5,1704126105,1704093059,extreme_cold_gear
Rain,598,19.6,1000.5,77.7,17.6,20.2,5.5,22.9,1704130080,1704090716,raincoat_umbrella
Clear,877,-1.8,987.9,44.6,-3.2,0.4,7.1,1.5,1704132823,1704091769,warm_winter_coat
Rain,523,15.0,990.8,76.7,13.6,16.1,10.1,3.1,1704131526,1704097318,raincoat_umbrella
Rain,501,19.4,1024.1,82.8,16.8,20.1,3.2,0.7,1704131589,1704095849,raincoat_umbrella
Clear,816,16.0,1004.3,75.3,13.9,17.2,11.6,0.8,1704133592,1704093475,light_jacket_jeans
Clear,882,2.1,1035.9,61.2,-0.4,2.6,3.6,24.9,1704128944,1704096207,medium_coat_scarf
Clear,874,28.9,995.7,50.8,26.1,31.0,0.3,8.4,1704127236,1704089682,tshirt_shorts
Clear,826,38.4,994.4,42.8,37.3,39.7,1.4,12.5,1704130131,1704090257,hot_summer
Clouds,888,8.6,1034.4,41.2,6.0,9.2,20.7,40.9,1704125930,1704097199,windproof_jacket
Snow,679,-14.8,1013.5,54.3,-15.4,-13.6,5.9,77.8,1704138839,1704092629,extreme_cold_gear
Clear,818,-1.7,1034.4,62.3,-2.4,-0.9,8.8,3.8,1704134932,1704098196,warm_winter_coat
Snow,669,-4.2,1037.2,51.5,-7.1,-1.5,8.4,26.9,1704138448,1704095356,warm_winter_coat
Rain,528,13.7,1002.0,91.2,12.8,15.2,3.5,26.3,1704137920,1704092632,raincoat_umbrella
Snow,600,-2.9,993.0,90.0,-4.0,-1.1,8.8,82.9,1704142326,1704090507,winter_wet_gear
Clear,888,19.1,1008.5,81.0,17.3,20.8,9.9,9.2,1704128149,1704095390,light_jacket_jeans
Clear,841,2.6,986.0,51.4,1.0,4.7,4.9,3.5,1704137494,1704098578,medium_coat_scarf
Snow,637,-12.9,1026.7,41.1,-15.4,-10.8,12.9,56.1,1704137140,1704091872,extreme_cold_gear
Clear,889,33.8,994.3,43.4,32.6,34.8,0.9,28.5,1704130327,1704093775,hot_summer
Snow,689,-0.6,991.6,73.1,-2.3,0.1,4.3,14.9,1704125106,1704092654,warm_winter_coat
Clear,892,5.2,1010.1,50.1,3.9,5.9,9.3,3.0,1704127002,1704094533,medium_coat_scarf
Rain,508,13.7,1027.7,97.8,11.6,16.6,3.2,85.4,1704129129,1704095171,raincoat_umbrella
Clouds,824,29.7,1012.6,53.8,29.2,32.0,3.5,38.4,1704138245,1704096918,tshirt_shorts
Snow,681,-13.1,995.2,32.6,-15.5,-10.9,10.2,36.2,1704125626,1704093552,extreme_cold_gear
Snow,656,-24.4,1023.2,62.8,-27.4,-23.6,2.9,97.6,1704136757,1704097102,extreme_cold_gear
Snow,674,-22.5,992.3,47.1,-24.2,-21.1,10.0,91.4,1704139248,1704090646,extreme_cold_gear
Clouds,838,12.9,1009.8,42.2,12.3,15.6,19.3,41.0,1704136194,1704097468,windproof_jacket
Snow,602,-6.6,993.4,77.6,-7.6,-4.1,10.4,0.4,1704136715,1704098954,winter_wet_gear
Clear,858,13.6,1008.8,67.2,12.0,16.1,11.2,0.4,1704134041,1704097224,light_jacket_jeans
Snow,628,-0.5,1014.1,43.2,-3.3,1.7,11.1,72.7,1704134252,1704093732,warm_winter_coat
Clear,804,26.7,981.0,49.5,26.0,27.8,4.4,4.5,1704137254,1704089880,tshirt_shorts
Drizzle,322,12.5,1040.0,66.3,10.3,14.2,7.6,64.4,1704139433,1704092628,light_jacket_jeans
Clouds,811,15.4,986.8,40.8,12.9,16.2,19.0,43.6,1704140793,1704098906,windproof_jacket
Clouds,877,4.1,1006.5,63.5,1.2,5.8,9.2,69.8,1704142313,1704093209,medium_coat_scarf
Clouds,890,20.7,991.0,79.2,18.3,22.3,6.2,67.9,1704127513,1704098105,tshirt_shorts
Snow,651,-10.5,1028.8,74.6,-11.3,-8.1,2.0,71.2,1704140168,1704094037,extreme_cold_gear
Rain,528,10.3,997.0,81.2,8.1,12.2,5.7,18.1,1704130987,1704095803,raincoat_umbrella
Clear,831,-22.7,1034.2,79.9,-23.4,-21.2,15.8,8.5,1704125892,1704092184,extreme_cold_gear
Clear,895,34.1,986.2,67.6,32.2,35.8,7.0,11.8,1704140258,1704090893,hot_summer
Drizzle,369,25.5,1028.3,79.5,24.0,27.9,6.7,17.2,1704137069,1704094552,light_rain_jacket
Clear,832,27.6,980.1,50.5,26.5,28.3,0.5,10.5,1704127040,1704090738,tshirt_shorts
Snow,662,-2.9,1029.6,46.1,-4.0,-2.1,10.7,75.6,1704126474,1704090749,warm_winter_coat
Snow,626,-13.9,993.4,42.4,-15.7,-12.4,10.1,54.5,1704136560,1704093478,extreme_cold_gear
Rain,549,12.0,980.5,76.7,9.5,15.0,5.5,77.7,1704125147,1704093251,raincoat_umbrella
Clear,871,29.4,1036.7,57.8,27.3,30.8,3.5,4.2,1704130739,1704099133,hot_summer
Drizzle,322,26.2,991.2,81.8,24.1,27.3,6.5,14.7,1704133430,1704092967,light_rain_jacket
Drizzle,359,22.7,1007.0,83.6,21.5,25.6,6.8,46.6,1704134292,1704098582,light_rain_jacket
Clear,852,-0.4,993.5,70.2,-2.6,1.0,4.2,25.1,1704140159,1704093225,warm_winter_coat
Clear,833,20.2,1013.1,44.3,19.3,21.1,2.9,1.9,1704135884,1704095625,tshirt_shorts
Clear,895,-11.0,989.4,53.3,-12.8,-9.2,10.8,27.5,1704138612,1704095021,extreme_cold_gear
Snow,648,-6.8,1022.9,47.0,-9.6,-4.2,4.2,98.9,1704141808,1704096761,warm_winter_coat
Clear,867,24.9,986.9,70.9,23.6,25.8,9.5,10.0,1704138477,1704097551,tshirt_shorts
Clouds,868,28.0,1001.2,65.2,26.0,29.6,5.9,48.2,1704132606,1704096341,tshirt_shorts
Clouds,870,24.5,1038.0,54.2,23.8,27.2,6.8,36.3,1704141949,1704089209,tshirt_shorts
Drizzle,387,10.2,993.1,70.4,7.7,11.3,10.8,18.3,1704131603,1704090873,light_jacket_jeans
Rain,573,12.3,1036.8,84.2,11.6,13.2,6.3,31.8,1704135359,1704098058,raincoat_umbrella
Clear,837,10.5,999.6,63.1,8.4,12.9,9.2,18.9,1704132586,1704098489,light_jacket_jeans
Drizzle,362,16.7,981.8,79.7,15.9,19.3,3.4,93.4,1704137556,1704097690,light_jacket_jeans
Drizzle,347,-3.9,987.9,98.4,-5.5,-3.1,5.4,9.7,1704140328,1704093701,winter_wet_gear
Rain,548,12.3,1029.2,78.9,10.7,15.0,11.3,70.5,1704129486,1704090287,raincoat_umbrella
Clear,852,-29.6,1005.3,53.0,-32.3,-28.2,13.8,7.0,1704128012,1704097859,extreme_cold_gear
Rain,541,17.8,1029.6,96.2,16.3,19.9,10.9,20.8,1704136688,1704098247,raincoat_umbrella
Clouds,893,17.1,985.5,59.2,16.5,18.3,14.6,91.5,1704125195,1704094059,windproof_jacket
Clouds,871,14.9,984.1,47.1,12.3,15.5,14.2,50.0,1704136511,1704094657,windproof_jacket
Clouds,823,13.3,1003.1,74.6,10.7,16.2,2.5,34.3,1704139647,1704093777,light_jacket_jeans
Rain,570,23.0,981.4,71.8,21.3,25.1,6.2,34.8,1704127535,1704094267,light_rain_jacket
Clear,816,33.5,1020.0,59.0,30.8,34.8,4.6,23.3,1704139921,1704094610,hot_summer
Clouds,840,13.6,992.5,57.3,10.8,15.6,6.6,49.8,1704127791,1704098038,light_jacket_jeans
Drizzle,315,-4.4,998.2,99.8,-5.5,-3.0,11.5,87.7,1704132190,1704095787,winter_wet_gear
Drizzle,380,-8.1,993.4,83.5,-9.0,-5.4,6.6,20.4,1704130028,1704095813,winter_wet_gear
Clouds,871,13.0,1033.9,40.8,10.2,14.1,18.1,74.9,1704130534,1704094535,windproof_jacket
Rain,517,24.6,1037.7,87.7,23.5,25.3,5.4,42.4,1704135099,1704091047,light_rain_jacket
Snow,670,-3.0,1029.1,77.6,-4.6,-0.2,10.9,80.5,1704139521,1704095009,winter_wet_gear
Clear,854,-29.7,985.7,75.4,-30.9,-28.7,0.8,25.9,1704134559,1704097916,extreme_cold_gear
Rain,587,18.2,1025.3,85.2,16.1,18.8,6.3,72.9,1704125124,1704098552,light_rain_jacket
Clear,818,-9.3,980.1,41.7,-10.2,-6.6,6.1,1.4,1704132907,1704097075,warm_winter_coat
Clear,847,-28.0,1028.6,46.2,-28.7,-25.5,5.5,14.5,1704135021,1704091701,extreme_cold_gear
Clear,825,5.0,996.7,78.6,2.3,6.1,9.5,26.5,1704140458,1704095268,medium_coat_scarf
Clouds,839,20.3,1038.3,43.6,18.8,23.0,2.9,55.9,1704130474,1704093693,tshirt_shorts
Snow,655,-6.9,1036.5,75.7,-8.9,-5.0,11.4,39.4,1704140412,1704094912,winter_wet_gear
Clear,882,24.1,984.3,50.8,23.1,27.0,10.0,1.3,1704136588,1704099375,tshirt_shorts
Rain,518,25.7,1024.9,87.6,23.7,28.0,4.8,92.6,1704139985,1704098151,light_rain_jacket
Clouds,839,26.9,1034.5,71.7,26.2,28.4,5.8,94.2,1704130729,1704089053,tshirt_shorts
Clear,811,12.4,987.4,81.6,9.5,14.0,7.8,14.0,1704129415,1704098124,light_jacket_jeans
Clear,843,-7.2,999.7,60.2,-8.3,-4.5,9.6,25.1,1704135913,1704091531,warm_winter_coat
Rain,514,24.9,1018.9,74.5,22.7,25.9,7.7,21.6,1704136839,1704095210,light_rain_jacket
Clear,879,-2.7,1034.9,59.3,-4.0,0.2,4.9,0.3,1704136029,1704094180,warm_winter_coat
Rain,508,27.0,986.1,77.2,25.8,28.7,4.6,77.4,1704138339,1704098832,light_rain_jacket
Clouds,836,11.6,992.4,63.1,10.3,14.1,10.9,41.6,1704128337,1704089341,light_jacket_jeans
Snow,613,-8.9,1003.7,78.2,-11.7,-7.8,4.5,18.9,1704142528,1704098730,winter_wet_gear
Rain,527,19.2,981.5,94.2,16.9,21.5,3.4,53.1,1704138368,1704092463,light_rain_jacket
Drizzle,391,20.6,991.1,72.3,19.7,23.3,6.3,41.4,1704138747,1704092336,light_rain_jacket
Drizzle,363,-8.8,1006.2,86.0,-9.6,-6.6,6.5,63.6,1704124852,1704097635,winter_wet_gear
Rain,597,23.8,1030.9,94.5,22.9,25.7,9.3,38.3,1704128859,1704093555,light_rain_jacket
Clear,874,27.9,988.2,53.2,27.0,29.8,5.4,16.2,1704131823,1704095806,tshirt_shorts
Clouds,845,13.8,1009.8,50.9,13.2,15.8,24.0,42.4,1704135299,1704095310,windproof_jacket
Clouds,801,13.9,993.0,61.7,13.2,14.6,16.6,21.3,1704125145,1704090600,windproof_jacket
Rain,583,11.9,999.9,84.7,11.4,14.4,7.1,89.5,1704131699,1704091531,raincoat_umbrella
Rain,502,20.0,1020.0,85.4,19.3,21.0,5.5,97.3,1704140937,1704095714,light_rain_jacket
Clear,847,-4.1,1025.6,66.6,-7.1,-2.9,3.2,4.2,1704128228,1704097843,warm_winter_coat
Rain,572,11.6,1020.8,86.9,10.5,12.8,12.8,15.3,1704129977,1704090135,raincoat_umbrella
Snow,600,-21.9,1023.7,49.7,-24.2,-20.4,19.3,51.9,1704128572,1704096995,extreme_cold_gear
Rain,561,27.3,1038.0,86.3,26.5,29.5,4.5,88.3,1704128270,1704094848,light_rain_jacket
Clear,896,38.3,1039.0,66.2,37.3,39.2,2.2,4.2,1704136577,1704098455,hot_summer
Snow,643,-1.0,986.8,66.2,-3.8,1.0,4.2,5.4,1704137066,1704090534,warm_winter_coat
Rain,566,6.7,1009.3,80.0,5.0,7.5,6.0,73.1,1704127727,1704093544,raincoat_umbrella
Clouds,840,13.8,1031.8,61.8,12.8,14.3,22.9,17.5,1704129549,1704090223,windproof_jacket
Clouds,810,3.1,1037.6,50.9,2.1,3.6,3.9,79.4,1704135222,1704096026,medium_coat_scarf
Drizzle,317,24.4,1037.8,89.3,23.0,26.1,8.1,5.8,1704130376,1704092145,light_rain_jacket
Rain,507,9.4,1003.1,89.9,8.3,11.7,13.1,91.5,1704129731,1704096745,raincoat_umbrella
Snow,640,-8.8,1022.0,42.7,-9.4,-7.4,8.7,89.0,1704131363,1704088932,warm_winter_coat
Rain,540,5.8,1023.3,93.7,4.0,6.9,8.7,80.9,1704127689,1704090328,raincoat_umbrella
Rain,524,20.7,996.0,86.2,17.8,22.6,6.0,18.9,1704138892,1704095325,light_rain_jacket
Clouds,899,24.7,1033.7,76.3,22.1,27.6,9.3,13.8,1704134135,1704092701,tshirt_shorts
Snow,694,4.7,1008.9,59.2,1.9,7.7,7.9,84.8,1704138616,1704091610,medium_coat_scarf
Clear,890,36.4,1034.7,52.3,35.1,37.1,2.9,0.6,1704137437,1704097078,hot_summer
Clear,889,-18.4,1032.2,60.2,-20.8,-17.4,19.1,16.7,1704137677,1704093261,extreme_cold_gear
Rain,517,19.0,1009.6,81.3,18.4,20.8,5.0,5.1,1704124968,1704091123,raincoat_umbrella
Clear,863,7.7,1012.1,68.5,6.2,8.2,8.7,12.4,1704127161,1704089229,medium_coat_scarf
Drizzle,356,19.6,1039.9,64.9,18.1,21.0,5.6,53.2,1704134020,1704090905,light_jacket_jeans
Snow,630,-18.2,987.5,61.2,-19.8,-17.2,1.9,81.5,1704129532,1704089800,extreme_cold_gear
Drizzle,312,17.4,994.5,84.0,16.1,18.7,8.0,32.8,1704134354,1704096068,light_jacket_jeans
Clouds,875,21.7,1025.4,54.0,20.6,23.6,7.4,66.7,1704133516,1704094963,tshirt_shorts
Clear,888,10.4,992.2,64.3,8.2,11.6,9.2,19.4,1704137127,1704095286,light_jacket_jeans
Clear,896,34.5,1002.4,64.0,32.5,35.5,3.8,14.8,1704136935,1704098529,hot_summer
Rain,546,27.3,1004.2,89.1,25.3,28.7,5.8,38.6,1704135651,1704091242,light_rain_jacket
Clouds,877,17.9,998.8,48.3,17.1,19.8,22.2,31.3,1704127471,1704091444,windproof_jacket
Drizzle,322,26.9,1002.1,71.1,25.4,27.6,4.2,1.2,1704124879,1704094388,light_rain_jacket
Clear,883,-16.5,1012.5,37.4,-17.9,-13.6,19.7,0.8,1704127520,1704098544,extreme_cold_gear
Snow,639,-5.0,986.7,76.2,-6.1,-2.2,14.2,70.4,1704127321,1704090965,winter_wet_gear
Snow,644,-2.0,1012.8,70.0,-3.9,-0.1,10.2,63.4,1704128566,1704098359,warm_winter_coat
Drizzle,379,12.1,1028.6,66.1,9.7,13.5,6.6,82.5,1704131090,1704089577,light_jacket_jeans
Clear,872,-6.9,1025.4,56.6,-8.7,-5.3,6.7,12.8,1704134806,1704097038,warm_winter_coat
Snow,684,-21.1,1014.6,44.9,-23.1,-19.0,5.9,89.5,1704138485,1704096866,extreme_cold_gear
Snow,649,-27.5,1018.3,66.2,-28.7,-25.0,14.9,91.8,1704126020,1704090807,extreme_cold_gear
Clear,863,-12.4,1023.8,63.4,-14.8,-10.4,16.9,9.0,1704138954,1704089096,extreme_cold_gear
Clear,819,31.3,996.4,42.6,29.6,34.1,0.9,6.3,1704137764,1704089928,hot_summer
Clouds,802,16.9,1009.4,76.8,14.5,19.5,4.1,8.9,1704139496,1704089968,light_jacket_jeans
Clear,850,5.8,1016.6,74.7,3.3,6.9,2.4,0.2,1704135633,1704096585,medium_coat_scarf
Clear,881,-0.3,981.7,56.7,-2.2,0.2,2.4,23.2,1704141252,1704092931,warm_winter_coat
Clear,805,34.5,1039.1,36.7,33.5,37.2,6.1,28.4,1704132969,1704096408,hot_summer
Drizzle,360,-8.7,987.1,94.0,-9.7,-7.8,9.2,61.6,1704142157,1704093631,winter_wet_gear
Rain,540,14.9,1012.9,77.4,14.2,17.3,3.3,22.4,1704139132,1704094178,raincoat_umbrella
Clouds,869,5.1,982.2,78.6,4.1,7.2,3.9,13.8,1704131666,1704090755,medium_coat_scarf
Clouds,831,16.1,982.5,54.7,15.0,16.7,4.5,7.3,1704136589,1704091450,light_jacket_jeans
Clear,822,-13.7,1013.1,37.8,-14.6,-12.1,18.9,27.8,1704132210,1704093452,extreme_cold_gear
Rain,578,18.8,992.2,80.6,18.0,21.3,4.4,17.0,1704131793,1704094151,raincoat_umbrella
Clear,838,27.9,990.8,72.3,24.9,30.0,4.6,19.4,1704125111,1704089186,tshirt_shorts
Snow,692,-0.4,1011.7,87.5,-1.7,1.8,8.1,3.3,1704135037,1704099240,winter_wet_gear
Clear,808,27.4,992.0,58.7,25.1,29.5,2.3,12.8,1704129881,1704096237,tshirt_shorts
Rain,537,25.2,1012.9,91.2,23.6,26.2,5.3,30.7,1704133654,1704097006,light_rain_jacket
Clear,873,-10.7,1002.7,64.7,-12.5,-9.5,4.9,15.5,1704130189,1704091493,extreme_cold_gear
Drizzle,340,20.3,1031.5,78.5,19.0,21.8,4.5,4.8,1704139001,1704095483,light_rain_jacket
Drizzle,325,27.9,998.8,86.1,25.9,29.1,2.4,88.6,1704138970,1704098957,light_rain_jacket
Clouds,859,15.2,983.8,60.0,14.1,17.3,14.9,94.9,1704130204,1704097747,windproof_jacket
Clouds,820,15.5,1014.2,47.6,13.0,17.9,13.6,36.0,1704125106,1704091785,windproof_jacket
Clouds,866,17.1,1022.7,45.3,15.4,18.0,17.1,81.5,1704132341,1704091725,windproof_jacket
Clear,818,7.2,981.8,75.3,4.2,9.2,8.8,18.7,1704140596,1704090649,medium_coat_scarf
Rain,552,13.8,1012.7,99.8,12.9,15.6,9.7,4.0,1704140578,1704099439,raincoat_umbrella
Clouds,890,21.0,1018.9,72.2,20.0,23.7,3.7,72.5,1704132517,1704095455,tshirt_shorts
Snow,675,-15.5,1024.6,47.6,-17.8,-13.1,17.5,60.1,1704131960,1704094492,extreme_cold_gear
Rain,550,20.0,1002.3,75.7,17.1,20.9,8.4,11.2,1704131250,1704090422,light_rain_jacket
Clear,815,26.5,1000.8,72.1,23.7,27.5,9.9,18.0,1704138389,1704096550,tshirt_shorts
Clear,865,-14.7,1020.7,45.3,-15.3,-13.8,4.6,27.3,1704141500,1704091561,extreme_cold_gear
Clouds,845,9.7,1001.4,65.9,7.3,11.6,6.1,53.7,1704133304,1704095725,medium_coat_scarf
Drizzle,390,21.4,998.7,93.3,20.3,22.8,9.8,64.5,1704133821,1704097357,light_rain_jacket
Clear,877,30.7,1038.2,68.5,28.0,32.5,0.1,1.3,1704126128,1704099524,hot_summer
Snow,602,-12.6,1022.7,65.5,-14.7,-11.3,3.1,15.9,1704128876,1704089409,extreme_cold_gear
Drizzle,395,-7.2,981.3,85.2,-7.8,-5.2,14.6,14.7,1704132972,1704088939,winter_wet_gear
Clear,876,34.2,988.4,49.6,32.9,36.4,5.3,0.9,1704136921,1704090980,hot_summer
Snow,605,-7.4,1033.1,74.4,-10.1,-4.5,10.5,13.0,1704126444,1704097645,warm_winter_coat
Clouds,816,26.7,984.2,58.0,24.2,27.8,6.9,86.0,1704125027,1704097094,tshirt_shorts
Clear,864,26.5,1008.5,43.4,25.6,27.5,1.8,19.6,1704129096,1704091008,tshirt_shorts
Snow,692,-23.8,988.8,59.9,-24.4,-22.8,1.0,94.7,1704137377,1704090299,extreme_cold_gear
Clear,819,-19.7,1005.9,69.9,-20.9,-18.0,6.8,10.0,1704140411,1704096855,extreme_cold_gear
Snow,627,1.0,1028.1,64.8,-1.5,2.6,2.3,95.8,1704125459,1704088825,medium_coat_scarf
Clear,814,5.3,1010.9,78.4,3.7,6.4,4.7,13.5,1704133744,1704093362,medium_coat_scarf
Clouds,859,3.2,999.8,79.4,0.9,4.5,8.8,30.8,1704142434,1704091515,medium_coat_scarf
Drizzle,324,-7.6,989.3,84.2,-10.1,-5.0,7.1,35.0,1704137017,1704095073,winter_wet_gear
Rain,533,14.3,1021.4,86.0,12.6,16.6,12.7,11.1,1704139064,1704089739,raincoat_umbrella
Snow,680,-21.2,1012.1,63.3,-22.8,-20.5,0.1,2.0,1704130456,1704094871,extreme_cold_gear
Snow,655,9.1,985.9,61.9,8.0,12.0,2.8,85.9,1704133457,1704091476,medium_coat_scarf
Drizzle,316,14.1,982.1,69.4,11.3,15.0,4.5,83.6,1704138140,1704097300,light_jacket_jeans
Clear,814,39.9,1019.6,31.0,39.1,42.7,4.8,20.6,1704136009,1704090756,hot_summer
Drizzle,389,-1.7,1008.9,80.7,-2.3,0.5,9.2,43.2,1704139569,1704088937,winter_wet_gear
Drizzle,375,-8.9,995.8,98.4,-11.0,-6.5,3.7,33.5,1704138281,1704095330,winter_wet_gear
Rain,561,14.9,991.9,98.0,14.0,16.5,14.9,81.1,1704136020,1704089882,raincoat_umbrella
Clouds,878,22.2,1025.4,42.6,21.7,23.9,7.8,81.4,1704127597,1704096412,tshirt_shorts
Clouds,864,10.8,1006.6,57.1,9.2,12.4,8.6,29.1,1704126662,1704098633,light_jacket_jeans
Snow,678,-7.1,1018.4,93.6,-8.1,-6.6,6.5,29.2,1704128751,1704099541,winter_wet_gear
Snow,609,-1.1,982.7,92.0,-3.4,0.1,5.4,49.7,1704126155,1704090622,winter_wet_gear
Drizzle,363,18.3,1031.4,92.8,16.6,19.8,9.2,37.8,1704134184,1704099033,light_rain_jacket
Rain,550,10.3,1015.8,86.7,8.7,11.9,3.8,35.6,1704135104,1704095630,raincoat_umbrella
Clouds,860,15.0,1018.6,66.5,13.9,16.6,22.0,51.2,1704141612,1704091963,windproof_jacket
Clear,829,31.9,981.2,38.4,30.1,34.7,3.9,20.1,1704139273,1704090575,hot_summer
Clear,876,22.2,1020.2,70.9,20.8,24.8,0.2,14.1,1704125201,1704098026,tshirt_shorts
Clouds,871,16.9,1017.5,56.7,15.2,19.4,6.2,87.3,1704132261,1704097256,light_jacket_jeans
Clouds,860,10.6,1027.5,65.3,7.8,11.9,11.1,30.5,1704142693,1704089583,light_jacket_jeans
Snow,686,4.2,1007.1,75.3,3.3,7.2,5.8,31.9,1704130412,1704089077,medium_coat_scarf
Snow,664,-4.8,1008.0,48.4,-5.6,-3.2,7.1,47.2,1704132179,1704097077,warm_winter_coat
Clouds,812,3.4,991.7,62.8,0.4,6.1,7.2,1.0,1704133502,1704092042,medium_coat_scarf
Drizzle,344,18.8,1007.4,54.4,17.2,20.2,6.9,0.8,1704141689,1704096033,light_jacket_jeans
Snow,678,-15.1,1018.3,34.4,-16.0,-13.3,5.9,49.8,1704135346,1704092479,extreme_cold_gear
Clouds,829,2.1,1021.4,77.8,1.4,2.7,2.0,88.6,1704139019,1704092398,medium_coat_scarf
Clear,840,23.3,985.5,58.9,21.8,26.0,0.3,20.6,1704124945,1704096302,tshirt_shorts
Clouds,893,9.8,1002.2,54.2,7.6,12.6,17.1,83.1,1704129700,1704093609,windproof_jacket
Snow,680,8.9,1005.0,54.3,6.2,11.9,8.1,80.3,1704139133,1704089536,medium_coat_scarf
Clouds,828,8.6,1005.4,43.5,8.0,10.4,12.8,53.3,1704138725,1704093052,windproof_jacket
Drizzle,338,17.0,1005.8,64.5,14.3,17.9,8.0,46.5,1704124849,1704089919,light_jacket_jeans
Drizzle,394,-8.7,992.4,88.6,-10.2,-6.3,6.7,64.8,1704126676,1704095134,winter_wet_gear
Drizzle,306,20.9,1036.6,70.8,19.9,21.8,2.2,94.5,1704128962,1704088995,light_rain_jacket
Rain,557,23.5,1009.2,92.2,20.9,24.0,9.2,2.5,1704125156,1704093965,light_rain_jacket
Clear,807,36.3,989.9,39.2,34.0,38.7,0.9,0.1,1704127704,1704094361,hot_summer
Rain,587,25.4,1025.7,88.2,24.3,26.2,8.6,75.8,1704126575,1704097026,light_rain_jacket
Snow,636,-5.4,990.8,81.1,-6.2,-4.2,5.7,55.4,1704129746,1704094528,winter_wet_gear
Clear,807,-15.9,983.5,57.0,-17.7,-15.3,17.0,18.0,1704135710,1704088937,extreme_cold_gear
Clouds,858,18.8,1012.1,72.5,16.1,20.6,10.9,27.7,1704125523,1704098586,light_jacket_jeans
Drizzle,382,18.7,1024.4,87.9,17.0,19.4,9.9,84.4,1704129417,1704096647,light_rain_jacket
Drizzle,326,17.5,993.7,80.6,16.1,18.8,10.8,89.6,1704130284,1704096648,light_jacket_jeans
Snow,647,-16.7,1027.1,56.1,-18.0,-13.7,8.7,17.7,1704133773,1704094974,extreme_cold_gear
Clouds,880,12.9,1020.9,47.2,12.2,13.5,18.6,46.0,1704127504,1704092341,windproof_jacket
Clear,864,37.9,1035.4,35.3,35.9,40.3,6.9,14.6,1704133846,1704090688,hot_summer
Snow,668,2.4,1031.3,72.6,0.0,3.0,8.0,95.4,1704138117,1704089025,medium_coat_scarf
Rain,560,12.1,1038.7,83.0,10.8,14.1,14.7,32.0,1704128635,1704093976,raincoat_umbrella
Rain,542,17.7,1031.3,83.4,16.2,20.0,12.7,27.1,1704138399,1704089869,raincoat_umbrella
Clear,814,-3.3,1029.0,41.3,-3.9,-0.8,6.3,15.9,1704140133,1704098966,warm_winter_coat
Clear,857,26.5,1033.2,79.4,25.3,29.3,0.5,16.9,1704130770,1704094020,tshirt_shorts
Snow,693,-2.2,1010.3,47.6,-4.5,-1.6,5.8,16.9,1704128438,1704095127,warm_winter_coat
Clear,833,28.9,1000.6,47.7,26.1,29.9,2.1,25.0,1704141515,1704092823,hot_summer
Rain,558,27.8,981.5,84.1,26.5,29.9,9.0,12.3,1704128448,1704093650,light_rain_jacket
Clouds,849,11.0,1003.5,65.3,8.6,11.6,22.8,32.9,1704132832,1704098087,windproof_jacket
Rain,501,16.5,1026.4,86.9,15.6,18.6,5.6,32.0,1704142284,1704089776,raincoat_umbrella
Rain,576,8.4,1030.8,75.2,7.7,10.8,12.4,76.8,1704126700,1704089294,raincoat_umbrella
Rain,590,17.0,1016.7,81.8,16.4,18.1,12.8,37.3,1704139523,1704098401,raincoat_umbrella
Clouds,882,18.5,982.7,84.6,17.0,19.3,2.7,15.0,1704125216,1704098203,light_jacket_jeans
Snow,612,-28.8,1031.0,43.0,-29.5,-27.7,19.6,92.7,1704139598,1704089482,extreme_cold_gear
Clear,813,-1.7,981.7,65.9,-4.0,1.2,3.1,14.6,1704140883,1704097913,warm_winter_coat
Clear,875,39.2,1017.0,45.9,37.8,40.9,0.7,3.4,1704133683,1704098241,hot_summer
Drizzle,324,-1.8,1016.4,87.9,-4.1,0.8,14.7,6.5,1704137027,1704090256,winter_wet_gear
Clear,899,39.5,997.8,59.5,37.0,41.6,2.8,10.5,1704127933,1704090800,hot_summer
Clouds,849,15.9,984.7,61.6,13.6,18.8,6.6,35.7,1704134803,1704099201,light_jacket_jeans
Clouds,861,8.8,992.0,44.1,7.7,10.0,15.3,21.4,1704129801,1704090156,windproof_jacket
Clear,858,22.2,1036.0,47.8,21.2,23.3,1.3,4.3,1704138402,1704098876,tshirt_shorts
Clouds,801,12.5,989.4,52.2,9.9,14.4,13.9,79.8,1704141588,1704091987,windproof_jacket
Clouds,809,2.5,983.3,76.2,0.7,3.1,8.0,32.0,1704131720,1704096178,medium_coat_scarf
Drizzle,368,-4.8,1018.6,94.6,-7.5,-3.6,14.9,27.8,1704126130,1704091612,winter_wet_gear
Snow,650,-8.9,989.1,60.4,-9.8,-7.0,6.3,88.7,1704132323,1704092236,warm_winter_coat
Clouds,873,21.4,1032.4,46.3,20.5,23.8,6.4,40.9,1704140650,1704097790,tshirt_shorts
Clear,871,31.9,1031.0,59.9,30.0,32.6,5.2,19.7,1704129573,1704092771,hot_summer
Rain,578,10.2,994.4,96.8,9.4,12.9,9.1,38.5,1704142447,1704093208,raincoat_umbrella
Clear,890,20.1,1014.4,50.6,18.0,21.7,5.1,27.8,1704138927,1704098847,tshirt_shorts
Clouds,893,16.5,1022.4,52.0,15.1,18.8,19.2,5.8,1704125760,1704096193,windproof_jacket
Clear,881,15.3,1023.0,76.7,12.4,16.7,5.6,17.3,1704139571,1704098533,light_jacket_jeans
Snow,658,-7.3,1023.4,45.7,-7.9,-4.8,6.6,55.1,1704132726,1704098861,warm_winter_coat
Rain,562,16.5,1008.9,99.2,14.3,19.0,14.2,75.5,1704127558,1704097307,raincoat_umbrella
Rain,529,19.5,1028.2,90.7,18.4,21.7,8.0,29.5,1704127246,1704093017,raincoat_umbrella
Snow,687,-19.3,1005.5,73.5,-21.0,-18.7,3.1,52.8,1704127564,1704090396,extreme_cold_gear
Drizzle,314,17.4,992.6,71.1,16.8,18.1,8.5,32.6,1704125978,1704091662,light_jacket_jeans
Clear,885,16.0,980.2,68.4,14.2,17.0,10.9,8.5,1704136456,1704098604,light_jacket_jeans
Drizzle,372,-0.5,980.1,99.0,-2.3,1.8,2.9,96.0,1704132596,1704098656,winter_wet_gear
Rain,537,14.1,984.4,94.0,12.0,15.1,8.1,35.0,1704130075,1704090402,raincoat_umbrella
Clouds,812,9.0,1006.3,60.2,6.1,10.1,23.6,69.1,1704130114,1704097660,windproof_jacket
Clouds,820,25.6,1020.0,68.6,22.9,27.6,7.3,87.1,1704136348,1704093442,tshirt_shorts
Clear,870,34.6,1030.2,54.8,33.8,37.2,5.3,6.5,1704142345,1704090491,hot_summer
Snow,687,-13.1,1007.8,41.8,-14.0,-11.2,5.0,47.2,1704133520,1704096314,extreme_cold_gear
Rain,590,14.8,1010.3,82.2,13.6,15.7,10.3,21.7,1704135945,1704089411,raincoat_umbrella
Clouds,884,8.3,985.8,72.5,7.0,10.7,5.0,45.0,1704132924,1704089843,medium_coat_scarf
Clouds,835,27.1,982.4,54.7,25.6,28.0,7.1,38.6,1704127200,1704089049,tshirt_shorts
Clouds,877,28.7,1023.7,40.7,26.3,31.0,5.5,62.2,1704139587,1704096273,tshirt_shorts
Clear,892,33.6,1031.8,69.2,32.1,34.8,3.9,17.7,1704138512,1704090994,hot_summer
Snow,601,-1.8,1005.4,76.5,-2.5,-0.3,12.6,56.1,1704136850,1704093497,winter_wet_gear
Clear,867,-7.0,999.0,49.1,-9.6,-5.0,3.3,29.0,1704125065,1704097445,warm_winter_coat
Drizzle,335,22.0,1040.0,71.6,20.8,22.9,5.2,26.1,1704135145,1704091733,light_rain_jacket
Clouds,877,13.2,1024.2,76.7,12.1,14.0,6.6,15.6,1704130133,1704098143,light_jacket_jeans
Rain,576,16.4,1002.6,93.5,13.8,17.5,13.2,34.5,1704128297,1704093780,raincoat_umbrella
Rain,533,8.4,1011.0,96.3,6.5,11.0,12.0,51.2,1704140212,1704096816,raincoat_umbrella
Clouds,839,10.5,1037.5,66.7,9.0,12.8,19.9,34.0,1704134301,1704095041,windproof_jacket
Drizzle,384,19.8,985.1,73.8,18.0,20.6,6.7,20.8,1704141122,1704091481,light_rain_jacket
Snow,699,-27.6,1001.0,76.8,-30.3,-27.0,4.5,97.9,1704139539,1704089306,extreme_cold_gear
Clouds,829,15.6,1033.3,64.8,12.7,16.4,19.7,49.7,1704136345,1704097539,windproof_jacket
Snow,647,-4.6,985.5,66.8,-7.1,-1.7,4.8,59.7,1704138234,1704089774,warm_winter_coat
Clear,856,24.7,1026.4,72.0,22.2,25.9,5.8,10.0,1704128652,1704094697,tshirt_shorts
Clouds,887,11.3,1039.8,81.2,9.6,12.4,9.7,25.4,1704126877,1704095526,light_jacket_jeans
Clouds,847,19.5,989.4,52.6,18.0,22.0,2.4,64.1,1704128335,1704089576,light_jacket_jeans
Snow,654,-7.6,1024.2,56.0,-9.8,-4.7,3.8,81.5,1704142435,1704093725,warm_winter_coat
Clear,888,35.8,994.9,68.2,33.0,38.1,0.0,27.8,1704126446,1704097070,hot_summer
Snow,649,-7.0,983.2,47.8,-7.7,-6.4,5.5,30.2,1704137546,1704094754,warm_winter_coat
Drizzle,389,17.9,1014.7,52.8,17.0,20.9,10.9,95.1,1704135014,1704095758,light_jacket_jeans
Snow,602,-25.6,1022.0,70.7,-28.1,-23.0,15.1,67.5,1704135778,1704098500,extreme_cold_gear
Clear,845,1.0,1018.7,58.7,-0.2,3.1,6.3,21.4,1704124979,1704090071,medium_coat_scarf
Clouds,839,9.0,1023.9,64.2,8.1,10.8,19.9,97.8,1704132605,1704096936,windproof_jacket
Rain,529,16.5,1017.4,77.5,13.9,18.6,9.7,20.7,1704133759,1704095773,raincoat_umbrella
Clear,835,2.1,997.8,52.6,1.0,3.7,3.0,8.4,1704126606,1704098044,medium_coat_scarf
Clear,811,11.3,1024.8,72.2,9.2,13.8,8.6,21.6,1704129494,1704095010,light_jacket_jeans
Clear,851,36.4,983.9,43.6,34.5,38.8,5.8,9.5,1704136066,1704092242,hot_summer
Clear,850,22.4,1031.4,70.4,20.3,24.7,5.6,26.8,1704131719,1704094731,tshirt_shorts
Clear,833,-28.3,999.9,53.5,-29.6,-25.5,2.8,5.1,1704127289,1704096936,extreme_cold_gear
Rain,556,17.6,1025.6,98.8,17.0,18.9,9.0,52.5,1704142599,1704089744,raincoat_umbrella
Clouds,833,16.3,993.0,60.5,14.9,17.7,18.2,84.7,1704142360,1704098692,windproof_jacket
Clear,825,0.8,1012.2,70.3,-1.8,2.1,3.9,23.0,1704140073,1704091362,medium_coat_scarf
Clear,875,30.1,1017.7,51.2,27.9,31.3,2.3,3.5,1704127084,1704088802,hot_summer
Drizzle,366,17.9,983.3,64.5,15.4,20.6,7.9,98.6,1704128148,1704096298,light_jacket_jeans
Rain,546,5.5,982.4,82.9,4.3,6.8,3.3,8.0,1704132088,1704093124,raincoat_umbrella
Snow,695,-3.9,1012.5,95.1,-5.7,-1.4,9.7,53.1,1704128679,1704095738,winter_wet_gear
Clouds,868,1.4,995.8,67.2,0.6,4.4,5.7,2.8,1704126947,1704098966,medium_coat_scarf
Clear,871,-16.7,991.3,47.0,-17.6,-14.3,1.2,13.5,1704127263,1704097317,extreme_cold_gear
Clouds,805,8.9,1012.5,61.8,6.9,9.6,21.9,59.0,1704133412,1704096013,windproof_jacket
Snow,659,-1.3,1027.9,82.1,-3.9,0.4,6.5,37.3,1704134895,1704094946,winter_wet_gear
Rain,522,17.0,1026.8,89.0,16.2,19.5,11.2,40.9,1704139684,1704093700,raincoat_umbrella
Clear,805,2.0,992.5,79.3,-0.0,3.8,5.0,10.9,1704136713,1704095659,medium_coat_scarf
Drizzle,385,18.9,1017.2,94.0,17.5,19.7,8.0,20.5,1704139569,1704094590,light_rain_jacket
Rain,548,16.7,999.0,87.5,14.4,17.6,12.4,51.6,1704136536,1704091755,raincoat_umbrella
Rain,500,11.5,1024.2,80.9,10.9,14.3,12.0,2.2,1704133909,1704098399,raincoat_umbrella
Snow,637,-7.4,1039.4,85.9,-7.9,-6.5,6.0,18.3,1704137290,1704098428,winter_wet_gear
Drizzle,311,-7.0,990.8,84.4,-9.9,-5.2,7.3,38.1,1704126086,1704099088,winter_wet_gear
Clouds,842,15.3,989.0,61.6,13.4,17.9,13.3,78.8,1704125351,1704090795,windproof_jacket
Clear,809,26.7,1012.5,77.6,25.0,28.6,7.4,28.0,1704132179,1704095237,tshirt_shorts
Drizzle,326,-5.8,987.9,83.1,-7.2,-4.3,14.0,35.8,1704140088,1704097962,winter_wet_gear
Snow,690,-1.7,1029.0,46.0,-3.6,-0.8,8.4,55.8,1704127509,1704093273,warm_winter_coat
Drizzle,360,18.3,993.5,79.0,16.0,21.2,4.1,18.0,1704125683,1704092955,light_rain_jacket
Rain,587,15.0,1028.2,99.0,14.3,16.0,11.4,42.3,1704133677,1704099412,raincoat_umbrella
Clouds,851,28.7,984.3,69.9,27.2,31.1,2.2,71.6,1704131028,1704093609,tshirt_shorts
Snow,606,-8.0,1016.8,73.9,-10.1,-6.6,4.4,72.7,1704139883,1704093448,warm_winter_coat
Snow,635,-9.3,1029.2,89.0,-10.8,-6.8,10.4,6.6,1704126125,1704097097,winter_wet_gear
Clouds,810,15.8,1027.0,68.3,13.4,18.2,17.5,21.3,1704140096,1704096538,windproof_jacket
Clouds,852,15.8,994.4,66.3,13.2,17.6,16.8,76.8,1704142211,1704098476,windproof_jacket
Rain,543,25.6,1010.5,84.1,23.3,26.2,7.3,74.1,1704136136,1704095623,light_rain_jacket
Snow,655,-4.1,1036.5,92.2,-6.9,-2.5,8.1,72.9,1704135457,1704088960,winter_wet_gear
Clouds,841,10.8,997.6,45.9,10.0,13.3,15.6,74.0,1704131722,1704094452,windproof_jacket
Drizzle,385,19.0,1018.1,74.8,18.1,19.6,11.7,96.4,1704142502,1704095054,light_jacket_jeans
Snow,606,-0.7,1027.1,85.9,-1.7,1.9,2.7,78.7,1704127525,1704090501,winter_wet_gear
Drizzle,388,19.4,980.3,84.9,17.8,20.6,5.0,76.7,1704132991,1704096506,light_rain_jacket
Rain,539,22.0,982.8,94.2,20.1,22.9,7.6,33.1,1704126227,1704088827,light_rain_jacket
Clear,840,35.6,982.5,37.9,33.7,38.3,1.7,9.7,1704132637,1704096002,hot_summer
Drizzle,324,-1.3,988.5,80.9,-2.5,-0.4,13.8,29.8,1704132226,1704098226,winter_wet_gear
Rain,596,26.1,989.6,85.6,25.4,27.2,8.9,38.1,1704140902,1704093061,light_rain_jacket
Clouds,889,25.1,982.3,43.4,23.3,26.5,9.7,75.4,1704135999,1704089511,tshirt_shorts
Clear,826,-4.2,1032.9,60.7,-6.8,-3.7,11.0,21.6,1704133054,1704088967,warm_winter_coat
Snow,610,-6.4,1022.8,56.0,-8.6,-4.0,6.1,73.1,1704133886,1704088889,warm_winter_coat
Clouds,888,22.4,1032.8,56.9,20.8,24.2,9.2,45.7,1704125739,1704091429,tshirt_shorts
Snow,674,0.4,1005.2,61.6,-0.2,2.5,9.1,44.1,1704130048,1704098913,medium_coat_scarf
Rain,599,18.0,1024.3,87.6,15.7,20.4,6.3,89.4,1704129997,1704091850,raincoat_umbrella
Rain,578,12.8,1012.5,79.6,11.8,13.4,4.3,37.5,1704135574,1704094919,raincoat_umbrella
Clear,861,-1.5,1037.7,48.9,-2.4,1.2,6.2,13.8,1704130997,1704094147,warm_winter_coat
Rain,582,15.4,1004.1,75.1,13.6,17.5,9.6,30.3,1704139795,1704099225,raincoat_umbrella
Rain,565,6.5,993.0,88.7,3.9,7.4,10.0,39.2,1704141589,1704093492,raincoat_umbrella
Clear,868,26.8,1019.4,59.5,24.5,29.4,0.4,25.3,1704140799,1704090965,tshirt_shorts
Clear,859,25.5,992.1,64.1,24.2,27.3,10.0,15.7,1704125657,1704091306,tshirt_shorts
Clear,842,38.7,981.5,43.8,36.6,40.0,1.2,19.4,1704132173,1704089574,hot_summer
Rain,597,22.7,994.6,91.4,22.0,23.5,10.0,47.4,1704134585,1704098834,light_rain_jacket
Clear,841,26.8,1036.5,67.2,26.2,28.5,6.7,24.7,1704130382,1704093097,tshirt_shorts
Rain,541,14.1,1004.3,83.3,13.6,16.8,8.0,8.7,1704132469,1704091152,raincoat_umbrella
Snow,686,0.9,985.3,66.6,-2.0,3.3,8.6,41.9,1704129933,1704090934,medium_coat_scarf
Drizzle,374,18.7,1029.9,81.8,15.8,20.6,4.2,70.9,1704135553,1704089719,light_jacket_jeans
Rain,572,17.7,987.2,75.3,16.2,19.9,13.4,72.1,1704127741,1704095584,raincoat_umbrella
Clear,812,26.4,993.3,58.5,24.9,29.4,3.1,6.4,1704128349,1704088809,tshirt_shorts
Snow,611,-3.1,1035.5,46.6,-5.6,-1.2,2.4,64.3,1704131579,1704090471,warm_winter_coat
Clouds,850,18.0,982.3,84.1,15.6,19.9,5.5,3.7,1704137354,1704097262,light_jacket_jeans
Clear,824,29.2,1026.7,54.9,28.3,30.7,3.6,6.6,1704137587,1704098807,hot_summer
Snow,655,2.4,994.5,64.5,1.2,3.2,8.5,66.0,1704136198,1704098987,medium_coat_scarf
Clear,848,22.5,995.4,57.3,22.0,23.0,6.3,1.6,1704126786,1704088890,tshirt_shorts
Snow,631,-18.0,1021.1,56.7,-19.3,-15.5,4.8,99.5,1704133579,1704091944,extreme_cold_gear
Clear,829,35.6,1021.8,52.1,32.8,38.2,0.1,11.3,1704129339,1704095147,hot_summer
Snow,619,-1.7,1001.6,50.6,-2.8,-0.6,2.5,77.9,1704142557,1704090393,warm_winter_coat
Clouds,848,17.4,1028.7,51.7,16.1,19.5,2.5,43.4,1704128421,1704096380,light_jacket_jeans
Snow,658,-17.0,1033.8,55.1,-19.0,-15.6,5.0,23.1,1704135965,1704097721,extreme_cold_gear
Rain,543,24.5,1026.6,73.8,22.5,26.3,9.3,41.9,1704140282,1704095088,light_rain_jacket
Clouds,899,26.8,998.6,62.5,24.6,29.8,1.6,90.0,1704141755,1704097083,tshirt_shorts
Clouds,838,10.9,1023.8,52.0,9.5,12.3,10.5,69.9,1704125948,1704099147,light_jacket_jeans
Snow,668,-1.8,981.3,46.1,-4.6,-0.0,8.3,0.7,1704139104,1704092203,warm_winter_coat
Clear,800,-22.2,1031.9,68.0,-23.5,-20.8,13.2,22.5,1704130383,1704095795,extreme_cold_gear
Snow,666,-1.2,985.6,64.1,-3.1,-0.4,11.7,70.9,1704139191,1704095910,warm_winter_coat
Snow,603,-7.3,1000.6,89.1,-9.0,-4.9,12.2,55.5,1704135004,1704093969,winter_wet_gear
Snow,601,5.0,1004.7,70.2,3.1,5.9,5.0,30.0,1704134689,1704096546,medium_coat_scarf
Rain,589,26.5,994.4,93.3,24.3,28.4,9.5,12.8,1704137120,1704092336,light_rain_jacket
Clouds,851,12.0,1012.2,65.0,9.1,14.6,9.0,1.9,1704135896,1704091613,light_jacket_jeans
Clouds,829,27.9,1017.8,46.7,26.6,28.7,0.3,97.6,1704141114,1704094960,tshirt_shorts
Drizzle,397,20.3,1014.3,89.3,18.6,21.5,7.2,82.5,1704142027,1704095503,light_rain_jacket
Snow,672,-2.8,989.9,55.2,-3.5,-0.9,9.6,50.1,1704142080,1704090624,warm_winter_coat
Clear,818,27.5,1022.6,45.1,26.2,29.1,1.0,6.3,1704137554,1704093652,tshirt_shorts
Drizzle,301,-3.1,1032.0,75.2,-5.5,-0.6,11.1,11.5,1704137617,1704091782,winter_wet_gear
Clouds,864,26.2,1032.9,71.5,23.6,28.0,3.3,61.5,1704134563,1704091159,tshirt_shorts
Clear,840,-12.1,1022.2,40.2,-14.3,-10.5,17.9,24.9,1704138013,1704092380,extreme_cold_gear
Clouds,844,22.3,1022.7,45.2,20.5,24.0,9.5,74.2,1704134877,1704089988,tshirt_shorts
Snow,653,-20.9,1023.3,77.5,-22.7,-19.7,4.8,65.6,1704127977,1704090491,extreme_cold_gear
Clear,806,29.0,1033.5,30.8,27.6,29.8,1.3,7.2,1704134146,1704091201,hot_summer
Clear,854,37.3,1017.6,63.8,36.7,40.1,6.1,3.9,1704139137,1704095459,hot_summer
Clear,851,35.1,1037.8,30.4,32.9,36.4,3.7,15.6,1704138712,1704097159,hot_summer
Clouds,885,27.9,1015.8,76.7,25.0,30.5,3.9,50.1,1704129378,1704098646,tshirt_shorts
Drizzle,363,21.9,1025.2,79.5,21.2,23.4,3.2,60.0,1704132942,1704098558,light_rain_jacket
Clear,853,39.1,1011.7,67.2,36.1,42.1,2.7,6.3,1704139279,1704095814,hot_summer
Drizzle,308,-4.9,1015.6,84.8,-6.5,-3.9,3.5,21.4,1704130884,1704098061,winter_wet_gear
Snow,617,7.5,992.5,58.2,4.5,8.9,7.3,24.3,1704139921,1704096680,medium_coat_scarf
Clouds,849,13.2,985.3,62.1,12.2,13.9,18.5,74.1,1704126142,1704093963,windproof_jacket
Rain,566,13.0,1005.4,87.0,12.2,15.1,12.7,80.2,1704140983,1704096387,raincoat_umbrella
Clouds,847,28.5,1005.2,64.6,25.6,31.2,2.9,70.7,1704142767,1704092498,tshirt_shorts
Snow,607,-2.0,993.4,56.1,-4.3,-1.0,1.4,78.5,1704130113,1704089210,warm_winter_coat
Rain,538,21.5,1039.2,94.8,19.9,24.2,2.2,24.6,1704128846,1704091438,light_rain_jacket
Clear,862,31.8,1035.4,40.1,29.2,33.5,7.6,13.7,1704127621,1704093383,hot_summer
Clouds,864,10.6,1002.3,79.1,8.9,11.6,3.7,60.0,1704127018,1704090318,light_jacket_jeans
Drizzle,375,21.3,996.0,84.8,19.0,22.3,7.9,94.8,1704137334,1704096638,light_rain_jacket
Snow,697,-9.1,985.7,47.5,-11.3,-7.7,5.5,84.1,1704128295,1704090424,warm_winter_coat
Snow,631,-10.2,1001.5,70.2,-12.4,-9.5,6.0,61.8,1704128448,1704092511,extreme_cold_gear
Drizzle,335,19.7,982.0,70.9,18.7,22.1,2.1,14.7,1704142244,1704091205,light_jacket_jeans
Clouds,869,27.8,1031.9,49.4,25.3,29.3,7.5,87.9,1704131632,1704099403,tshirt_shorts
Snow,600,-8.2,1027.7,67.7,-10.1,-7.4,8.8,43.3,1704133563,1704096226,warm_winter_coat
Rain,524,10.8,993.1,98.5,10.1,13.5,6.3,21.4,1704141981,1704099382,raincoat_umbrella
Rain,523,9.9,991.9,76.8,8.5,11.6,13.7,75.7,1704137335,1704091945,raincoat_umbrella
Clouds,813,11.8,1035.9,64.2,9.3,14.8,15.8,95.6,1704135045,1704094532,windproof_jacket
Drizzle,358,-1.0,999.3,97.3,-2.4,-0.2,11.2,37.5,1704139526,1704099030,winter_wet_gear
Rain,525,11.7,1010.6,76.5,9.0,12.7,4.6,23.5,1704132856,1704089017,raincoat_umbrella
Clear,842,-12.1,994.6,39.3,-12.7,-11.4,0.7,26.5,1704141776,1704089069,extreme_cold_gear
Clouds,811,9.0,1025.5,50.3,7.2,10.9,5.4,60.1,1704137077,1704095487,medium_coat_scarf
Drizzle,344,-8.1,1023.0,98.8,-9.1,-5.6,10.2,10.8,1704125612,1704094931,winter_wet_gear
Clear,896,-15.7,981.4,68.1,-18.6,-14.9,17.3,3.4,1704127805,1704094068,extreme_cold_gear
Clouds,860,10.9,993.0,68.4,8.6,11.5,17.1,55.5,1704139649,1704091784,windproof_jacket
Clouds,831,17.7,1022.0,61.8,15.3,18.4,19.6,71.0,1704130112,1704093258,windproof_jacket
Clear,858,36.5,1007.5,32.1,35.4,38.2,6.9,7.9,1704131610,1704098377,hot_summer
Drizzle,305,12.9,1006.5,84.4,11.8,13.5,4.9,10.3,1704138319,1704094842,light_jacket_jeans
Clear,892,-3.7,1017.9,61.5,-5.2,-2.7,3.5,23.6,1704133902,1704089634,warm_winter_coat
Clear,855,1.8,1014.7,79.5,0.9,4.7,8.1,21.1,1704136472,1704099560,medium_coat_scarf
Clear,810,35.2,989.3,31.4,33.8,36.8,4.0,5.5,1704126139,1704095530,hot_summer
Clear,850,-9.9,1022.3,47.4,-12.0,-9.1,11.6,20.7,1704132731,1704088844,warm_winter_coat
Rain,590,10.2,1025.1,86.7,8.3,11.7,10.7,32.7,1704127764,1704096537,raincoat_umbrella
Clear,883,37.1,1028.9,57.8,36.0,38.9,1.2,6.7,1704135241,1704095203,hot_summer
Snow,653,-28.8,1010.2,75.5,-30.5,-27.8,6.7,10.1,1704137647,1704097876,extreme_cold_gear
Snow,625,-10.5,984.0,75.6,-12.0,-9.5,5.0,57.3,1704127686,1704095837,extreme_cold_gear
Clouds,896,18.9,980.6,76.4,17.2,21.7,8.0,88.0,1704137296,1704094151,light_jacket_jeans
Clear,873,16.9,1024.3,64.5,14.8,18.1,5.6,22.2,1704134733,1704098791,light_jacket_jeans
Clouds,849,5.6,1026.3,66.5,4.8,8.1,1.2,91.1,1704129935,1704094570,medium_coat_scarf
Clouds,823,15.1,980.0,48.1,14.1,15.6,13.3,59.7,1704142115,1704092678,windproof_jacket
Clear,893,-20.6,980.1,35.1,-21.7,-19.3,2.6,20.6,1704124943,1704089307,extreme_cold_gear
Clouds,898,9.4,1015.3,55.2,6.8,11.9,13.2,31.8,1704129435,1704099583,windproof_jacket
Clear,896,38.5,992.4,45.8,37.2,40.7,2.7,11.3,1704135189,1704091927,hot_summer
Clear,820,9.8,1039.9,70.5,9.1,12.3,8.0,15.1,1704127723,1704098204,medium_coat_scarf
Snow,690,-0.4,998.4,65.6,-1.5,0.8,1.5,5.0,1704137737,1704096554,warm_winter_coat
Clear,878,10.6,1021.3,55.9,8.8,13.0,9.5,4.0,1704140483,1704091162,light_jacket_jeans
Snow,666,-28.7,1038.9,70.1,-29.8,-28.0,13.1,64.4,1704128394,1704092748,extreme_cold_gear
Rain,587,19.3,1003.5,95.0,18.5,20.4,5.5,92.8,1704135076,1704091632,raincoat_umbrella
Clouds,858,29.5,1016.1,77.8,28.1,32.4,7.8,45.5,1704135223,1704095311,tshirt_shorts
Clouds,835,1.9,988.8,53.9,1.3,3.5,4.3,50.2,1704131259,1704099146,medium_coat_scarf
Clouds,837,12.2,989.8,61.0,10.5,15.1,24.4,12.8,1704128902,1704099290,windproof_jacket
Clouds,826,0.7,1010.7,55.9,-0.6,1.5,2.6,67.8,1704140250,1704097424,medium_coat_scarf
Clear,839,26.6,992.5,76.5,23.9,29.0,4.0,19.5,1704134457,1704098182,tshirt_shorts
Clouds,832,10.9,1013.8,52.7,8.4,11.5,23.1,4.5,1704128610,1704098891,windproof_jacket
Snow,624,9.2,1011.0,59.0,8.1,10.8,1.0,79.7,1704130693,1704090666,medium_coat_scarf
Rain,553,8.5,1036.6,81.0,5.6,11.4,7.0,80.5,1704128887,1704093484,raincoat_umbrella
Clear,836,28.6,1028.3,47.0,27.5,31.2,6.7,6.7,1704126516,1704098848,hot_summer
Rain,531,15.0,995.8,93.2,14.0,17.5,6.7,60.1,1704128885,1704094447,raincoat_umbrella
Clouds,892,26.4,984.5,55.5,24.1,28.0,4.3,3.1,1704134837,1704094763,tshirt_shorts
Clouds,860,24.4,999.9,63.3,21.5,25.4,5.2,54.2,1704125581,1704095872,tshirt_shorts
Clear,870,-4.4,1000.5,72.8,-6.9,-1.8,11.3,13.7,1704131082,1704093314,warm_winter_coat
Drizzle,388,24.0,1037.3,73.9,21.9,26.8,2.9,42.1,1704135004,1704098194,light_rain_jacket
Clouds,803,20.1,1001.8,47.5,19.4,21.4,1.0,50.1,1704136447,1704090735,tshirt_shorts
Snow,683,-3.2,990.2,98.7,-4.9,-1.6,8.3,93.5,1704129345,1704094629,winter_wet_gear
Rain,522,17.3,994.8,96.0,16.2,18.3,11.7,72.0,1704137019,1704094708,raincoat_umbrella
Clouds,814,21.9,1011.9,62.5,20.4,24.5,6.9,43.4,1704138015,1704091169,tshirt_shorts
Rain,536,15.0,1036.2,98.0,14.0,15.9,8.4,46.3,1704130809,1704099533,raincoat_umbrella
Rain,529,13.4,1004.5,87.5,12.8,14.1,6.2,3.5,1704140346,1704095029,raincoat_umbrella
Clear,835,29.6,1011.0,39.3,28.0,32.1,3.6,22.9,1704126835,1704095478,hot_summer
Drizzle,322,21.1,1008.1,78.1,20.5,23.9,5.3,12.4,1704126630,1704092614,light_rain_jacket
Clouds,882,3.8,987.0,64.3,3.0,6.6,4.2,55.2,1704133353,1704098144,medium_coat_scarf
Drizzle,346,-0.5,987.2,93.6,-1.2,2.4,6.4,96.4,1704140285,1704092077,winter_wet_gear
Clouds,830,28.4,993.5,46.8,26.7,29.3,7.0,6.8,1704129076,1704096677,tshirt_shorts
Drizzle,382,13.9,990.2,72.1,13.3,15.3,11.5,12.0,1704132554,1704092446,light_jacket_jeans
Snow,682,-1.8,1029.3,95.8,-3.3,1.2,6.9,68.2,1704131687,1704089133,winter_wet_gear
Clear,887,5.3,1024.7,68.2,2.6,7.9,8.7,26.4,1704130396,1704088901,medium_coat_scarf
Clouds,801,10.6,987.9,52.2,8.2,11.4,13.5,80.1,1704135767,1704096012,windproof_jacket
Rain,528,11.7,1003.6,79.5,8.8,12.3,4.7,9.9,1704127728,1704093134,raincoat_umbrella
Drizzle,387,19.9,981.5,72.9,17.0,20.6,2.6,11.6,1704141377,1704095253,light_rain_jacket
Drizzle,361,-5.6,996.3,75.3,-7.5,-3.4,8.4,13.9,1704135857,1704094402,winter_wet_gear
Clear,866,-2.6,1008.1,54.7,-4.7,-0.1,8.2,0.8,1704140839,1704090484,warm_winter_coat
Drizzle,308,-4.0,988.7,75.1,-5.6,-2.1,2.4,51.1,1704139600,1704097445,winter_wet_gear
Drizzle,369,10.2,988.3,52.7,8.7,12.2,7.8,4.2,1704130439,1704090007,light_jacket_jeans
Clear,878,31.8,1032.3,41.8,31.0,34.5,5.9,5.8,1704134723,1704092578,hot_summer
Snow,662,-10.0,1034.8,93.5,-11.8,-8.3,8.2,78.7,1704139266,1704097560,winter_wet_gear
Snow,646,-9.2,996.9,55.1,-12.2,-7.6,8.8,12.0,1704127762,1704091136,warm_winter_coat
Rain,514,16.5,981.7,90.8,15.8,18.4,12.8,7.8,1704141109,1704095311,raincoat_umbrella
Clouds,834,17.3,1029.1,61.5,14.9,19.8,9.0,24.5,1704125554,1704091493,light_jacket_jeans
Rain,595,8.4,1031.6,91.1,6.2,11.3,4.6,66.5,1704134729,1704098977,raincoat_umbrella
Clouds,883,16.2,987.0,62.5,14.4,17.8,19.3,98.8,1704140349,1704099552,windproof_jacket
Drizzle,334,-1.7,995.1,83.4,-3.7,-1.1,12.9,47.6,1704134007,1704098559,winter_wet_gear
Clouds,801,3.3,985.9,72.4,2.8,5.9,9.6,52.9,1704130789,1704091898,medium_coat_scarf
Drizzle,354,-7.6,999.6,77.3,-10.5,-6.2,13.8,17.2,1704128947,1704096872,winter_wet_gear
Clear,828,35.2,991.8,66.9,33.9,36.6,0.7,1.4,1704139717,1704091730,hot_summer
Clear,827,12.8,983.0,67.9,12.1,13.6,11.2,24.3,1704142693,1704090088,light_jacket_jeans
Clouds,897,0.9,1020.3,67.2,-0.4,3.0,8.1,41.7,1704131855,1704093253,medium_coat_scarf
Rain,523,14.6,1020.7,87.2,11.9,16.6,4.2,56.3,1704132733,1704094998,raincoat_umbrella
Clouds,876,13.6,1019.3,45.5,12.8,14.2,19.3,13.2,1704130758,1704097017,windproof_jacket
Clear,864,25.3,1035.8,74.0,22.5,25.9,9.3,0.2,1704134069,1704091670,tshirt_shorts
Clear,862,-6.7,992.6,46.7,-8.2,-4.3,9.5,25.8,1704136549,1704091603,warm_winter_coat
Drizzle,353,25.5,1001.1,92.9,23.3,27.5,7.7,79.1,1704141378,1704092621,light_rain_jacket
Clouds,817,21.3,991.4,77.3,19.3,22.1,8.9,34.3,1704129320,1704092629,tshirt_shorts
Clear,837,24.5,1038.8,55.4,21.7,26.2,4.3,2.7,1704139743,1704095536,tshirt_shorts
Clear,855,18.4,1018.2,72.7,17.4,21.4,9.1,28.4,1704135401,1704097774,light_jacket_jeans
Snow,671,6.5,998.2,62.1,4.5,7.4,4.7,43.4,1704133705,1704091626,medium_coat_scarf
Snow,610,-8.3,1030.4,56.0,-10.2,-6.3,6.0,35.7,1704134843,1704090004,warm_winter_coat
Clouds,886,19.2,1022.8,60.6,17.3,21.2,9.4,29.5,1704139689,1704093996,light_jacket_jeans
Rain,524,9.0,1039.1,75.3,8.2,9.8,4.9,32.0,1704125477,1704092151,raincoat_umbrella
Drizzle,391,20.7,982.6,92.7,18.8,21.8,3.4,79.7,1704138600,1704096045,light_rain_jacket
Snow,617,-5.3,1023.1,81.4,-6.0,-4.1,10.0,91.7,1704138752,1704097188,winter_wet_gear
Drizzle,328,19.7,1021.3,85.8,18.7,21.9,2.7,9.5,1704134391,1704091855,light_rain_jacket
Drizzle,318,13.2,1020.2,56.5,10.2,14.9,11.3,91.2,1704128287,1704091330,light_jacket_jeans
Clouds,830,20.2,1031.7,69.5,18.9,21.1,9.6,16.8,1704137619,1704095294,tshirt_shorts
Drizzle,356,-6.5,990.1,81.6,-9.3,-4.0,3.7,51.4,1704134910,1704090770,winter_wet_gear
Clear,892,26.8,1033.6,75.6,25.2,28.2,4.5,26.0,1704137672,1704098874,tshirt_shorts
Rain,513,5.9,999.2,92.6,3.9,8.2,7.6,99.2,1704138659,1704094484,raincoat_umbrella
Clear,882,-1.3,1002.4,50.4,-3.6,0.8,5.2,8.8,1704141316,1704097907,warm_winter_coat
Snow,603,-2.1,1006.9,61.5,-4.4,-0.6,6.9,70.2,1704139942,1704091329,warm_winter_coat
Rain,500,17.2,1004.4,77.8,16.2,19.3,11.2,58.8,1704126064,1704096078,raincoat_umbrella
Clouds,832,19.1,993.5,62.9,17.2,21.0,8.7,24.0,1704138440,1704097102,light_jacket_jeans
Clouds,857,15.3,1021.7,53.6,13.2,18.3,18.8,81.2,1704138788,1704097654,windproof_jacket
Drizzle,393,-9.4,1028.6,93.1,-12.3,-8.9,13.0,62.7,1704130380,1704092251,winter_wet_gear
Drizzle,303,-7.3,1035.0,75.9,-9.9,-5.4,11.9,48.1,1704133951,1704098847,winter_wet_gear
Rain,594,8.4,982.8,98.9,5.9,9.5,7.3,97.0,1704140321,1704093216,raincoat_umbrella
Drizzle,387,14.0,1000.9,81.2,12.8,14.7,7.2,25.4,1704126359,1704097626,light_jacket_jeans
Drizzle,310,-6.4,1036.5,77.8,-8.3,-4.7,10.7,64.2,1704137591,1704095200,winter_wet_gear
Clear,850,9.6,993.8,53.3,8.4,11.1,3.9,29.9,1704141539,1704097954,medium_coat_scarf
Clouds,840,25.2,994.5,45.6,24.5,27.6,5.1,18.4,1704136079,1704093416,tshirt_shorts
Drizzle,390,24.3,999.4,72.6,22.3,25.6,8.0,79.9,1704137967,1704092647,light_rain_jacket
Clear,875,-8.9,1008.1,43.6,-11.6,-6.2,10.0,14.9,1704131525,1704090017,warm_winter_coat
Clear,808,27.6,985.3,56.5,26.7,29.3,4.2,6.1,1704141880,1704094515,tshirt_shorts
Snow,621,-7.0,993.5,59.8,-8.2,-6.4,3.3,77.6,1704141978,1704096588,warm_winter_coat
Clear,823,-13.2,1031.3,46.0,-16.1,-10.8,10.6,5.0,1704131553,1704092754,extreme_cold_gear
Clouds,804,13.3,1031.3,43.4,12.7,15.9,24.2,97.2,1704141037,1704097480,windproof_jacket
Clear,832,-25.7,1018.1,67.8,-26.9,-23.3,13.9,10.2,1704130734,1704091764,extreme_cold_gear
Clouds,895,14.6,1007.3,43.1,13.3,16.6,20.6,65.1,1704134855,1704093379,windproof_jacket
Clouds,812,9.3,1021.5,54.3,7.9,10.2,19.9,54.6,1704132349,1704091472,windproof_jacket
Clear,829,20.2,1003.9,68.9,17.6,22.6,8.4,13.4,1704130631,1704091912,tshirt_shorts
Drizzle,300,21.4,992.4,87.4,20.1,23.1,9.8,24.3,1704131136,1704096335,light_rain_jacket
Clear,878,-29.1,1023.7,65.6,-30.9,-27.1,6.9,12.3,1704130092,1704090926,extreme_cold_gear
Clear,897,27.4,1038.4,43.1,25.7,29.7,9.2,18.2,1704133678,1704092346,tshirt_shorts
Clear,898,10.2,983.8,76.2,9.6,12.2,8.4,28.9,1704138982,1704097184,light_jacket_jeans
Snow,664,-6.9,1032.8,85.9,-7.6,-5.5,4.5,66.6,1704139151,1704094610,winter_wet_gear
Clear,877,-10.8,1024.1,52.1,-13.7,-9.7,14.6,14.9,1704139418,1704099451,extreme_cold_gear
Clouds,865,14.0,1034.5,67.9,11.5,15.0,21.0,16.2,1704134116,1704089096,windproof_jacket
Clear,822,-6.7,1007.0,47.5,-7.9,-3.8,10.8,15.9,1704124812,1704095401,warm_winter_coat
Drizzle,360,22.4,981.2,75.1,21.0,24.1,9.4,55.5,1704134425,1704094594,light_rain_jacket
Clear,810,3.3,998.9,76.4,1.6,5.0,9.9,24.0,1704130056,1704092974,medium_coat_scarf
Clear,811,-14.0,1018.3,31.2,-16.0,-12.4,14.6,5.9,1704134226,1704089713,extreme_cold_gear
Rain,535,18.6,1010.1,79.5,16.2,21.3,12.8,7.9,1704137860,1704090560,raincoat_umbrella
Snow,662,-12.5,982.3,57.4,-13.8,-11.4,6.2,1.3,1704134751,1704089368,extreme_cold_gear
Clear,866,38.1,1012.2,62.1,36.6,38.9,7.7,14.7,1704129786,1704094984,hot_summer
Drizzle,395,-6.0,1035.5,76.2,-7.0,-3.5,7.1,4.5,1704128146,1704092741,winter_wet_gear
Clouds,830,23.7,1030.2,67.9,21.5,24.8,4.8,67.8,1704139950,1704099429,tshirt_shorts
Rain,582,7.6,1016.3,95.8,5.7,9.6,10.3,47.9,1704128813,1704099252,raincoat_umbrella
Snow,637,-2.3,1027.9,46.3,-2.9,-0.5,6.8,38.6,1704126749,1704097922,warm_winter_coat
Drizzle,301,11.9,992.8,80.3,10.3,12.8,9.3,61.5,1704129867,1704094544,light_jacket_jeans
Snow,603,-3.2,1014.1,45.7,-4.3,-1.1,5.6,15.6,1704136247,1704096630,warm_winter_coat
Snow,648,-7.6,1021.8,77.2,-9.9,-6.1,7.3,66.0,1704125824,1704091665,winter_wet_gear
Clear,807,-17.7,1030.5,33.8,-20.6,-16.2,5.2,21.8,1704140312,1704098460,extreme_cold_gear
Drizzle,350,26.9,1007.8,84.4,25.2,29.5,2.9,69.9,1704135302,1704093375,light_rain_jacket
Rain,544,5.3,992.3,95.8,4.4,7.9,3.7,54.4,1704138403,1704097193,raincoat_umbrella
Clear,821,-20.8,1014.9,76.4,-22.2,-19.9,12.4,15.0,1704130785,1704091758,extreme_cold_gear
Clouds,829,11.8,1012.1,55.9,9.8,14.7,24.7,44.8,1704127841,1704097633,windproof_jacket
Clear,831,29.8,997.3,32.8,28.7,32.7,8.0,4.5,1704131366,1704094417,hot_summer
Rain,556,22.5,1001.1,71.8,19.5,23.4,4.6,60.0,1704135367,1704092354,light_rain_jacket
Clouds,842,25.4,1004.1,71.9,24.5,26.0,8.4,43.0,1704125959,1704095725,tshirt_shorts
Clouds,848,23.4,990.1,45.9,20.6,25.2,1.4,4.6,1704139705,1704096359,tshirt_shorts
Clouds,823,20.5,1012.6,60.2,17.9,21.9,7.0,66.7,1704127732,1704097965,tshirt_shorts
Clouds,807,16.0,993.7,78.6,13.8,17.0,5.1,43.1,1704131893,1704096147,light_jacket_jeans
Clear,867,29.2,995.9,56.4,28.5,32.1,6.1,0.6,1704138646,1704091990,hot_summer
Snow,680,-3.4,1012.6,59.8,-5.9,-2.1,6.1,27.6,1704131835,1704095758,warm_winter_coat
Snow,636,-6.3,1004.3,65.7,-7.1,-3.5,5.8,79.7,1704136249,1704094293,warm_winter_coat
Drizzle,336,23.3,1026.3,79.6,22.1,26.1,6.9,94.1,1704139445,1704099178,light_rain_jacket
Drizzle,373,24.1,1035.4,87.2,23.3,24.6,3.8,62.3,1704125721,1704088971,light_rain_jacket
Clouds,878,13.0,1005.5,61.9,10.2,15.0,21.5,54.4,1704138923,1704095739,windproof_jacket
Snow,672,-21.8,1037.4,69.4,-23.4,-20.6,12.5,87.3,1704132137,1704090139,extreme_cold_gear
Clouds,833,10.9,1005.8,73.1,9.4,13.4,7.5,15.2,1704137446,1704098407,light_jacket_jeans
Rain,509,8.5,991.8,99.2,7.5,9.1,10.9,75.0,1704134763,1704094497,raincoat_umbrella
Clear,807,39.6,1022.3,47.5,37.8,42.6,1.9,24.5,1704133886,1704089358,hot_summer
Snow,657,-1.7,992.8,59.3,-2.5,1.0,10.1,83.3,1704135012,1704097683,warm_winter_coat
Snow,619,-1.5,998.5,96.2,-3.3,-0.8,7.9,36.6,1704132958,1704095182,winter_wet_gear
Snow,662,-19.1,1029.9,57.5,-20.0,-18.6,13.1,69.8,1704125525,1704090275,extreme_cold_gear
Clear,865,-8.0,981.9,68.1,-10.9,-7.4,7.6,24.1,1704139550,1704091887,warm_winter_coat
Clear,849,10.9,1001.0,64.6,9.8,11.8,5.8,9.2,1704141349,1704095716,light_jacket_jeans
Clouds,809,25.4,1023.1,59.5,24.9,28.3,3.8,88.4,1704137413,1704094324,tshirt_shorts
Snow,657,3.0,984.3,65.3,0.6,4.0,3.3,38.8,1704136850,1704096948,medium_coat_scarf
Snow,677,-5.4,1017.2,57.1,-6.9,-4.0,6.0,67.9,1704126063,1704092778,warm_winter_coat
Clear,847,-4.1,994.3,52.2,-5.9,-1.3,2.2,14.2,1704131240,1704089779,warm_winter_coat
Clouds,822,16.4,1031.4,82.7,14.6,17.7,8.0,86.3,1704132825,1704095707,light_jacket_jeans
Snow,673,-19.4,1003.7,74.4,-20.0,-16.6,0.5,61.7,1704128742,1704097724,extreme_cold_gear
Clear,892,39.0,1016.4,61.2,36.9,41.0,6.0,18.8,1704142555,1704094780,hot_summer
Snow,641,-10.7,1027.3,61.9,-11.9,-7.7,11.3,0.6,1704126424,1704097252,extreme_cold_gear
Snow,637,-8.8,1020.4,82.1,-9.7,-6.7,7.5,18.7,1704126305,1704096139,winter_wet_gear
Snow,639,-5.0,1035.2,80.0,-6.8,-2.3,11.5,6.5,1704126098,1704099087,winter_wet_gear
Snow,655,-1.5,995.3,89.2,-4.3,-0.0,13.6,65.4,1704131864,1704099073,winter_wet_gear
Rain,554,25.4,1012.8,74.4,23.2,26.3,7.5,35.8,1704134687,1704093734,light_rain_jacket
Drizzle,375,-8.9,1039.7,87.9,-10.6,-8.0,4.5,0.4,1704136142,1704096155,winter_wet_gear
Snow,629,-7.5,1039.5,81.1,-9.3,-6.3,6.1,36.1,1704136425,1704090350,winter_wet_gear
Snow,615,3.5,1037.7,66.2,1.3,5.8,9.6,32.8,1704126834,1704095856,medium_coat_scarf
Rain,561,15.1,1038.7,84.2,13.2,15.7,13.1,20.6,1704132257,1704096500,raincoat_umbrella
Drizzle,378,-8.7,993.5,84.4,-9.5,-7.6,8.5,45.3,1704142540,1704096726,winter_wet_gear
Rain,500,26.7,1003.1,73.2,25.6,28.9,2.1,86.5,1704138229,1704093940,light_rain_jacket
Clear,882,32.9,1001.2,63.6,30.5,34.1,7.2,7.1,1704132427,1704097684,hot_summer
Clouds,818,16.7,999.4,48.8,15.2,18.3,16.5,20.0,1704141293,1704093214,windproof_jacket
Clouds,857,13.2,997.9,64.1,12.6,15.7,18.5,88.4,1704129363,1704097271,windproof_jacket
Rain,520,10.1,1007.9,97.7,9.4,12.5,9.5,78.7,1704129854,1704091423,raincoat_umbrella
Snow,634,-0.5,980.3,41.9,-1.2,0.2,2.4,86.9,1704141310,1704091258,warm_winter_coat
Snow,640,6.2,1023.0,73.7,4.0,9.0,3.3,11.8,1704126900,1704089718,medium_coat_scarf
Clouds,886,1.6,1004.5,61.0,0.6,3.2,1.2,91.5,1704128038,1704094984,medium_coat_scarf
Rain,570,12.9,1019.5,92.2,10.8,14.7,5.7,77.9,1704132086,1704099510,raincoat_umbrella
Clouds,842,5.8,1002.4,76.9,3.6,6.6,9.1,44.8,1704127488,1704093828,medium_coat_scarf
Rain,577,16.1,980.7,93.6,14.8,18.7,9.0,26.1,1704126684,1704097881,raincoat_umbrella
Clear,827,-3.7,1001.2,73.7,-4.5,-1.7,8.2,21.4,1704131279,1704093870,warm_winter_coat
Clear,838,-7.1,1033.4,41.5,-8.8,-4.5,9.7,18.4,1704131977,1704091395,warm_winter_coat
Snow,672,-0.7,987.3,64.7,-2.4,1.8,5.8,84.9,1704129725,1704089160,warm_winter_coat
Clear,854,-22.2,991.0,39.0,-23.2,-20.6,17.4,0.9,1704139133,1704093370,extreme_cold_gear
Drizzle,341,-7.4,1018.4,95.0,-10.3,-5.7,6.7,12.5,1704134473,1704089065,winter_wet_gear
Drizzle,346,-5.0,1031.6,79.0,-6.8,-2.7,6.8,85.7,1704125593,1704096938,winter_wet_gear
Clouds,807,15.2,1025.6,58.3,13.0,16.0,12.9,26.3,1704126246,1704099577,windproof_jacket
Rain,539,9.9,1022.0,96.8,9.1,12.0,8.3,63.6,1704140974,1704094747,raincoat_umbrella
Clear,811,35.6,1030.1,51.4,34.6,36.2,0.7,9.6,1704136996,1704095181,hot_summer
Rain,512,15.1,993.2,80.3,13.3,17.4,12.7,1.0,1704138280,1704092576,raincoat_umbrella
Drizzle,384,-0.6,1028.2,90.6,-2.1,0.3,4.8,92.3,1704128708,1704092147,winter_wet_gear
Clouds,894,11.8,998.8,43.0,10.0,14.6,22.1,11.3,1704129293,1704098613,windproof_jacket
Rain,579,12.2,1039.4,90.0,10.6,13.1,3.4,71.6,1704136899,1704089665,raincoat_umbrella
Drizzle,390,-7.4,1013.7,98.0,-8.8,-5.5,15.0,31.7,1704130350,1704088884,winter_wet_gear
Clear,883,13.7,1015.5,75.4,10.7,16.3,2.8,14.5,1704138752,1704093712,light_jacket_jeans
Clear,809,20.7,1014.9,40.5,19.6,22.7,9.0,10.6,1704142648,1704094297,tshirt_shorts
Rain,524,19.8,984.9,90.3,18.7,21.5,9.3,15.5,1704126086,1704097344,light_rain_jacket
Clear,801,-4.5,1025.0,44.9,-6.0,-1.8,10.0,16.3,1704129926,1704095652,warm_winter_coat
Snow,672,9.0,1000.3,66.5,6.9,11.4,6.5,59.6,1704128355,1704094979,medium_coat_scarf
Drizzle,319,25.6,1015.6,77.3,24.9,27.9,7.0,81.2,1704127133,1704092376,light_rain_jacket
Clear,862,-11.7,1009.7,41.3,-13.5,-9.0,17.6,1.3,1704134718,1704093083,extreme_cold_gear
Drizzle,393,21.6,1018.2,73.8,19.7,22.3,9.5,94.1,1704141010,1704089123,light_rain_jacket
Rain,506,9.8,1020.2,79.6,7.0,12.5,7.4,69.7,1704132992,1704091913,raincoat_umbrella
Clear,892,39.9,1030.5,67.1,37.9,40.6,4.3,15.6,1704127098,1704096956,hot_summer
Rain,549,11.7,1018.5,99.2,9.6,14.0,8.6,37.3,1704134062,1704095546,raincoat_umbrella
Drizzle,381,-3.1,1000.9,85.1,-4.0,-0.4,8.5,55.1,1704131734,1704094783,winter_wet_gear
Clouds,829,23.7,1034.9,56.6,22.6,24.7,6.3,3.6,1704132534,1704094224,tshirt_shorts
Clear,864,-4.0,986.9,71.2,-6.6,-1.8,2.6,30.0,1704140171,1704093108,warm_winter_coat
Drizzle,309,-5.5,1027.4,91.5,-8.0,-2.8,11.6,7.8,1704125504,1704089288,winter_wet_gear
Clouds,878,13.9,994.9,69.4,11.9,15.4,24.7,10.2,1704134303,1704097026,windproof_jacket
Drizzle,356,18.5,1027.6,91.6,15.5,19.3,9.4,42.6,1704127867,1704094595,light_rain_jacket
Snow,673,-6.5,1035.0,94.1,-7.6,-4.2,12.9,62.6,1704128061,1704089964,winter_wet_gear
Clouds,857,27.8,1038.5,70.8,27.1,30.6,2.3,99.5,1704137207,1704091926,tshirt_shorts
Snow,676,-10.9,993.3,64.6,-12.5,-9.0,3.2,27.8,1704126161,1704096172,extreme_cold_gear
Clouds,815,16.1,1011.3,68.0,14.3,16.9,11.3,99.1,1704128081,1704093881,light_jacket_jeans
Rain,535,23.6,982.1,93.3,22.3,26.0,5.9,58.1,1704138144,1704093875,light_rain_jacket
Snow,631,7.4,1026.2,50.4,6.0,10.3,4.1,40.4,1704128264,1704094767,medium_coat_scarf
Snow,684,-14.0,1000.5,46.7,-16.5,-12.8,8.0,76.7,1704127067,1704094986,extreme_cold_gear
Snow,625,-13.9,1003.7,68.9,-14.9,-12.4,10.8,37.0,1704135198,1704092082,extreme_cold_gear
Clear,855,28.6,1001.1,61.5,27.3,29.8,2.9,10.3,1704141007,1704095375,tshirt_shorts
Drizzle,345,-6.8,1033.6,88.0,-7.5,-4.5,7.4,100.0,1704127303,1704092774,winter_wet_gear
Snow,699,-2.6,1002.0,75.7,-4.2,-0.4,12.6,19.2,1704127925,1704091771,winter_wet_gear
Snow,636,-1.4,1002.1,58.8,-3.4,-0.8,5.3,38.4,1704134890,1704093286,warm_winter_coat
Clear,851,-9.8,1026.2,63.9,-12.6,-7.5,2.7,14.8,1704126968,1704097097,warm_winter_coat
Clouds,845,14.2,1007.4,53.1,12.5,14.9,19.3,90.6,1704136013,1704095248,windproof_jacket
Snow,630,-19.0,1034.2,44.4,-20.0,-16.5,15.4,71.8,1704137132,1704099480,extreme_cold_gear
Clouds,831,17.0,1029.6,41.6,15.7,17.5,13.6,94.6,1704131691,1704092285,windproof_jacket
Clouds,888,20.8,1034.5,65.7,19.6,22.6,4.7,36.3,1704130999,1704093724,tshirt_shorts
Clear,830,25.0,1023.0,64.4,23.6,25.5,2.7,17.8,1704128665,1704096901,tshirt_shorts
Snow,668,-2.9,988.5,53.5,-5.1,-0.2,10.9,35.8,1704134902,1704092283,warm_winter_coat
Clear,850,28.7,1008.0,40.2,26.5,30.6,0.2,7.2,1704127727,1704089636,tshirt_shorts
Clear,826,-0.2,991.5,43.7,-2.4,0.8,4.7,18.9,1704135638,1704093352,warm_winter_coat
Snow,661,-0.3,1007.5,61.4,-1.9,2.5,4.3,67.6,1704127442,1704098168,warm_winter_coat
Clouds,894,15.1,1010.1,61.4,13.6,17.8,18.9,18.0,1704136696,1704098031,windproof_jacket
Clouds,896,0.1,1033.5,68.6,-1.9,1.7,8.8,72.0,1704132451,1704093654,medium_coat_scarf
Drizzle,396,25.8,1011.5,73.6,22.8,28.3,6.1,98.3,1704134650,1704093908,light_rain_jacket
Rain,598,26.8,1039.2,79.4,24.8,27.7,9.3,77.1,1704138783,1704098877,light_rain_jacket
Clear,878,-17.9,989.3,44.1,-18.8,-14.9,2.4,7.5,1704128026,1704095910,extreme_cold_gear
Drizzle,357,-5.6,1028.8,83.7,-7.2,-3.3,11.4,86.9,1704141160,1704098360,winter_wet_gear
Clouds,818,30.0,999.8,46.6,29.0,31.2,0.5,46.2,1704138736,1704090969,tshirt_shorts
Rain,522,21.9,1009.2,87.6,20.1,22.7,9.2,96.2,1704140291,1704094399,light_rain_jacket
Snow,612,-3.1,1005.9,50.5,-4.1,-1.9,9.6,16.3,1704134932,1704090507,warm_winter_coat
Snow,639,-5.9,1010.7,89.3,-6.6,-5.3,9.8,36.4,1704128452,1704093762,winter_wet_gear
Clouds,856,8.9,1014.0,55.5,7.1,11.7,14.0,72.7,1704133691,1704090480,windproof_jacket
Drizzle,354,14.9,993.2,66.5,14.4,16.6,7.8,52.6,1704136947,1704092429,light_jacket_jeans
Clouds,897,22.9,1023.8,47.5,20.4,25.8,4.1,96.5,1704126081,1704090318,tshirt_shorts
Clear,870,14.0,988.7,84.9,11.3,14.6,3.7,27.5,1704136598,1704096918,light_jacket_jeans
Clouds,895,15.6,1014.5,41.9,14.7,16.9,16.8,46.1,1704142655,1704092042,windproof_jacket
Clouds,857,14.7,1035.4,45.2,14.2,17.6,22.1,96.4,1704126312,1704096794,windproof_jacket
Drizzle,350,-1.5,1017.2,85.5,-2.8,-0.2,2.8,19.8,1704141917,1704089582,winter_wet_gear
Drizzle,357,27.6,1027.1,76.0,25.4,29.6,7.9,43.1,1704138477,1704090873,light_rain_jacket
Clouds,855,11.6,981.2,68.1,10.8,13.0,18.2,34.8,1704125207,1704095369,windproof_jacket
Clear,890,31.9,989.3,37.4,29.6,33.8,4.6,10.7,1704132364,1704092973,hot_summer
Clouds,841,10.3,1027.8,48.0,8.4,11.3,16.1,21.1,1704129038,1704091878,windproof_jacket
Snow,619,-6.8,1032.1,65.3,-8.2,-5.7,2.1,75.5,1704139290,1704092989,warm_winter_coat
Clear,820,1.5,1014.0,55.1,-0.2,3.2,6.7,23.9,1704138168,1704090544,medium_coat_scarf
Clear,896,23.7,981.6,40.9,22.5,26.5,1.5,29.7,1704135597,1704099555,tshirt_shorts
Rain,551,8.2,990.0,77.5,6.7,10.3,4.8,19.8,1704124801,1704095591,raincoat_umbrella
Rain,596,10.8,982.6,97.5,10.0,11.3,3.5,88.6,1704139629,1704090732,raincoat_umbrella
Drizzle,376,15.3,996.2,59.9,12.5,17.9,5.5,60.2,1704139676,1704093772,light_jacket_jeans
Clouds,860,13.2,1007.3,49.2,10.5,15.2,12.5,74.6,1704131353,1704096611,windproof_jacket
Clouds,870,24.5,1029.1,53.0,21.9,27.2,4.7,12.5,1704131954,1704099024,tshirt_shorts
Snow,669,-13.2,993.3,75.5,-14.0,-12.6,9.0,64.7,1704137038,1704091933,extreme_cold_gear
Drizzle,397,19.3,1032.9,88.5,17.4,22.2,5.4,71.7,1704125742,1704098654,light_rain_jacket
Clouds,849,10.5,1030.7,72.8,9.9,12.8,3.0,64.7,1704136700,1704098109,light_jacket_jeans
Clouds,855,17.1,1020.5,78.6,15.7,19.0,7.4,56.1,1704132725,1704091580,light_jacket_jeans
Clouds,867,21.4,1022.3,40.1,18.6,22.4,2.5,9.9,1704128067,1704091009,tshirt_shorts
Clear,848,20.0,992.2,70.5,17.9,22.7,9.5,20.0,1704141692,1704097772,light_jacket_jeans
Clear,877,30.3,1029.7,44.7,27.9,30.9,3.3,22.0,1704133464,1704093294,hot_summer
Rain,533,26.7,1030.1,93.1,24.1,29.6,9.7,88.7,1704133116,1704097933,light_rain_jacket
Drizzle,307,17.1,1004.7,78.9,16.4,17.8,11.3,74.1,1704132874,1704090147,light_jacket_jeans
Clear,846,35.7,1002.6,58.7,34.1,38.4,7.8,24.1,1704141858,1704090751,hot_summer
Clouds,838,7.6,1027.4,62.8,6.6,9.1,5.0,76.3,1704133021,1704097967,medium_coat_scarf
Rain,573,24.9,1017.1,74.3,24.3,26.4,6.4,92.8,1704128709,1704098917,light_rain_jacket
Clear,886,31.7,1020.4,62.5,29.8,34.1,6.9,1.4,1704128916,1704090274,hot_summer
Clear,814,-2.6,991.6,69.6,-3.8,-0.8,2.8,10.2,1704139078,1704096927,warm_winter_coat
Drizzle,316,12.8,1031.1,54.3,10.4,13.7,5.2,38.1,1704126867,1704093383,light_jacket_jeans
Clear,849,25.4,1018.0,73.4,22.5,28.2,6.2,16.2,1704130303,1704094337,tshirt_shorts
Clear,871,25.7,999.4,53.4,22.8,27.7,1.8,1.5,1704132416,1704097599,tshirt_shorts
Snow,614,-16.7,1006.8,57.0,-19.3,-13.9,9.4,14.2,1704132922,1704097463,extreme_cold_gear
Clouds,852,13.4,1016.4,55.8,11.6,14.6,24.5,83.1,1704141417,1704096300,windproof_jacket
Rain,571,10.2,1034.4,90.1,8.7,11.7,12.0,43.8,1704136570,1704092295,raincoat_umbrella
Clouds,855,16.5,1023.0,61.2,13.6,18.0,14.6,70.9,1704132835,1704098140,windproof_jacket
Drizzle,315,-5.9,1039.3,88.6,-8.3,-5.3,7.9,2.6,1704128433,1704093455,winter_wet_gear
Snow,638,-5.6,1006.1,76.3,-8.4,-3.9,10.0,49.1,1704125860,1704097402,winter_wet_gear
Snow,642,0.6,1016.3,57.7,-1.7,2.4,2.5,48.5,1704134271,1704093325,medium_coat_scarf
Clouds,847,10.0,1035.6,65.6,9.1,12.5,6.1,77.0,1704132544,1704091294,medium_coat_scarf
Drizzle,387,-0.4,1015.4,98.1,-0.9,1.7,7.1,92.5,1704138097,1704091125,winter_wet_gear
Snow,632,-20.6,1036.9,74.6,-22.3,-18.1,1.3,46.2,1704141966,1704095994,extreme_cold_gear
Clouds,829,13.8,1017.0,67.4,12.9,15.4,14.3,5.0,1704137996,1704097669,windproof_jacket
Clouds,870,17.6,991.5,71.0,16.1,19.4,11.6,94.3,1704134521,1704090125,light_jacket_jeans
Clouds,867,14.6,1036.5,62.8,12.7,17.4,17.4,34.5,1704126758,1704089698,windproof_jacket
Clear,808,28.1,1037.5,62.5,25.5,29.5,5.5,22.4,1704135877,1704094787,tshirt_shorts
Snow,609,-0.7,1006.3,95.4,-3.7,0.9,13.4,71.6,1704126227,1704097945,winter_wet_gear
Clouds,830,2.6,980.6,53.0,1.9,3.4,5.8,46.6,1704136329,1704098204,medium_coat_scarf
Clear,864,7.4,1039.6,74.7,5.2,8.8,8.2,24.3,1704140646,1704095258,medium_coat_scarf
Rain,568,11.6,1015.4,92.9,9.8,14.2,12.9,87.2,1704133822,1704099081,raincoat_umbrella
Clear,801,5.2,983.4,56.3,3.5,6.8,2.6,18.4,1704140511,1704094472,medium_coat_scarf
Clear,813,13.3,981.1,75.6,12.7,16.2,9.4,10.8,1704134570,1704090119,light_jacket_jeans
Clouds,844,26.8,982.4,62.0,25.8,27.9,0.0,20.1,1704131281,1704092093,tshirt_shorts
Clear,871,29.9,1033.0,67.8,27.9,32.1,5.9,6.1,1704132146,1704096145,hot_summer
Drizzle,359,26.4,1017.2,75.0,24.4,27.2,5.3,79.6,1704140722,1704094662,light_rain_jacket
Rain,557,8.6,1017.8,90.1,7.4,9.6,10.1,15.9,1704133099,1704094637,raincoat_umbrella
Clouds,822,16.1,1033.2,66.6,14.6,17.4,6.2,24.5,1704141296,1704097128,light_jacket_jeans
Clear,888,31.2,1013.5,49.8,30.4,32.8,0.7,15.1,1704134192,1704092408,hot_summer
Clouds,889,18.0,1005.9,50.7,15.5,19.1,17.6,8.1,1704133351,1704096399,windproof_jacket
Clear,824,34.8,1023.9,48.9,32.6,37.5,4.0,2.6,1704127331,1704089424,hot_summer
Drizzle,307,-8.6,1026.2,76.8,-10.1,-6.7,10.7,44.9,1704133623,1704094755,winter_wet_gear
Rain,554,18.6,989.2,91.7,17.7,21.1,2.4,11.2,1704137165,1704096210,light_rain_jacket
Snow,676,-17.0,981.4,57.8,-17.7,-15.7,12.2,95.6,1704137996,1704092021,extreme_cold_gear
Rain,566,5.2,1022.0,79.8,3.0,7.9,8.1,64.8,1704134198,1704090107,raincoat_umbrella
Clear,847,-4.5,1009.9,58.5,-5.1,-2.2,11.7,20.3,1704138844,1704089926,warm_winter_coat
Snow,687,-20.7,983.7,79.9,-21.5,-19.3,13.8,72.6,1704127105,1704097291,extreme_cold_gear
Rain,519,10.2,1025.8,87.2,8.4,12.0,14.7,85.2,1704137778,1704091006,raincoat_umbrella
Clouds,803,25.7,995.7,70.9,24.0,28.5,9.3,33.5,1704126417,1704098534,tshirt_shorts
Clear,896,-12.9,1003.3,33.5,-13.8,-10.9,6.4,11.8,1704135016,1704093698,extreme_cold_gear
Clouds,811,22.7,1000.9,44.5,20.7,23.5,1.1,76.3,1704135624,1704098004,tshirt_shorts
Clear,863,32.9,1032.8,39.4,31.6,34.3,0.2,29.0,1704137044,1704088876,hot_summer
Rain,568,19.7,1028.5,82.5,18.0,20.9,8.0,72.9,1704124967,1704093602,light_rain_jacket
Clear,817,22.6,1036.1,53.1,20.8,24.1,1.1,8.7,1704130830,1704099167,tshirt_shorts
Snow,614,-25.4,1002.8,78.6,-26.2,-24.8,2.0,55.5,1704126862,1704094657,extreme_cold_gear
Clouds,868,13.4,997.6,68.3,10.7,15.0,21.0,16.1,1704134972,1704095857,windproof_jacket
Snow,646,-6.1,1031.4,92.1,-8.1,-5.1,3.2,6.3,1704131189,1704089789,winter_wet_gear
Drizzle,361,21.4,992.7,81.3,18.9,24.2,9.0,29.5,1704139267,1704089803,light_rain_jacket
Drizzle,317,14.1,1025.6,61.7,13.5,16.7,5.4,58.4,1704142747,1704092005,light_jacket_jeans
Clear,899,-28.8,1033.3,39.3,-30.0,-26.5,5.9,27.8,1704133911,1704097986,extreme_cold_gear
Clear,892,-16.0,998.3,34.4,-17.7,-13.2,18.0,6.3,1704135853,1704099541,extreme_cold_gear
Snow,678,-1.8,983.6,47.6,-2.8,0.8,1.7,97.2,1704125521,1704092209,warm_winter_coat
Clouds,889,22.1,1039.2,65.4,19.7,23.5,7.6,18.0,1704132384,1704090696,tshirt_shorts
Clouds,848,12.5,1003.3,58.9,10.5,14.3,2.9,58.8,1704137516,1704092457,light_jacket_jeans
Snow,697,-5.8,1006.8,83.1,-7.1,-3.8,13.5,3.9,1704132442,1704099001,winter_wet_gear
Rain,535,25.9,1014.1,75.3,25.3,26.7,4.0,0.4,1704134301,1704091209,light_rain_jacket
Rain,596,14.3,993.4,87.5,11.6,16.3,7.5,55.7,1704131224,1704098731,raincoat_umbrella
Rain,560,22.1,1032.7,89.9,19.7,24.2,6.9,71.3,1704133532,1704089793,light_rain_jacket
Clouds,846,13.8,1003.0,58.1,12.5,15.5,17.4,24.5,1704138891,1704091474,windproof_jacket
Rain,569,20.3,1005.9,92.0,17.9,21.6,5.0,97.2,1704134507,1704095797,light_rain_jacket
Clouds,807,0.5,996.1,72.0,-1.2,1.9,4.6,51.7,1704136703,1704095807,medium_coat_scarf
Snow,694,-14.5,1017.3,74.5,-17.2,-12.6,16.4,81.0,1704132380,1704097549,extreme_cold_gear
Drizzle,336,-3.7,1013.5,95.8,-5.4,-2.0,13.9,78.8,1704136862,1704094705,winter_wet_gear
Clear,824,29.1,992.4,34.8,27.3,31.3,3.7,10.9,1704139189,1704089224,hot_summer
Snow,635,-4.4,1027.3,63.4,-6.0,-3.6,4.4,31.7,1704136396,1704098037,warm_winter_coat
Clear,843,32.7,1012.7,55.7,31.2,35.6,3.7,28.2,1704128324,1704098577,hot_summer
Clear,837,18.1,1035.6,70.8,16.3,18.7,7.5,16.1,1704124933,1704089549,light_jacket_jeans
Clouds,853,14.1,1009.0,82.2,12.8,15.3,10.8,35.9,1704139289,1704094681,light_jacket_jeans
Snow,653,-1.3,1003.8,55.6,-2.8,0.8,2.8,34.0,1704128848,1704095894,warm_winter_coat
Clear,886,-12.5,1019.9,70.8,-13.1,-11.4,11.6,28.6,1704129552,1704096675,extreme_cold_gear
Clouds,853,17.7,989.5,41.3,16.6,18.9,17.0,3.7,1704127321,1704093336,windproof_jacket
Rain,518,22.4,1021.0,78.8,21.7,24.7,9.2,38.8,1704126070,1704092611,light_rain_jacket
Rain,556,22.9,1021.0,80.9,21.9,24.4,6.4,36.6,1704139730,1704088897,light_rain_jacket
Clouds,880,7.1,1017.8,70.6,4.6,8.0,9.6,41.1,1704131386,1704097580,medium_coat_scarf
Clouds,885,8.9,983.9,62.6,6.7,10.8,9.1,88.5,1704137191,1704089467,medium_coat_scarf
Rain,509,18.7,983.8,96.7,16.2,21.5,13.7,84.1,1704141211,1704092165,raincoat_umbrella
Clouds,812,4.7,996.9,78.6,3.2,5.6,3.9,16.9,1704140232,1704090287,medium_coat_scarf
Drizzle,363,18.0,987.2,53.5,15.1,20.5,10.0,12.5,1704140549,1704094766,light_jacket_jeans
Snow,614,-2.5,986.1,72.3,-4.7,-0.5,11.0,26.2,1704140331,1704092580,warm_winter_coat
Snow,633,-7.5,1000.1,85.5,-8.8,-5.3,13.8,65.6,1704135574,1704098314,winter_wet_gear
Drizzle,350,15.9,1022.7,57.2,15.4,17.6,7.0,77.4,1704140548,1704091340,light_jacket_jeans
Clear,812,-29.3,997.3,63.2,-31.3,-27.2,2.4,24.3,1704136821,1704091250,extreme_cold_gear
Clear,858,18.0,1002.0,80.3,16.8,19.1,7.8,19.6,1704128690,1704094071,light_jacket_jeans
Rain,522,20.0,1004.9,80.2,19.0,21.9,9.3,9.0,1704125951,1704090718,light_rain_jacket
Clear,872,-11.8,988.1,31.6,-12.6,-9.3,1.3,1.3,1704130847,1704098481,extreme_cold_gear
Clear,883,-26.7,991.4,69.8,-28.1,-24.4,2.6,5.1,1704137844,1704095753,extreme_cold_gear
Clouds,818,21.0,1011.3,64.8,19.7,23.2,1.4,0.7,1704142408,1704094027,tshirt_shorts
Snow,687,-15.8,1005.8,78.3,-16.3,-14.4,6.7,28.6,1704140251,1704089573,extreme_cold_gear
Snow,675,-4.3,1000.0,50.2,-5.1,-1.9,6.1,73.8,1704130307,1704090540,warm_winter_coat
Drizzle,358,-4.8,1017.2,81.4,-5.9,-3.1,5.1,68.9,1704137218,1704097057,winter_wet_gear
Snow,645,-16.2,1022.5,74.4,-18.0,-13.4,7.9,34.9,1704129609,1704089257,extreme_cold_gear
Clouds,873,17.1,1022.2,44.7,15.4,19.4,22.7,97.5,1704126049,1704094393,windproof_jacket
Rain,520,18.5,992.4,85.2,16.6,20.9,6.5,64.6,1704132784,1704089994,light_rain_jacket
Rain,596,18.7,998.8,73.4,18.0,19.5,3.1,83.3,1704134759,1704092071,light_rain_jacket
Snow,690,-3.8,982.6,55.4,-4.7,-2.2,4.6,3.5,1704128232,1704093309,warm_winter_coat
Rain,577,13.9,984.7,94.7,11.1,15.9,13.2,90.4,1704139531,1704090816,raincoat_umbrella
Drizzle,339,18.9,999.6,66.4,16.2,20.5,10.5,34.0,1704129059,1704097329,light_jacket_jeans
Rain,506,22.3,1011.1,84.7,20.8,23.7,9.4,25.1,1704130130,1704096518,light_rain_jacket
Clear,865,12.6,988.5,82.2,9.8,13.3,10.1,23.1,1704134653,1704097712,light_jacket_jeans
Rain,589,27.6,1003.8,77.6,25.0,28.2,5.4,4.7,1704132127,1704096682,light_rain_jacket
Clear,884,-5.7,1032.7,41.0,-6.7,-4.4,7.9,1.4,1704125526,1704091902,warm_winter_coat
Drizzle,326,-2.7,986.2,93.4,-4.0,-0.8,13.4,52.6,1704128105,1704092386,winter_wet_gear
Clear,849,-2.3,991.0,52.7,-5.1,-1.6,3.9,28.4,1704136430,1704091313,warm_winter_coat
Snow,617,-11.4,1019.8,66.5,-12.2,-10.7,4.7,36.6,1704139160,1704088986,extreme_cold_gear
Clouds,899,10.4,1032.9,49.4,8.6,10.9,19.1,42.6,1704126307,1704089159,windproof_jacket
Clear,811,27.7,1024.1,56.7,25.0,28.5,9.7,0.5,1704138020,1704090317,tshirt_shorts
Clear,878,-18.8,981.6,46.6,-20.9,-17.4,7.8,16.5,1704137467,1704090217,extreme_cold_gear
Snow,673,-17.7,1006.3,61.2,-20.3,-15.8,8.5,79.6,1704139380,1704097100,extreme_cold_gear
Clouds,868,8.8,999.5,71.3,7.2,11.3,6.1,14.6,1704136417,1704096849,medium_coat_scarf
Clear,813,-28.4,1023.2,56.3,-31.1,-26.8,7.6,29.6,1704135331,1704092880,extreme_cold_gear
Clouds,815,8.5,1036.2,58.6,6.4,9.7,15.8,79.5,1704130005,1704096373,windproof_jacket
Clouds,827,0.4,1011.6,52.2,-0.9,2.9,1.2,61.8,1704127315,1704098390,medium_coat_scarf
Clear,890,32.2,1021.5,32.0,31.1,34.2,0.4,13.7,1704135197,1704091530,hot_summer
Clear,831,36.3,1001.5,35.4,35.1,37.3,2.4,24.1,1704124959,1704099140,hot_summer
Clouds,801,25.6,1023.3,68.0,22.7,27.6,8.0,70.0,1704140086,1704095672,tshirt_shorts
Clear,889,32.9,1031.2,36.8,30.9,33.9,7.8,14.9,1704137309,1704094672,hot_summer
Drizzle,336,-9.6,1007.0,86.0,-10.6,-7.9,13.6,57.2,1704129032,1704093991,winter_wet_gear
Rain,560,7.4,1018.0,75.8,6.6,8.3,10.9,21.1,1704137283,1704099095,raincoat_umbrella
Clouds,845,3.9,1014.9,60.6,1.9,5.1,1.8,70.7,1704127670,1704091633,medium_coat_scarf
Drizzle,347,19.3,1004.2,94.2,17.6,21.3,5.4,26.8,1704131888,1704093316,light_rain_jacket
Rain,597,24.6,1018.1,76.2,23.9,25.8,6.3,22.7,1704126059,1704089314,light_rain_jacket
Rain,560,19.3,986.3,93.4,18.1,19.9,14.7,28.0,1704125879,1704099300,raincoat_umbrella
Clouds,854,2.5,1012.9,64.6,-0.3,4.8,5.7,21.2,1704130095,1704091591,medium_coat_scarf
Clear,877,32.9,1017.8,56.5,31.9,34.7,3.7,13.5,1704139390,1704094508,hot_summer
Clouds,847,8.5,1002.2,47.4,7.9,9.7,17.4,27.3,1704132698,1704097205,windproof_jacket
Clear,806,-2.7,1026.0,64.8,-5.4,-1.4,10.7,7.3,1704139636,1704098637,warm_winter_coat
Clear,846,31.5,1026.8,57.8,29.8,32.3,6.9,1.2,1704142559,1704091414,hot_summer
Clear,884,17.1,984.8,55.4,15.1,17.8,7.4,23.0,1704134646,1704097964,light_jacket_jeans
Snow,618,0.4,1004.9,62.9,-2.2,3.1,8.4,80.4,1704137390,1704095160,medium_coat_scarf
Clear,846,-0.0,1028.9,67.6,-0.7,2.8,5.9,22.3,1704135430,1704098348,warm_winter_coat
Clouds,836,28.7,1016.0,73.1,26.9,29.8,3.6,15.6,1704134305,1704096832,tshirt_shorts
Rain,566,14.4,1004.7,90.3,13.5,16.1,6.4,36.5,1704128009,1704092975,raincoat_umbrella
Snow,678,-0.4,1034.7,80.5,-2.5,2.0,13.3,3.9,1704129324,1704099101,winter_wet_gear
Clear,859,-19.2,994.5,38.1,-21.4,-18.5,3.7,19.6,1704125422,1704095829,extreme_cold_gear
Clouds,866,4.4,988.7,62.8,2.4,5.0,8.8,47.8,1704130458,1704098136,medium_coat_scarf
Clouds,897,15.4,995.3,52.5,14.0,17.4,13.8,67.5,1704132874,1704091019,windproof_jacket
Rain,584,19.8,981.0,90.8,18.8,21.9,7.2,48.5,1704129573,1704095096,raincoat_umbrella
Clear,888,24.8,1038.0,52.7,22.3,27.7,2.7,4.8,1704137382,1704089014,tshirt_shorts
Clear,817,19.5,1026.9,62.6,18.7,22.5,2.0,21.0,1704133814,1704095367,light_jacket_jeans
Clear,848,-8.0,985.2,57.2,-9.7,-6.5,4.0,29.5,1704133716,1704090950,warm_winter_coat
Clouds,892,29.9,1014.3,70.3,27.8,32.8,8.4,87.1,1704135515,1704091838,tshirt_shorts
Rain,579,14.8,1038.7,80.5,13.6,16.7,11.8,52.6,1704128549,1704096258,raincoat_umbrella
Clear,892,-18.3,1023.8,51.3,-20.2,-15.5,1.5,2.2,1704138662,1704093326,extreme_cold_gear
Clouds,817,8.9,1008.6,66.0,6.8,10.5,24.5,22.1,1704125491,1704091524,windproof_jacket
Clear,805,30.6,1015.6,56.5,28.3,31.9,5.1,0.5,1704134818,1704095982,hot_summer
Clear,858,8.4,1006.3,55.6,7.2,10.3,2.0,5.4,1704140385,1704093162,medium_coat_scarf
Snow,661,-28.5,1017.9,50.5,-31.5,-26.9,3.5,17.5,1704126129,1704090401,extreme_cold_gear
Clear,802,34.7,999.4,61.5,32.0,36.4,4.3,4.1,1704135345,1704098283,hot_summer
Rain,576,7.4,1033.3,75.2,5.3,10.2,6.4,53.4,1704139889,1704094338,raincoat_umbrella
Clouds,809,24.4,1013.9,42.4,23.1,26.2,7.5,44.8,1704138426,1704092457,tshirt_shorts
Snow,675,3.2,1008.3,74.1,1.7,5.7,7.5,82.4,1704127223,1704089146,medium_coat_scarf
Clouds,828,11.1,1006.3,60.1,8.9,12.5,19.6,89.7,1704138085,1704097486,windproof_jacket
Clouds,879,7.1,988.3,65.1,5.3,8.5,9.2,81.9,1704139027,1704095750,medium_coat_scarf
Drizzle,354,24.8,982.0,72.5,22.8,26.6,3.5,90.2,1704142590,1704096427,light_rain_jacket
Drizzle,377,21.5,1036.5,88.0,20.8,24.0,4.9,13.7,1704133180,1704093134,light_rain_jacket
Clear,888,6.3,995.8,60.7,5.8,9.1,8.6,16.8,1704137587,1704099041,medium_coat_scarf
Clear,834,32.8,996.5,69.0,31.6,35.5,4.4,21.3,1704134697,1704092846,hot_summer
Clear,878,8.0,995.9,61.9,6.2,8.8,5.9,9.3,1704130225,1704092801,medium_coat_scarf
Clouds,838,29.7,1012.3,47.9,28.9,31.1,9.5,67.2,1704137524,1704097109,tshirt_shorts
Clear,847,14.9,1016.1,74.1,13.9,16.7,8.5,27.7,1704126202,1704098347,light_jacket_jeans
Clear,830,37.6,1034.6,34.3,35.5,39.2,6.2,11.5,1704130386,1704093527,hot_summer
Snow,623,-21.3,984.8,44.2,-24.1,-18.3,0.1,39.8,1704139750,1704089341,extreme_cold_gear
Rain,551,18.0,1011.4,90.4,16.9,20.1,5.8,68.6,1704130266,1704089255,raincoat_umbrella
Clear,834,-26.4,985.2,79.6,-28.0,-25.0,6.5,21.5,1704125751,1704095621,extreme_cold_gear
Clear,865,1.5,1034.4,77.2,0.8,2.6,9.6,23.6,1704128929,1704098661,medium_coat_scarf
Snow,627,-8.7,1032.5,72.0,-11.7,-6.9,7.8,68.2,1704127695,1704089380,warm_winter_coat
Clear,802,-23.2,1035.4,37.6,-24.5,-21.4,19.6,4.3,1704137400,1704093106,extreme_cold_gear
Snow,670,5.3,1008.3,64.0,3.6,7.1,4.1,74.5,1704139949,1704096372,medium_coat_scarf
Clouds,842,13.0,1039.0,65.7,11.3,15.7,5.6,83.5,1704138944,1704092554,light_jacket_jeans
Clouds,819,29.5,1008.1,79.6,27.6,31.6,4.8,64.5,1704138233,1704098239,tshirt_shorts
Clouds,897,21.6,1019.9,67.8,20.6,24.4,1.1,28.6,1704132679,1704089000,tshirt_shorts
Clear,876,37.9,1017.0,47.2,37.0,38.9,2.0,21.2,1704138055,1704089196,hot_summer
Drizzle,319,18.1,994.9,54.9,15.8,20.0,6.9,16.8,1704130380,1704091134,light_jacket_jeans
Clear,822,-24.1,984.7,79.1,-26.0,-23.0,16.7,22.5,1704125343,1704096863,extreme_cold_gear
Clouds,885,14.1,994.6,41.6,11.6,16.0,23.6,67.0,1704142402,1704092443,windproof_jacket
Clear,839,22.0,1013.6,45.2,19.7,24.1,6.8,23.7,1704134404,1704099452,tshirt_shorts
Clouds,860,8.5,1020.0,78.3,6.1,10.7,2.3,63.7,1704130041,1704091144,medium_coat_scarf
Clear,820,4.9,1023.7,62.8,4.1,5.6,5.7,26.8,1704134633,1704092259,medium_coat_scarf
Drizzle,382,14.8,1001.0,50.1,13.7,15.7,11.8,25.8,1704130111,1704099590,light_jacket_jeans
Clear,817,39.0,983.1,64.2,36.4,41.5,5.5,23.5,1704128992,1704094291,hot_summer
Clouds,815,9.2,1030.0,47.9,8.1,9.8,18.4,53.4,1704132362,1704095517,windproof_jacket
Clear,871,29.9,1024.6,47.5,28.4,30.8,3.2,17.4,1704135159,1704091249,hot_summer
Clouds,887,16.0,1023.9,75.9,14.1,17.1,2.6,27.3,1704133450,1704097859,light_jacket_jeans
Snow,695,-7.4,1032.2,63.8,-9.2,-5.6,8.7,99.8,1704136656,1704095287,warm_winter_coat
Snow,675,4.6,1022.1,58.3,3.7,5.6,9.6,39.2,1704133216,1704093959,medium_coat_scarf
Drizzle,315,-4.0,1036.3,90.7,-6.6,-1.0,8.7,53.1,1704129579,1704091281,winter_wet_gear
Clouds,864,1.0,1024.9,71.5,-0.5,3.5,6.0,35.8,1704131665,1704091683,medium_coat_scarf
Clear,878,32.8,1008.8,43.5,30.7,33.9,1.9,16.6,1704127855,1704099045,hot_summer
Rain,508,6.4,1012.3,85.3,5.6,8.8,7.2,74.9,1704132775,1704089083,raincoat_umbrella
Clear,834,10.2,989.3,53.7,8.1,12.7,5.6,2.3,1704139506,1704096928,light_jacket_jeans
Clear,832,-7.7,995.8,55.2,-8.4,-5.8,2.7,5.5,1704142660,1704091400,warm_winter_coat
Clear,897,-26.4,1035.8,71.9,-28.2,-23.7,19.4,15.1,1704126142,1704096594,extreme_cold_gear
Snow,663,-2.2,994.3,73.0,-2.9,0.8,4.5,1.0,1704131772,1704093024,warm_winter_coat
Snow,679,-29.2,1016.5,71.7,-31.0,-28.0,4.1,52.4,1704135649,1704094838,extreme_cold_gear
Rain,558,23.9,985.4,84.2,21.9,25.1,6.2,92.7,1704130522,1704096224,light_rain_jacket
Clouds,864,3.2,986.1,52.1,0.4,4.9,9.3,81.7,1704135524,1704089382,medium_coat_scarf
Clouds,821,9.7,1030.6,66.8,7.0,11.8,17.1,51.3,1704130425,1704094294,windproof_jacket
Clear,810,-19.9,980.6,31.2,-21.2,-19.2,10.0,18.1,1704131818,1704097233,extreme_cold_gear
Clear,806,20.6,1022.0,71.9,17.9,21.5,0.3,0.7,1704135548,1704094354,tshirt_shorts
Clouds,836,29.2,1024.5,58.0,26.5,31.5,5.4,69.6,1704131073,1704099577,tshirt_shorts
Snow,684,-28.1,980.3,40.1,-29.6,-25.4,14.0,0.5,1704136497,1704099393,extreme_cold_gear
Snow,635,-14.2,981.6,74.8,-17.0,-11.4,1.7,95.6,1704133801,1704098948,extreme_cold_gear
Clear,866,-25.1,981.9,57.7,-26.1,-23.8,17.4,27.3,1704141247,1704092731,extreme_cold_gear
Snow,698,-6.8,1025.8,86.7,-8.2,-5.0,3.1,66.1,1704125599,1704098219,winter_wet_gear
Rain,545,15.1,1032.7,78.7,13.4,16.1,5.7,67.4,1704135137,1704092487,raincoat_umbrella
Snow,678,4.7,1017.4,70.8,3.7,6.5,2.8,23.9,1704137783,1704091085,medium_coat_scarf
Rain,510,19.1,996.4,82.7,16.3,21.9,14.0,90.8,1704140387,1704094158,raincoat_umbrella
Snow,699,-17.7,1029.1,78.3,-18.5,-16.0,2.6,36.0,1704124963,1704094078,extreme_cold_gear
Clear,827,36.3,1018.9,46.7,33.6,37.2,4.5,10.5,1704124878,1704096052,hot_summer
Clear,857,20.2,1017.0,50.1,18.6,21.9,3.1,5.2,1704142330,1704093759,tshirt_shorts
Clouds,898,10.2,984.0,47.2,8.9,11.4,22.4,56.4,1704140961,1704094261,windproof_jacket
Clear,892,38.7,1039.0,48.4,38.0,41.0,5.7,1.5,1704128117,1704091843,hot_summer
Clear,824,-25.1,1008.2,30.3,-27.2,-23.9,7.7,27.3,1704126459,1704096270,extreme_cold_gear
Rain,520,27.2,1033.1,80.0,26.4,30.1,4.5,13.6,1704127471,1704091056,light_rain_jacket
Snow,687,-0.5,1005.3,68.9,-1.6,0.7,5.0,0.4,1704127302,1704093689,warm_winter_coat
Drizzle,362,-5.9,999.8,79.0,-8.7,-3.9,5.9,43.1,1704135431,1704099324,winter_wet_gear
Snow,668,-11.5,1019.7,37.4,-14.3,-10.4,9.5,91.8,1704130765,1704098986,extreme_cold_gear
Clear,802,-17.4,1020.3,30.9,-20.3,-14.8,11.4,17.6,1704137306,1704092742,extreme_cold_gear
Rain,524,27.1,989.0,79.1,26.5,28.1,9.9,64.4,1704125631,1704095644,light_rain_jacket
Clear,861,-8.4,1018.3,58.7,-10.5,-5.7,8.6,18.6,1704136093,1704092746,warm_winter_coat
Clear,864,-19.2,1008.1,38.2,-20.0,-17.2,17.7,16.9,1704130104,1704096314,extreme_cold_gear
Rain,580,24.2,1024.2,71.8,23.1,25.4,6.9,18.1,1704132126,1704098949,light_rain_jacket
Snow,681,-13.6,989.6,70.1,-15.6,-12.3,2.6,32.1,1704127321,1704092582,extreme_cold_gear
Snow,656,-9.3,1031.8,90.5,-10.1,-8.2,4.0,94.7,1704137854,1704095552,winter_wet_gear
Drizzle,398,27.8,992.8,85.0,25.8,30.5,7.3,10.7,1704132770,1704095143,light_rain_jacket
Rain,556,14.2,1031.2,92.8,11.3,14.7,6.7,45.3,1704130232,1704089982,raincoat_umbrella
Clear,880,25.3,1032.9,67.3,22.9,26.4,6.4,17.6,1704141039,1704096124,tshirt_shorts
Clear,808,31.7,1027.9,61.6,29.0,34.5,3.6,24.7,1704130539,1704093454,hot_summer
Rain,566,15.3,1026.4,77.0,13.1,16.1,9.6,95.0,1704137968,1704089756,raincoat_umbrella
Clouds,840,3.7,1014.2,51.9,2.1,5.2,7.9,93.1,1704127340,1704099322,medium_coat_scarf
Snow,678,-7.1,1008.6,50.6,-9.7,-4.2,7.7,67.7,1704136071,1704090434,warm_winter_coat
Clouds,828,5.9,1029.2,78.7,3.4,8.0,7.2,72.1,1704132646,1704096645,medium_coat_scarf
Rain,506,14.7,1014.2,76.8,13.2,17.0,6.4,31.9,1704129775,1704088900,raincoat_umbrella
Drizzle,356,18.8,1024.4,87.8,16.2,21.0,3.3,14.1,1704131259,1704092967,light_rain_jacket
Snow,601,-1.4,1002.7,77.4,-3.7,-0.9,6.7,36.2,1704139902,1704097223,winter_wet_gear
Rain,509,9.3,1032.7,93.0,6.5,10.6,5.6,38.8,1704134106,1704088893,raincoat_umbrella
Snow,628,-11.4,1033.3,43.8,-14.2,-9.3,7.5,53.7,1704132626,1704089655,extreme_cold_gear
Clear,857,19.6,984.5,80.4,17.0,21.3,9.3,1.5,1704130432,1704097597,light_jacket_jeans
Clouds,820,2.0,1005.3,51.4,1.3,4.1,8.2,14.4,1704140171,1704095094,medium_coat_scarf
Drizzle,374,-6.7,993.2,76.7,-9.7,-5.6,5.3,2.1,1704133527,1704097834,winter_wet_gear
Rain,515,17.9,1000.8,84.4,16.5,19.8,7.0,41.6,1704142287,1704089652,raincoat_umbrella
Clear,857,36.7,996.9,42.2,35.9,39.0,6.6,26.2,1704126537,1704094639,hot_summer
Clear,805,21.5,1001.8,56.9,19.9,22.7,1.9,3.9,1704126497,1704092600,tshirt_shorts
Clear,890,-16.8,994.5,50.8,-19.1,-15.4,4.2,7.3,1704140747,1704091561,extreme_cold_gear
Clear,877,24.8,1027.4,42.2,24.1,26.8,9.8,14.7,1704128232,1704096994,tshirt_shorts
Snow,671,-2.3,1004.9,89.7,-3.8,0.7,6.8,30.8,1704136779,1704092724,winter_wet_gear
Clear,845,32.1,1008.6,46.7,31.5,34.1,4.1,8.1,1704130176,1704093074,hot_summer
Snow,637,-9.2,980.7,52.5,-11.0,-7.8,8.8,95.1,1704137684,1704094861,warm_winter_coat
Clouds,866,15.4,1033.3,48.6,14.8,18.3,24.0,10.4,1704132401,1704099129,windproof_jacket
Clear,813,38.2,985.4,64.2,35.6,39.1,0.8,7.9,1704126620,1704096575,hot_summer
Rain,566,14.0,993.6,99.3,13.4,15.5,14.4,30.5,1704141283,1704097814,raincoat_umbrella
Rain,542,18.5,1028.9,83.7,16.4,19.4,4.7,34.4,1704130089,1704094834,light_rain_jacket
Clear,830,21.9,1007.4,68.7,20.4,22.6,3.5,4.5,1704126562,1704094556,tshirt_shorts
Drizzle,312,-4.7,1039.1,85.2,-7.5,-3.8,9.2,25.4,1704136584,1704089999,winter_wet_gear
Drizzle,307,22.9,1004.2,80.3,22.2,24.3,8.2,86.4,1704125011,1704098886,light_rain_jacket
Clear,851,-4.8,1018.9,58.3,-7.5,-4.0,3.1,28.6,1704142102,1704089373,warm_winter_coat
Rain,573,12.6,1035.3,75.1,11.1,15.1,5.6,1.7,1704133396,1704097851,raincoat_umbrella
Clouds,821,8.6,1028.9,64.9,5.7,9.3,6.9,30.4,1704129386,1704094498,medium_coat_scarf
Clear,826,0.5,1026.1,75.1,-2.2,2.3,9.4,24.1,1704129956,1704096148,medium_coat_scarf
Drizzle,305,21.9,988.2,71.8,20.1,22.4,3.0,34.7,1704127961,1704090851,light_rain_jacket
Clouds,830,19.1,1015.6,66.0,18.1,21.4,11.9,16.1,1704133446,1704089344,light_jacket_jeans
Clouds,803,12.9,988.7,71.7,12.1,13.9,6.1,69.0,1704136682,1704097631,light_jacket_jeans
Drizzle,327,22.2,1008.7,82.9,19.7,24.3,9.1,0.7,1704141019,1704096688,light_rain_jacket
Clouds,811,28.8,1031.9,58.4,26.4,30.6,2.1,41.8,1704139377,1704092924,tshirt_shorts
Clouds,863,9.2,993.5,67.7,8.1,10.2,8.8,91.0,1704134788,1704098302,medium_coat_scarf
Rain,557,18.6,1004.4,97.6,17.3,21.1,13.0,15.9,1704133408,1704091315,raincoat_umbrella
Clear,893,-7.2,1014.8,58.6,-10.1,-4.7,10.5,24.0,1704126936,1704092205,warm_winter_coat
Clouds,811,17.5,1035.9,62.6,15.4,18.4,4.4,82.2,1704126657,1704090365,light_jacket_jeans
Snow,615,-3.7,1034.2,56.0,-6.5,-2.7,1.4,96.1,1704142003,1704092396,warm_winter_coat
Rain,573,6.4,1022.2,88.6,3.6,7.8,11.2,79.3,1704131323,1704089264,raincoat_umbrella
Clear,876,39.6,1027.3,30.9,38.8,40.5,6.4,8.9,1704136370,1704096332,hot_summer
Clouds,851,8.1,988.0,72.8,6.0,10.6,9.1,69.1,1704139672,1704089065,medium_coat_scarf
Clear,897,-4.4,988.4,61.3,-5.1,-3.1,4.0,11.3,1704134522,1704094768,warm_winter_coat
Clear,838,31.1,1035.7,48.6,28.8,31.9,1.1,26.0,1704139343,1704097179,hot_summer
Snow,645,-5.1,1034.7,51.4,-7.7,-2.3,5.9,28.2,1704134290,1704097494,warm_winter_coat
Clear,861,-26.0,1029.5,48.3,-28.9,-23.3,15.8,1.0,1704131582,1704098573,extreme_cold_gear
Rain,567,11.4,1024.7,84.0,9.9,13.3,12.4,90.5,1704142689,1704098436,raincoat_umbrella
Drizzle,365,17.1,1035.1,64.8,14.8,18.6,6.3,57.6,1704137824,1704091215,light_jacket_jeans
Snow,682,-25.7,1025.2,60.8,-26.9,-23.6,18.6,54.8,1704136279,1704096515,extreme_cold_gear
Clear,800,5.1,1013.8,79.1,3.9,7.9,9.0,16.7,1704138157,1704098476,medium_coat_scarf
Clouds,852,14.8,987.6,45.0,13.7,16.5,19.0,53.6,1704140587,1704096014,windproof_jacket
Clear,864,21.0,1026.8,76.2,19.9,22.9,5.7,23.8,1704126413,1704099173,tshirt_shorts
Clear,825,-25.0,984.4,46.5,-27.9,-24.2,2.4,13.5,1704139141,1704098549,extreme_cold_gear
Drizzle,314,-8.9,1010.6,95.9,-11.3,-7.7,10.1,56.0,1704130337,1704098989,winter_wet_gear
Clear,800,35.3,1037.3,42.4,34.8,37.4,6.6,24.6,1704129436,1704089352,hot_summer
Clouds,855,15.9,1030.7,60.8,14.3,17.2,8.7,17.1,1704140294,1704091860,light_jacket_jeans
Clear,829,-17.9,1006.9,69.1,-20.7,-17.4,2.2,23.1,1704135552,1704095885,extreme_cold_gear
Clouds,883,16.6,1011.6,69.5,15.7,17.5,13.5,7.7,1704140873,1704089484,windproof_jacket
Drizzle,317,19.5,1018.7,81.3,17.3,21.8,7.1,5.8,1704128754,1704092679,light_jacket_jeans
Clouds,831,8.1,1002.2,76.5,5.8,9.3,2.5,71.4,1704130571,1704092085,medium_coat_scarf
Rain,518,19.7,981.6,89.4,17.2,20.4,14.7,72.8,1704139234,1704095052,raincoat_umbrella
Rain,513,18.3,1039.2,85.7,16.3,20.2,5.1,17.7,1704141926,1704092826,raincoat_umbrella
Clouds,880,15.6,1039.7,50.7,13.8,17.5,24.4,31.7,1704131535,1704095057,windproof_jacket
Clear,871,-29.9,1020.1,68.9,-31.0,-29.2,10.9,4.9,1704126655,1704099572,extreme_cold_gear
Snow,641,-7.8,983.6,72.3,-8.9,-6.1,3.7,75.1,1704126033,1704090004,warm_winter_coat
Drizzle,396,22.2,1031.9,71.1,21.0,22.7,8.9,59.4,1704126112,1704088815,light_rain_jacket
Drizzle,355,19.9,999.8,77.1,19.3,22.3,6.1,0.5,1704141504,1704089704,light_rain_jacket
Clouds,833,15.7,1001.7,73.8,13.5,16.7,5.4,31.4,1704135531,1704088940,light_jacket_jeans
Clear,816,2.9,999.9,70.2,1.1,4.3,1.4,10.6,1704134645,1704093704,medium_coat_scarf
Clouds,811,13.7,1036.0,60.8,11.6,15.7,13.9,28.5,1704140621,1704095675,windproof_jacket
Drizzle,362,21.3,1030.4,90.4,19.0,23.1,10.0,34.6,1704127555,1704097294,light_rain_jacket
Snow,688,2.3,996.5,70.4,-0.4,2.8,8.4,20.0,1704132121,1704091562,medium_coat_scarf
Clear,856,-15.4,983.2,43.3,-17.1,-12.6,3.7,12.6,1704132105,1704088826,extreme_cold_gear
Clear,855,30.6,991.1,55.0,28.6,33.1,4.6,1.8,1704128881,1704094452,hot_summer
Clouds,888,13.2,987.8,57.6,12.4,14.7,3.1,6.2,1704137518,1704092265,light_jacket_jeans
Drizzle,394,18.1,982.0,72.0,15.1,20.6,8.1,40.0,1704129744,1704096906,light_rain_jacket
Clear,892,-1.8,1027.8,63.9,-2.9,-0.4,4.8,29.7,1704127281,1704099523,warm_winter_coat
Drizzle,348,10.8,1025.3,79.6,9.0,11.8,10.6,24.2,1704134088,1704091837,light_jacket_jeans
Clear,817,32.3,988.5,41.2,31.6,35.2,4.3,24.1,1704128376,1704097140,hot_summer
Rain,576,6.7,983.8,79.6,5.3,7.5,6.0,71.1,1704137105,1704097655,raincoat_umbrella
Snow,663,3.8,1026.2,65.9,1.7,5.4,1.8,3.3,1704134215,1704090785,medium_coat_scarf
Snow,637,-19.9,1034.9,69.7,-20.4,-16.9,14.2,23.1,1704125573,1704091860,extreme_cold_gear
Clouds,802,8.4,984.5,49.5,7.1,11.4,18.1,54.4,1704129195,1704095614,windproof_jacket
Clouds,887,14.1,994.0,47.1,11.5,17.0,20.5,26.5,1704141504,1704091574,windproof_jacket
Snow,666,-2.4,1022.8,85.5,-4.8,-1.0,4.3,24.7,1704129383,1704090493,winter_wet_gear
Rain,545,27.6,1030.2,78.9,25.2,29.1,7.8,25.4,1704124865,1704090190,light_rain_jacket
Drizzle,353,24.0,1025.3,72.7,23.0,26.5,8.1,28.9,1704140053,1704092359,light_rain_jacket
Drizzle,370,17.8,1004.4,84.1,16.1,19.3,8.9,39.0,1704133170,1704097745,light_jacket_jeans
Clear,812,1.0,1012.8,68.4,-1.0,3.4,4.2,2.7,1704130565,1704099457,medium_coat_scarf
Clouds,819,22.0,1036.2,40.3,19.9,24.3,7.1,18.7,1704136443,1704098818,tshirt_shorts
Clear,838,4.8,1033.0,66.3,2.9,6.2,7.9,24.1,1704125340,1704094486,medium_coat_scarf
Clear,890,-22.9,991.7,69.2,-24.8,-21.4,4.1,24.3,1704142402,1704094453,extreme_cold_gear
Drizzle,376,12.6,988.1,81.2,11.8,13.6,6.8,38.4,1704132688,1704089361,light_jacket_jeans
Clear,832,23.8,999.5,63.1,22.9,25.0,7.9,21.5,1704139402,1704090362,tshirt_shorts
Clouds,816,28.1,989.2,44.0,25.8,30.0,0.7,76.4,1704140789,1704093856,tshirt_shorts
Snow,694,-9.6,1015.7,45.2,-11.9,-6.8,9.1,67.4,1704129760,1704095659,warm_winter_coat
Clear,820,20.4,1028.8,66.1,19.4,22.8,7.7,14.8,1704129232,1704096356,tshirt_shorts
Clear,858,28.8,1013.6,42.2,27.4,31.3,9.4,19.8,1704125680,1704090598,tshirt_shorts
Rain,506,10.1,1022.3,81.2,8.7,12.6,10.0,81.3,1704126620,1704093820,raincoat_umbrella
Snow,690,-26.5,1034.5,33.3,-27.0,-23.6,7.5,11.8,1704134854,1704094525,extreme_cold_gear
Rain,588,18.2,1037.3,80.2,17.7,19.3,8.0,87.4,1704132235,1704091043,light_rain_jacket
Drizzle,375,-5.6,991.3,94.8,-7.3,-4.4,14.9,5.1,1704133696,1704096000,winter_wet_gear
Clouds,834,16.0,1021.8,41.4,15.1,17.5,24.8,32.1,1704133694,1704091182,windproof_jacket
Clear,817,-23.5,1012.4,35.9,-24.9,-20.8,19.5,8.2,1704134757,1704096076,extreme_cold_gear
Clear,821,-5.6,1017.6,62.2,-7.5,-3.8,10.9,1.8,1704135038,1704093681,warm_winter_coat
Rain,543,14.4,1001.2,99.9,11.6,15.1,14.8,50.4,1704131596,1704093684,raincoat_umbrella
Clear,861,-25.0,995.5,72.9,-26.8,-24.3,5.0,26.9,1704137496,1704092533,extreme_cold_gear
Snow,698,2.4,985.7,61.0,0.9,3.1,3.9,5.1,1704133346,1704091891,medium_coat_scarf
Rain,514,7.1,1000.1,91.9,4.6,9.2,3.7,84.7,1704137566,1704098200,raincoat_umbrella
Clear,875,29.8,1015.1,56.7,28.2,32.4,2.3,17.6,1704132875,1704091661,hot_summer
Snow,614,0.5,1026.7,79.0,-0.5,3.1,4.7,92.0,1704135203,1704096446,medium_coat_scarf
Clouds,824,10.8,1024.9,56.1,8.2,11.6,4.6,16.4,1704131910,1704089180,light_jacket_jeans
Clear,861,27.1,1008.3,76.7,25.0,27.8,6.7,23.4,1704125482,1704089833,tshirt_shorts
Clouds,814,7.6,1039.1,68.4,5.0,9.2,5.2,72.8,1704137978,1704098571,medium_coat_scarf
Snow,620,-0.6,1031.6,68.4,-1.5,0.5,11.7,31.0,1704126163,1704091142,warm_winter_coat
Clear,880,13.8,1036.1,60.8,12.0,16.5,10.3,26.2,1704132166,1704098745,light_jacket_jeans
Clear,870,3.8,1036.1,75.3,2.2,5.1,1.9,22.4,1704126486,1704090394,medium_coat_scarf
Rain,523,21.8,1016.9,85.6,20.8,23.9,4.6,54.0,1704133459,1704089983,light_rain_jacket
Clouds,838,1.8,1008.7,69.8,1.3,2.5,2.1,52.5,1704129962,1704097864,medium_coat_scarf
Clouds,872,10.9,1009.0,45.7,10.2,11.8,20.1,66.9,1704129457,1704092719,windproof_jacket
Clear,820,-3.0,1037.8,44.6,-3.9,-1.9,2.8,28.3,1704132629,1704098434,warm_winter_coat
Clouds,811,23.5,1020.7,65.5,21.8,26.0,7.5,19.8,1704134459,1704093937,tshirt_shorts
Snow,664,0.2,982.6,66.7,-1.7,2.2,5.7,68.9,1704137795,1704094521,medium_coat_scarf
Snow,635,-26.2,1019.6,61.5,-26.9,-23.6,1.3,79.6,1704127965,1704090132,extreme_cold_gear
Clouds,838,16.8,982.6,56.7,14.7,17.7,15.6,17.5,1704137381,1704094000,windproof_jacket
Clouds,898,16.9,993.4,75.2,14.7,18.0,7.6,94.2,1704141394,1704092281,light_jacket_jeans
Clear,883,3.4,1021.2,59.8,1.9,5.6,7.6,15.4,1704126162,1704089150,medium_coat_scarf
Snow,651,-3.3,993.5,78.7,-5.8,-1.0,9.8,31.0,1704124884,1704091898,winter_wet_gear
Rain,515,26.8,1014.5,87.3,24.0,28.7,2.3,74.7,1704137490,1704097377,light_rain_jacket
Clouds,896,18.8,1032.0,68.4,18.1,20.4,5.7,31.0,1704125354,1704097279,light_jacket_jeans
Snow,659,-16.4,1023.4,53.7,-17.4,-15.1,9.6,45.0,1704126077,1704096774,extreme_cold_gear
Drizzle,398,13.6,1017.9,67.5,12.8,14.9,11.1,39.8,1704132672,1704099366,light_jacket_jeans
Clear,868,27.4,1018.6,69.8,26.9,30.0,6.7,7.3,1704130323,1704094104,tshirt_shorts
Clear,870,29.9,996.5,60.1,28.5,31.8,4.5,14.2,1704135047,1704098401,hot_summer
Clouds,888,11.2,1010.6,66.3,9.2,14.0,22.0,60.3,1704129038,1704098481,windproof_jacket
Snow,673,-2.9,1003.3,88.3,-3.6,0.1,13.0,97.2,1704140396,1704097939,winter_wet_gear
Drizzle,313,19.1,982.8,87.6,16.8,20.4,2.3,95.8,1704140025,1704096034,light_rain_jacket
Clear,884,28.2,1007.0,53.3,26.7,30.8,2.0,28.7,1704136904,1704090836,hot_summer
Clouds,855,17.6,1012.3,42.6,17.1,20.4,22.0,6.1,1704137155,1704096815,windproof_jacket
Snow,607,-8.3,1025.3,82.5,-10.0,-6.1,14.0,73.3,1704126086,1704094909,winter_wet_gear
Rain,544,17.3,1039.9,81.4,15.8,20.3,6.4,32.7,1704131390,1704092788,raincoat_umbrella
Drizzle,359,-7.7,1011.8,94.8,-10.4,-6.2,13.0,2.0,1704139538,1704089228,winter_wet_gear
Clear,837,-15.0,1006.6,59.0,-15.6,-13.3,18.1,4.0,1704129417,1704093525,extreme_cold_gear
Drizzle,336,23.3,980.3,71.4,21.6,26.1,2.3,52.5,1704136648,1704092496,light_rain_jacket
Rain,505,13.4,1011.2,87.1,12.6,14.6,8.1,16.2,1704135389,1704096462,raincoat_umbrella
Clear,893,32.9,1023.0,31.0,32.3,34.0,1.2,19.8,1704136894,1704091295,hot_summer
Snow,611,-9.8,1028.1,50.4,-11.0,-7.8,2.1,48.5,1704137870,1704089559,warm_winter_coat
Snow,689,-8.9,1033.0,50.2,-9.7,-6.3,8.1,23.1,1704137391,1704093218,warm_winter_coat
Rain,579,21.9,1003.2,75.4,18.9,23.8,9.3,77.0,1704137397,1704093982,light_rain_jacket
Snow,683,-1.0,1026.8,64.4,-3.7,1.4,2.5,2.3,1704125224,1704097772,warm_winter_coat
Clouds,816,0.5,1027.8,58.7,-0.2,3.2,8.7,64.3,1704133702,1704094572,medium_coat_scarf
Clouds,847,29.9,1037.8,55.8,28.3,32.3,6.2,83.2,1704134017,1704090183,tshirt_shorts
Rain,531,17.1,1011.8,92.6,15.4,18.0,5.9,55.6,1704129858,1704091212,raincoat_umbrella
Snow,620,-20.4,980.8,33.8,-22.8,-18.3,1.4,30.6,1704135490,1704099596,extreme_cold_gear
Clouds,801,4.6,1004.1,77.8,1.8,5.9,9.1,56.4,1704139074,1704093201,medium_coat_scarf
Rain,564,12.6,1012.7,96.0,10.3,13.1,4.8,34.8,1704126652,1704096041,raincoat_umbrella
Clouds,879,13.4,1012.7,59.0,12.3,15.7,3.8,55.3,1704125177,1704096715,light_jacket_jeans
Snow,650,-20.0,1000.3,60.3,-21.5,-17.4,14.0,98.3,1704138803,1704089176,extreme_cold_gear
Clear,810,25.6,1001.7,63.6,24.6,26.3,9.7,11.8,1704129294,1704097146,tshirt_shorts
Rain,577,21.3,982.7,72.5,19.4,24.2,4.9,38.9,1704139597,1704097638,light_rain_jacket
Clear,862,-28.9,1005.3,73.6,-31.4,-27.1,11.7,25.4,1704133304,1704093235,extreme_cold_gear
Clouds,817,15.1,1004.6,66.2,14.5,16.3,19.5,99.7,1704131211,1704091809,windproof_jacket
Clouds,868,9.6,1001.0,46.1,8.1,12.2,19.3,64.4,1704135102,1704093460,windproof_jacket
Rain,500,10.2,995.2,90.9,7.8,11.9,5.6,64.8,1704141184,1704092419,raincoat_umbrella
Clear,871,7.3,1010.1,77.5,6.8,7.9,8.4,15.1,1704134785,1704096859,medium_coat_scarf
Drizzle,388,26.7,1039.4,93.3,26.1,28.4,7.7,59.7,1704130806,1704091284,light_rain_jacket
Drizzle,323,16.2,984.3,83.6,15.5,17.4,4.5,49.2,1704128834,1704090160,light_jacket_jeans
Clear,865,-4.8,1017.2,52.6,-6.6,-3.2,11.0,3.8,1704137287,1704097063,warm_winter_coat
Clouds,865,6.6,988.3,62.2,5.4,8.1,7.0,11.7,1704126276,1704091532,medium_coat_scarf
Clear,887,35.5,992.1,35.3,33.1,37.7,2.5,27.3,1704128112,1704092050,hot_summer
Snow,698,-22.8,989.6,70.8,-25.0,-21.6,12.7,77.3,1704131532,1704097893,extreme_cold_gear
Clouds,895,14.1,1027.3,65.0,13.5,17.0,18.1,64.7,1704141961,1704098097,windproof_jacket
Clear,828,-11.4,1026.2,65.0,-13.7,-9.5,16.5,18.4,1704129936,1704092638,extreme_cold_gear
Rain,554,11.6,993.4,92.3,8.9,13.0,3.4,61.6,1704134137,1704091594,raincoat_umbrella
Clear,860,-13.2,983.0,55.7,-16.0,-12.3,5.1,0.3,1704139106,1704094191,extreme_cold_gear
Clouds,879,6.9,1033.6,60.2,4.8,7.8,10.0,56.6,1704133060,1704098455,medium_coat_scarf
Clear,896,-9.5,1036.5,69.4,-10.5,-7.8,7.9,18.0,1704131536,1704095978,warm_winter_coat
Snow,628,6.6,1035.3,62.0,4.3,9.5,1.6,0.8,1704126157,1704092112,medium_coat_scarf
Snow,644,-8.0,1027.3,93.5,-11.0,-6.6,14.0,36.9,1704142225,1704091331,winter_wet_gear
Snow,681,-9.4,1035.8,68.7,-11.4,-8.4,9.5,11.9,1704129571,1704093113,warm_winter_coat
Snow,609,-1.8,1024.0,61.5,-3.9,-0.5,1.7,58.0,1704131493,1704094806,warm_winter_coat
Clouds,846,6.0,1002.6,71.0,3.5,7.5,4.7,16.0,1704130198,1704096277,medium_coat_scarf
Snow,651,-8.4,1004.0,62.8,-11.0,-5.8,1.9,61.0,1704140700,1704094491,warm_winter_coat
Snow,666,-24.7,1025.0,36.2,-25.5,-22.8,1.3,67.5,1704131704,1704090449,extreme_cold_gear
Snow,627,-8.6,990.2,96.5,-9.7,-7.1,2.2,48.2,1704129641,1704092391,winter_wet_gear
Clouds,884,17.4,998.9,56.2,15.4,19.0,16.0,55.9,1704132480,1704098344,windproof_jacket
Clouds,871,12.6,1013.3,50.0,10.4,13.7,20.2,65.1,1704131465,1704091461,windproof_jacket
Drizzle,310,26.9,1008.6,70.7,26.4,29.5,8.9,78.2,1704129124,1704095225,light_rain_jacket
Clear,808,35.4,991.7,59.7,33.1,38.2,1.4,26.7,1704135548,1704096994,hot_summer
Clouds,820,29.0,986.4,45.9,27.2,30.3,2.3,14.0,1704142484,1704093370,tshirt_shorts
Drizzle,347,18.7,1014.5,70.5,17.7,21.6,11.4,12.4,1704125687,1704096636,light_jacket_jeans
Clear,800,-8.9,1027.0,41.9,-11.3,-7.9,6.3,5.4,1704140162,1704099497,warm_winter_coat
Clouds,896,26.4,985.9,41.3,25.3,27.9,10.0,68.3,1704132656,1704095776,tshirt_shorts
Rain,599,7.0,1021.4,93.0,4.7,8.3,11.3,93.5,1704131839,1704092616,raincoat_umbrella
Clear,808,-4.9,1022.6,47.3,-7.6,-2.1,2.4,23.0,1704127004,1704098185,warm_winter_coat
Rain,577,5.9,1036.7,99.3,3.6,6.9,3.1,54.8,1704140675,1704095865,raincoat_umbrella
Rain,528,20.0,981.3,87.0,18.2,21.2,2.2,47.8,1704134089,1704094758,light_rain_jacket
Snow,611,-5.4,1037.9,51.8,-7.4,-4.7,6.6,40.7,1704139305,1704098367,warm_winter_coat
Clear,801,11.6,987.6,77.6,10.5,12.4,2.1,16.1,1704129735,1704092686,light_jacket_jeans
Clouds,854,8.7,994.7,68.6,5.7,10.7,19.4,29.2,1704133797,1704093343,windproof_jacket
Rain,562,19.3,1019.6,70.9,18.7,19.9,9.9,77.7,1704137828,1704095283,light_rain_jacket
Clear,855,7.5,1011.6,76.3,5.0,8.3,7.6,3.0,1704125708,1704092958,medium_coat_scarf
Clouds,861,9.4,987.0,42.2,6.6,11.9,24.2,25.0,1704141981,1704092501,windproof_jacket
Snow,616,-4.2,1016.6,48.8,-6.5,-2.4,11.3,17.6,1704139821,1704093910,warm_winter_coat
Snow,639,-25.5,1016.3,70.9,-26.7,-22.7,10.5,15.6,1704141121,1704091072,extreme_cold_gear
Rain,526,17.0,1010.4,83.5,16.4,19.6,11.0,90.5,1704131849,1704090642,raincoat_umbrella
Clear,897,-5.7,991.2,67.4,-7.8,-3.7,11.2,1.0,1704138938,1704092486,warm_winter_coat
Drizzle,343,-6.8,1001.3,77.8,-7.7,-3.8,2.5,61.8,1704125208,1704091762,winter_wet_gear
Drizzle,382,-6.6,1035.3,87.1,-9.5,-4.9,3.3,25.8,1704135189,1704098052,winter_wet_gear
Clear,865,-15.3,989.6,77.5,-16.0,-14.3,14.2,28.1,1704127951,1704091879,extreme_cold_gear
Rain,536,19.0,990.3,73.9,16.3,20.6,8.8,11.1,1704135267,1704090497,light_rain_jacket
Clouds,836,24.8,1024.3,44.2,22.0,26.3,6.1,76.7,1704140377,1704099093,tshirt_shorts
Snow,684,-1.5,1025.0,69.7,-2.4,-0.3,8.5,77.7,1704128208,1704089925,warm_winter_coat
Snow,626,-4.0,1034.6,59.0,-6.2,-1.2,8.5,42.1,1704130349,1704094650,warm_winter_coat
Drizzle,345,-4.2,998.1,97.3,-4.9,-2.5,7.2,91.5,1704131670,1704091528,winter_wet_gear
Clear,823,26.7,983.5,57.4,26.1,29.3,5.6,20.9,1704129067,1704097709,tshirt_shorts
Snow,661,2.9,1015.9,58.5,1.4,4.8,8.6,8.3,1704125517,1704091516,medium_coat_scarf
Snow,663,-27.8,1002.4,78.9,-28.8,-24.9,13.9,24.7,1704133562,1704093329,extreme_cold_gear
Drizzle,329,-5.7,995.8,81.3,-6.4,-3.7,4.8,10.5,1704139285,1704099036,winter_wet_gear
Snow,667,-23.6,995.0,64.0,-25.0,-22.8,17.8,82.6,1704133428,1704089237,extreme_cold_gear
Drizzle,312,-1.1,1005.4,75.8,-2.9,1.0,11.5,68.9,1704136162,1704095999,winter_wet_gear
Snow,607,2.1,1030.4,58.3,0.5,3.3,7.9,70.0,1704141261,1704093392,medium_coat_scarf
Snow,685,-18.4,982.5,66.9,-19.5,-16.2,17.9,91.5,1704126767,1704097152,extreme_cold_gear
Clear,847,30.3,980.5,43.8,29.7,33.2,2.9,25.2,1704134439,1704098434,hot_summer
Clear,810,12.9,1002.0,79.7,11.4,13.5,3.5,3.7,1704132013,1704091743,light_jacket_jeans
Clouds,853,14.5,989.9,55.5,13.0,16.8,7.3,42.9,1704139593,1704090877,light_jacket_jeans
Snow,621,-3.7,1013.2,46.5,-6.2,-2.3,3.8,56.1,1704135285,1704094732,warm_winter_coat
Clear,800,27.8,1010.5,64.5,25.4,29.6,0.7,2.5,1704128096,1704099098,tshirt_shorts
Rain,593,18.6,981.8,83.4,15.7,19.1,4.8,65.6,1704137464,1704091720,light_rain_jacket
Drizzle,302,20.8,1004.1,90.2,18.7,22.0,3.5,86.5,1704139427,1704095755,light_rain_jacket
Clear,895,36.8,1023.2,56.6,34.1,39.6,0.9,15.0,1704139571,1704089395,hot_summer
Clear,890,-28.3,1023.3,52.1,-30.0,-25.8,18.9,7.0,1704128466,1704090910,extreme_cold_gear
Clear,885,35.2,1022.1,56.6,33.4,35.7,3.4,12.3,1704136704,1704096270,hot_summer
Clear,841,29.5,993.5,43.5,28.0,31.1,7.4,11.2,1704141775,1704095419,hot_summer
Clear,846,20.7,1008.3,74.4,18.1,23.0,8.7,15.4,1704125104,1704091663,tshirt_shorts
Drizzle,359,16.9,1023.4,84.8,15.3,18.4,6.7,49.5,1704131404,1704094249,light_jacket_jeans
Rain,587,15.1,996.0,91.2,12.5,15.6,10.4,26.7,1704135783,1704090760,raincoat_umbrella
Clear,871,-1.4,1000.5,59.3,-2.3,1.3,11.2,21.0,1704141882,1704091478,warm_winter_coat
Clear,831,28.3,999.3,42.1,26.4,30.8,7.4,7.6,1704141774,1704089913,hot_summer
Clear,836,30.1,1034.9,39.4,29.3,32.5,4.0,6.4,1704141212,1704094206,hot_summer
Snow,666,-2.9,1024.3,88.9,-4.0,-2.3,3.0,83.9,1704136328,1704097342,winter_wet_gear
Snow,685,-9.7,1009.2,68.5,-11.5,-8.6,3.7,74.8,1704135484,1704098586,warm_winter_coat
Clouds,849,20.2,1029.0,70.7,17.6,21.4,4.0,70.8,1704142294,1704090799,tshirt_shorts
Clear,832,30.6,1019.1,56.4,28.4,33.6,3.2,3.2,1704142389,1704089320,hot_summer
Clouds,847,10.3,1020.7,60.3,7.7,11.2,14.6,97.7,1704132401,1704094421,windproof_jacket
Clear,816,26.7,1016.5,51.3,25.7,28.7,6.4,4.6,1704129573,1704090184,tshirt_shorts
Snow,694,-29.3,980.4,76.9,-32.2,-26.4,12.9,96.0,1704128123,1704098400,extreme_cold_gear
Snow,663,-9.7,1019.5,51.4,-10.8,-7.9,5.7,80.6,1704141920,1704091324,warm_winter_coat
Clouds,857,14.8,1033.8,47.4,14.0,16.1,17.0,59.0,1704133466,1704095574,windproof_jacket
Clear,808,34.5,1018.8,56.2,33.9,36.2,3.1,1.3,1704140780,1704094735,hot_summer
Clouds,886,22.1,1013.2,70.2,21.3,22.8,8.0,48.9,1704130395,1704092467,tshirt_shorts
Drizzle,332,-5.8,1013.1,88.0,-7.2,-3.6,7.1,5.4,1704140085,1704098935,winter_wet_gear
Clouds,868,6.4,1035.6,62.0,5.7,7.3,8.5,43.2,1704130654,1704096581,medium_coat_scarf
Clouds,858,14.2,992.8,66.1,13.5,17.1,12.0,9.6,1704138287,1704098909,windproof_jacket
Drizzle,304,19.2,1003.8,93.2,18.5,20.5,5.9,57.8,1704126602,1704095689,light_rain_jacket
Drizzle,371,21.2,987.6,79.6,19.8,23.4,6.8,74.3,1704140457,1704098875,light_rain_jacket
Snow,695,-26.9,1018.0,36.9,-28.3,-24.1,13.9,70.8,1704125391,1704090028,extreme_cold_gear
Clear,813,-2.8,983.6,67.5,-4.1,-1.8,1.5,27.5,1704133367,1704090129,warm_winter_coat
Snow,614,-1.0,1016.0,88.5,-3.8,0.4,2.8,48.5,1704125491,1704096921,winter_wet_gear
Snow,610,-2.8,1026.3,58.5,-3.6,-0.1,7.5,35.1,1704132527,1704099222,warm_winter_coat
Clear,820,-20.8,989.2,43.2,-21.4,-18.2,20.0,24.8,1704139707,1704093951,extreme_cold_gear
Drizzle,379,13.9,989.0,68.8,12.6,15.3,8.1,41.7,1704127677,1704089786,light_jacket_jeans
Clear,895,21.8,991.6,72.3,19.6,23.9,6.1,14.2,1704140988,1704093414,tshirt_shorts
Drizzle,351,12.9,982.4,51.6,11.0,14.4,9.8,30.8,1704129753,1704091848,light_jacket_jeans
Rain,574,10.2,1024.1,88.0,9.3,11.1,14.2,57.7,1704137916,1704094223,raincoat_umbrella
Clear,834,-25.7,1039.6,30.7,-26.5,-23.2,10.3,29.5,1704139368,1704090671,extreme_cold_gear
Clear,898,-25.2,1015.8,60.6,-26.5,-24.0,5.5,22.9,1704133950,1704096648,extreme_cold_gear
Snow,650,-6.8,994.7,90.7,-7.8,-5.7,14.3,17.3,1704142776,1704095693,winter_wet_gear
Drizzle,302,-3.9,984.9,85.0,-6.2,-2.1,11.6,72.6,1704134146,1704091643,winter_wet_gear
Clear,854,-3.4,997.2,40.8,-5.3,-2.0,3.2,11.0,1704133329,1704097710,warm_winter_coat
Snow,601,9.0,1011.8,55.3,6.1,10.4,3.1,5.3,1704126690,1704094084,medium_coat_scarf
Clouds,833,12.0,1036.2,56.5,9.0,13.2,18.9,35.2,1704128244,1704089976,windproof_jacket
Rain,538,14.4,1031.4,80.6,13.5,16.5,7.7,73.9,1704126430,1704095589,raincoat_umbrella
Snow,638,-29.8,987.5,34.7,-31.8,-28.8,1.7,5.0,1704140726,1704098116,extreme_cold_gear
Snow,604,-2.7,1004.7,98.4,-4.5,-1.9,6.8,1.5,1704138832,1704096532,winter_wet_gear
Clear,827,3.8,985.0,59.9,0.9,5.6,8.9,13.3,1704130042,1704090229,medium_coat_scarf
Snow,606,-0.2,1033.0,97.1,-2.0,1.3,8.2,67.2,1704135422,1704096154,winter_wet_gear
Clear,816,-19.9,1002.5,52.8,-22.4,-18.3,10.0,2.5,1704142479,1704097709,extreme_cold_gear
Snow,631,-4.2,1035.7,59.4,-6.9,-3.2,10.1,69.9,1704131362,1704094236,warm_winter_coat
Clear,876,17.5,1027.6,56.5,15.9,18.0,4.4,2.8,1704137381,1704092545,light_jacket_jeans
Clear,837,17.7,1010.5,79.5,15.5,18.8,9.1,18.8,1704141905,1704097543,light_jacket_jeans
Snow,678,-0.5,1009.2,82.2,-2.2,0.4,10.5,73.2,1704136963,1704098222,winter_wet_gear
Clear,808,-27.0,981.5,40.2,-28.9,-26.0,15.0,10.1,1704140806,1704098230,extreme_cold_gear
Clouds,848,16.8,1031.2,53.2,13.9,19.5,22.7,40.0,1704140396,1704099320,windproof_jacket
Rain,566,23.4,1017.2,78.8,22.1,24.9,7.8,30.6,1704141767,1704089573,light_rain_jacket
Snow,631,-9.9,1029.0,51.1,-12.7,-7.3,5.7,40.8,1704127602,1704090881,warm_winter_coat
Clear,814,30.0,1002.3,66.7,28.6,32.9,2.6,22.8,1704135553,1704096769,hot_summer
Clear,850,26.4,1005.6,78.1,25.5,28.3,8.4,19.3,1704134129,1704099398,tshirt_shorts
Rain,558,11.2,1039.7,86.7,8.4,12.4,10.5,60.0,1704133880,1704093102,raincoat_umbrella
Clouds,864,7.0,990.5,55.6,5.8,9.1,6.3,72.2,1704133588,1704098332,medium_coat_scarf
Clouds,810,17.6,1005.9,78.7,16.6,19.9,11.2,98.5,1704139504,1704094567,light_jacket_jeans
Clear,879,28.3,1001.2,74.0,25.9,30.6,6.3,2.3,1704137949,1704098656,tshirt_shorts
Rain,527,6.6,1037.3,89.6,4.4,7.6,13.2,86.1,1704125655,1704089584,raincoat_umbrella
Drizzle,381,13.9,1015.9,81.0,12.2,15.4,10.5,27.3,1704126650,1704092619,light_jacket_jeans
Clouds,882,2.0,1014.2,72.4,-0.0,3.0,4.3,20.0,1704131757,1704090602,medium_coat_scarf
Clouds,899,1.3,994.9,65.1,0.3,2.6,7.7,36.9,1704129067,1704098101,medium_coat_scarf
Clouds,892,26.9,1024.6,61.4,25.6,29.4,2.4,47.3,1704141672,1704096324,tshirt_shorts
Clear,836,-15.5,1013.3,43.4,-16.3,-13.8,12.1,15.8,1704141497,1704094746,extreme_cold_gear
Rain,528,20.7,989.3,92.8,18.6,22.8,9.0,89.8,1704132091,1704098008,light_rain_jacket
Drizzle,351,-4.1,1026.9,83.6,-4.7,-1.2,10.7,79.1,1704140922,1704095135,winter_wet_gear
Drizzle,328,27.1,1005.0,79.0,26.0,27.8,4.4,41.0,1704135585,1704089973,light_rain_jacket
Clear,878,10.9,986.3,81.1,9.7,11.6,11.1,29.7,1704132153,1704088854,light_jacket_jeans
Snow,641,-19.2,980.2,79.5,-22.0,-17.4,17.3,17.6,1704133863,1704097002,extreme_cold_gear
Drizzle,353,21.2,1018.3,76.0,19.0,22.1,7.3,91.2,1704128062,1704096917,light_rain_jacket
Clear,852,36.3,1024.1,52.7,34.6,37.2,6.4,18.3,1704132343,1704091622,hot_summer
Drizzle,347,20.1,1012.6,93.0,18.1,22.0,2.2,98.5,1704130007,1704096170,light_rain_jacket
Clear,847,32.3,1012.9,54.5,31.1,33.0,4.7,19.2,1704128842,1704090088,hot_summer
Rain,528,14.3,980.4,83.7,13.4,16.4,10.5,98.2,1704127888,1704096530,raincoat_umbrella
Clouds,839,17.1,1011.2,60.0,14.4,18.3,13.7,63.7,1704139196,1704097377,windproof_jacket
Clouds,845,0.9,1024.8,59.1,-1.0,3.0,1.2,91.2,1704133868,1704089301,medium_coat_scarf
Snow,623,-6.6,982.6,81.3,-8.0,-4.7,14.5,5.6,1704140224,1704092352,winter_wet_gear
Drizzle,312,12.2,986.3,82.4,9.2,13.2,7.7,19.3,1704132362,1704095393,light_jacket_jeans
Clear,894,-19.8,1008.0,38.4,-22.0,-18.3,11.6,12.1,1704136520,1704093112,extreme_cold_gear
Drizzle,353,23.0,1035.0,77.4,21.8,24.6,2.4,1.2,1704134734,1704092246,light_rain_jacket
Clear,889,-19.0,1039.9,33.3,-21.2,-16.4,13.4,5.0,1704137535,1704097915,extreme_cold_gear
Clear,882,32.3,999.7,64.4,29.9,33.2,3.3,13.6,1704141926,1704090921,hot_summer
Drizzle,325,19.7,1001.2,70.1,17.9,20.3,3.3,54.7,1704129756,1704099069,light_jacket_jeans
Drizzle,302,21.3,1022.8,91.7,18.8,22.7,7.8,26.9,1704129976,1704093135,light_rain_jacket
Drizzle,372,23.5,1013.9,81.3,22.1,24.6,3.9,9.1,1704141458,1704090141,light_rain_jacket
Snow,658,-21.5,987.2,56.1,-23.6,-19.5,15.0,35.2,1704140803,1704097232,extreme_cold_gear
Clouds,816,29.5,990.8,61.9,26.9,31.6,9.5,72.4,1704134966,1704095354,tshirt_shorts
Snow,643,-8.4,989.9,88.3,-10.4,-6.7,9.7,27.5,1704140184,1704095927,winter_wet_gear
Clear,822,16.8,1022.7,84.5,15.9,18.3,11.4,15.7,1704137853,1704095119,light_jacket_jeans
Clouds,848,13.0,1013.9,54.4,11.2,14.0,22.5,88.8,1704140430,1704090198,windproof_jacket
Clouds,806,25.5,1020.8,65.3,22.6,27.9,4.4,10.8,1704130493,1704095616,tshirt_shorts
Clear,858,-17.9,994.2,33.9,-19.6,-16.6,1.9,23.4,1704128254,1704097974,extreme_cold_gear
Clouds,877,28.6,996.4,41.3,27.5,31.0,0.8,20.0,1704124903,1704094881,tshirt_shorts
Rain,576,20.9,1015.1,88.3,18.4,23.2,7.0,65.3,1704131334,1704089938,light_rain_jacket
Clear,800,23.9,1005.0,47.4,22.2,24.6,7.9,2.8,1704129112,1704090192,tshirt_shorts
Snow,648,-8.4,1031.5,89.2,-10.0,-7.6,15.0,51.5,1704135507,1704093320,winter_wet_gear
Clear,809,35.0,987.6,46.1,34.1,37.3,2.7,11.8,1704125854,1704091055,hot_summer
Drizzle,331,10.4,1016.4,58.3,9.2,12.9,9.8,20.6,1704130814,1704091058,light_jacket_jeans
Drizzle,308,-8.1,995.4,95.1,-10.7,-5.8,5.4,42.2,1704125649,1704098213,winter_wet_gear
Clouds,864,28.4,987.4,51.4,26.1,29.0,5.8,69.0,1704132264,1704096098,tshirt_shorts
Snow,626,-15.1,1035.3,48.6,-17.1,-13.7,6.5,88.9,1704136747,1704097357,extreme_cold_gear
Clear,872,26.8,1004.8,74.9,24.8,27.5,4.3,22.9,1704125354,1704098434,tshirt_shorts
Drizzle,300,18.5,1021.8,77.9,15.5,19.0,11.9,75.1,1704138101,1704095647,light_jacket_jeans
Clear,881,22.8,988.1,62.3,20.8,25.7,7.1,24.4,1704126746,1704092466,tshirt_shorts
Clouds,860,3.2,984.1,63.0,2.2,4.8,9.7,16.9,1704142177,1704089455,medium_coat_scarf
Snow,614,-5.5,984.3,44.0,-6.7,-3.5,4.3,49.2,1704129189,1704093729,warm_winter_coat
Drizzle,352,18.7,1029.2,86.4,17.0,20.9,2.9,79.3,1704133499,1704097144,light_rain_jacket
Clear,891,-17.0,988.1,42.1,-18.7,-16.3,14.1,29.1,1704135185,1704095027,extreme_cold_gear
Clear,838,30.8,1037.5,50.1,28.1,33.6,5.9,6.6,1704136237,1704098697,hot_summer
Snow,664,-0.3,998.2,52.9,-2.6,0.3,4.6,77.1,1704136431,1704089755,warm_winter_coat
Clear,815,31.8,1023.2,34.6,30.6,32.3,0.9,25.6,1704125817,1704091209,hot_summer
Clear,817,11.7,1019.4,62.8,9.5,14.5,7.6,9.9,1704127654,1704095841,light_jacket_jeans
Rain,517,19.0,1031.7,89.4,16.2,20.4,2.8,10.7,1704140037,1704095544,light_rain_jacket
Rain,513,23.1,993.7,90.4,20.2,24.3,7.2,84.8,1704130893,1704091036,light_rain_jacket
Rain,560,21.9,989.2,79.7,20.9,23.3,5.1,75.4,1704124801,1704096049,light_rain_jacket
Clear,851,37.8,991.8,45.3,36.5,39.9,1.1,7.1,1704137329,1704095290,hot_summer
Rain,596,25.4,997.2,92.2,22.7,26.3,8.2,58.4,1704127661,1704090560,light_rain_jacket
Clear,879,21.7,998.1,45.4,19.0,22.8,6.3,0.6,1704137713,1704098836,tshirt_shorts
Clear,856,-18.3,1011.5,71.1,-21.2,-16.7,19.2,2.2,1704142299,1704089906,extreme_cold_gear
Clouds,816,8.5,1002.6,63.5,6.9,10.9,17.9,44.7,1704133646,1704098821,windproof_jacket
Snow,656,3.4,1019.9,75.2,2.9,4.6,8.3,50.6,1704125721,1704090510,medium_coat_scarf
Snow,641,-17.2,983.8,30.9,-18.2,-15.5,3.6,29.0,1704139959,1704095877,extreme_cold_gear
Rain,583,9.1,983.0,86.1,7.8,11.0,5.5,51.7,1704127380,1704099022,raincoat_umbrella
Rain,503,9.7,1006.1,83.6,7.9,12.6,6.0,46.4,1704135769,1704098570,raincoat_umbrella
Drizzle,376,18.9,989.2,57.8,16.7,20.4,11.9,60.1,1704140836,1704093930,light_jacket_jeans
Clouds,870,13.1,985.4,52.3,11.7,13.7,24.1,61.6,1704136102,1704091108,windproof_jacket
Rain,594,10.4,1022.3,84.7,9.4,11.8,6.4,35.9,1704138088,1704098021,raincoat_umbrella
Clouds,821,5.4,1035.6,62.3,2.6,6.6,7.5,81.2,1704134418,1704090079,medium_coat_scarf
Snow,657,7.1,1025.1,53.1,6.3,7.8,9.8,16.3,1704129053,1704096703,medium_coat_scarf
Snow,638,-7.4,1009.8,51.4,-10.2,-5.2,8.8,37.3,1704132383,1704094142,warm_winter_coat
Clear,860,-22.5,1015.3,34.3,-25.3,-21.7,14.8,13.3,1704128252,1704094089,extreme_cold_gear
Clear,873,14.8,1038.1,81.8,12.1,16.4,5.2,2.9,1704140631,1704089596,light_jacket_jeans
Clouds,813,12.6,984.2,53.6,11.0,14.3,7.1,22.3,1704137501,1704094906,light_jacket_jeans
Rain,535,8.5,995.3,90.0,7.6,9.0,6.2,80.8,1704133637,1704092437,raincoat_umbrella
Clouds,863,10.3,1034.7,54.3,9.4,11.7,7.8,90.7,1704133246,1704089266,light_jacket_jeans
Clear,832,4.1,982.4,76.5,2.0,5.7,3.1,22.8,1704139635,1704097928,medium_coat_scarf
Rain,520,23.7,985.1,75.7,22.8,24.8,2.2,71.0,1704136630,1704092874,light_rain_jacket
Snow,670,7.3,993.6,65.8,5.7,9.3,2.6,9.8,1704142122,1704095074,medium_coat_scarf
Snow,673,-0.6,1010.8,93.5,-2.7,1.1,12.8,39.3,1704131061,1704092836,winter_wet_gear
Rain,552,8.2,1012.9,76.4,6.8,9.2,10.9,11.1,1704141922,1704092380,raincoat_umbrella
Snow,607,-20.3,1016.8,62.8,-22.6,-19.6,18.5,83.6,1704128391,1704098431,extreme_cold_gear
Clear,815,-4.8,987.5,53.0,-5.7,-3.6,3.9,0.7,1704129137,1704094042,warm_winter_coat
Clouds,809,10.6,1020.4,80.8,9.1,13.0,3.4,39.1,1704137861,1704094194,light_jacket_jeans
Clouds,887,14.9,1039.3,77.4,13.4,16.1,8.9,51.0,1704140511,1704093950,light_jacket_jeans
Rain,528,17.2,1001.3,80.5,16.4,19.5,11.7,66.7,1704125584,1704099298,raincoat_umbrella
Clear,852,-7.5,1030.4,49.9,-9.9,-4.9,3.5,29.4,1704134317,1704095501,warm_winter_coat
Snow,649,-9.1,1026.4,66.3,-12.0,-8.3,3.9,94.9,1704138785,1704089390,warm_winter_coat
Drizzle,303,27.2,1018.9,84.6,24.4,28.2,3.5,46.5,1704137068,1704096489,light_rain_jacket
Clouds,880,27.7,1024.2,58.5,24.8,30.3,7.1,13.8,1704128150,1704091008,tshirt_shorts
Clouds,879,14.8,987.7,67.3,13.5,15.6,18.4,6.1,1704125060,1704094583,windproof_jacket
Clear,889,-19.6,983.8,32.7,-20.9,-18.1,3.0,22.6,1704142196,1704096061,extreme_cold_gear
Snow,624,-9.1,1023.0,42.9,-11.4,-6.3,6.2,77.4,1704140196,1704089361,warm_winter_coat
Clouds,890,17.9,1022.0,71.9,15.9,20.3,5.4,84.4,1704135091,1704096890,light_jacket_jeans
Clear,892,5.3,995.2,78.4,4.3,8.0,4.2,20.8,1704137366,1704092975,medium_coat_scarf
Clouds,804,19.2,1031.6,55.6,18.7,21.9,5.0,19.9,1704132260,1704092325,light_jacket_jeans
Clouds,835,16.5,1038.8,68.2,14.3,18.7,22.4,74.7,1704137094,1704098520,windproof_jacket
Drizzle,354,17.2,997.0,69.3,16.6,19.1,9.9,18.4,1704130670,1704096236,light_jacket_jeans
Snow,664,-2.5,1016.7,99.7,-4.4,-0.9,14.0,51.1,1704137976,1704093986,winter_wet_gear
Snow,643,-9.0,1031.0,88.1,-11.8,-7.0,5.3,51.1,1704137290,1704094242,winter_wet_gear
Drizzle,361,-2.1,1037.5,94.7,-3.6,-1.4,5.5,1.8,1704125830,1704092956,winter_wet_gear
Snow,684,-1.1,983.7,59.3,-2.1,1.6,1.8,14.3,1704128431,1704097207,warm_winter_coat
Clear,870,35.3,989.1,44.0,34.2,37.9,0.9,6.8,1704134221,1704094861,hot_summer
Clear,851,29.9,1033.3,77.5,27.7,32.6,8.6,14.0,1704142111,1704093043,tshirt_shorts
Clouds,876,8.7,984.1,64.3,8.1,11.5,8.0,44.5,1704126310,1704099150,medium_coat_scarf
Clear,888,22.3,1027.7,76.7,19.9,25.2,1.9,29.0,1704128714,1704095831,tshirt_shorts
Clear,809,22.7,1036.9,58.5,21.6,25.0,5.5,30.0,1704124945,1704092882,tshirt_shorts
Drizzle,314,21.0,1036.0,92.6,19.5,21.7,2.9,77.9,1704131564,1704089007,light_rain_jacket
Clouds,816,27.2,1024.8,72.4,25.0,29.6,4.1,40.4,1704131017,1704099512,tshirt_shorts
Drizzle,350,10.8,1024.7,50.7,8.8,12.0,5.7,17.3,1704139171,1704097407,light_jacket_jeans
Clear,820,34.6,995.3,53.6,32.0,35.6,5.2,10.9,1704134927,1704097730,hot_summer
Clear,852,21.0,1025.3,64.5,19.9,23.8,0.9,0.6,1704126113,1704096560,tshirt_shorts
Clear,845,-4.4,1024.6,73.2,-5.2,-2.9,1.9,6.2,1704139686,1704095096,warm_winter_coat
Rain,528,10.7,1020.4,80.3,9.4,13.1,4.0,58.1,1704133638,1704097180,raincoat_umbrella
Drizzle,388,-8.4,1019.5,77.1,-10.4,-7.8,5.2,52.0,1704137255,1704089663,winter_wet_gear
Rain,501,23.1,1022.8,93.5,20.8,24.3,6.9,8.7,1704140093,1704090047,light_rain_jacket
Clouds,866,24.7,993.3,41.2,24.1,26.5,9.7,47.3,1704125603,1704092903,tshirt_shorts
Snow,694,-1.6,1004.4,41.9,-3.2,0.6,6.4,99.7,1704135863,1704091871,warm_winter_coat
Clear,893,11.5,993.1,84.1,8.5,13.2,2.9,13.3,1704137299,1704094744,light_jacket_jeans
Clear,837,-9.6,1006.3,66.9,-12.1,-7.2,11.5,23.8,1704128671,1704096993,warm_winter_coat
Snow,673,-0.4,1023.6,57.9,-3.3,0.1,6.6,19.3,1704136061,1704088819,warm_winter_coat
Snow,601,-5.4,1020.9,70.2,-6.9,-4.5,5.7,38.9,1704140732,1704089755,warm_winter_coat
Rain,521,5.2,1030.2,98.9,4.4,7.2,9.0,54.8,1704125425,1704099571,raincoat_umbrella
Drizzle,323,-9.2,1031.4,75.5,-10.3,-6.3,11.9,24.0,1704127817,1704095886,winter_wet_gear
Clouds,809,27.2,1018.0,55.5,25.9,28.8,2.1,97.6,1704134547,1704096079,tshirt_shorts
Clouds,815,5.1,981.9,68.3,2.4,6.8,6.5,44.5,1704134277,1704093501,medium_coat_scarf
Clear,854,16.1,992.9,75.1,13.5,17.4,5.7,16.1,1704129820,1704091526,light_jacket_jeans
Drizzle,339,-5.9,991.1,90.2,-7.8,-4.0,14.2,41.7,1704129622,1704095942,winter_wet_gear
Drizzle,329,12.4,1008.4,70.6,9.6,13.1,11.0,85.7,1704133368,1704089834,light_jacket_jeans
Clear,831,28.1,1035.6,30.4,26.1,29.2,2.9,6.9,1704140064,1704092274,hot_summer
Clouds,836,10.8,999.3,79.4,9.5,13.3,10.3,29.9,1704130735,1704097781,light_jacket_jeans
Clouds,897,15.0,1005.2,58.6,13.4,17.1,7.8,20.6,1704130801,1704089565,light_jacket_jeans
Snow,631,0.0,991.0,55.8,-1.8,2.3,2.7,51.0,1704126467,1704090975,medium_coat_scarf
Clouds,815,12.0,1028.4,77.9,9.9,12.7,2.4,2.7,1704137794,1704091513,light_jacket_jeans
Clouds,844,13.0,990.2,61.2,10.9,14.8,6.3,49.6,1704125995,1704095990,light_jacket_jeans
Drizzle,347,25.6,1037.8,77.4,24.8,28.3,3.5,92.1,1704136218,1704098421,light_rain_jacket
Rain,526,24.7,1000.9,81.2,24.2,25.3,6.9,73.8,1704141552,1704096534,light_rain_jacket
Drizzle,378,10.9,1007.3,61.5,9.2,11.4,6.4,77.5,1704140726,1704096469,light_jacket_jeans
Clear,858,-9.0,1023.4,68.3,-10.1,-6.2,10.1,20.5,1704128085,1704091700,warm_winter_coat
Rain,522,10.0,1038.5,94.7,7.5,11.4,4.1,11.7,1704126135,1704098144,raincoat_umbrella
Clear,869,-14.9,1036.8,38.2,-16.7,-12.6,7.5,16.7,1704133674,1704093304,extreme_cold_gear
Drizzle,378,18.8,1000.4,83.5,16.2,19.5,4.9,45.8,1704128335,1704094454,light_rain_jacket
Snow,687,-29.6,1034.2,67.4,-30.1,-28.0,9.5,50.0,1704141379,1704090647,extreme_cold_gear
Snow,639,9.1,1036.2,75.3,7.8,10.5,1.8,36.6,1704134088,1704092256,medium_coat_scarf
Rain,596,8.5,997.3,75.9,5.7,9.6,7.8,26.4,1704127055,1704090197,raincoat_umbrella
Clouds,829,28.8,992.5,61.1,26.7,30.4,3.3,80.0,1704130816,1704091148,tshirt_shorts
Snow,615,-1.1,989.7,76.1,-3.0,1.2,4.8,35.7,1704127653,1704098550,winter_wet_gear
Drizzle,371,18.7,995.3,55.4,16.0,20.4,10.2,42.7,1704127677,1704090928,light_jacket_jeans
Snow,658,-9.8,1008.6,62.6,-11.6,-8.5,7.7,87.6,1704142123,1704096506,warm_winter_coat
Clouds,824,11.5,1038.7,59.3,9.7,12.7,14.8,7.6,1704132509,1704095289,windproof_jacket
Clear,809,26.6,1020.0,67.3,24.0,27.3,4.8,2.4,1704135182,1704090406,tshirt_shorts
Drizzle,375,-8.3,992.1,84.1,-11.2,-6.5,8.3,29.0,1704129648,1704098192,winter_wet_gear
Rain,537,21.0,1015.5,76.7,18.3,23.4,6.0,56.7,1704134942,1704089363,light_rain_jacket
Snow,686,-27.9,1002.7,62.3,-30.0,-27.0,10.2,26.2,1704127892,1704097557,extreme_cold_gear
Snow,649,-14.7,1037.2,48.7,-16.0,-13.0,0.5,18.1,1704135261,1704099053,extreme_cold_gear
Clear,887,29.0,1039.3,69.7,26.5,31.1,1.2,29.3,1704140389,1704095040,hot_summer
Clear,870,-3.6,1019.4,41.2,-6.0,-0.7,4.9,10.5,1704140195,1704089204,warm_winter_coat
Clear,875,28.6,1030.9,72.9,27.5,31.3,1.2,12.4,1704139350,1704093465,tshirt_shorts
Drizzle,340,22.0,982.1,70.3,20.6,22.7,3.7,39.3,1704134755,1704096954,light_rain_jacket
Clear,893,-6.0,987.7,49.2,-7.8,-4.0,4.7,20.4,1704136562,1704092073,warm_winter_coat
Rain,533,10.5,1016.1,88.1,9.4,13.0,9.7,54.9,1704128370,1704089748,raincoat_umbrella
Snow,635,-8.2,1028.9,45.0,-10.9,-5.8,5.9,80.5,1704137763,1704089465,warm_winter_coat
Clear,864,35.6,1016.3,51.3,34.2,36.4,0.9,3.5,1704128512,1704096274,hot_summer
Snow,606,8.9,1015.2,76.0,7.7,11.0,2.3,43.9,1704138748,1704094317,medium_coat_scarf
Rain,539,18.1,987.6,86.5,15.4,19.4,6.1,54.2,1704142068,1704099409,light_rain_jacket
Drizzle,373,-4.9,1018.7,84.4,-6.9,-2.1,6.3,33.1,1704126029,1704092370,winter_wet_gear
Clear,808,-7.3,994.2,40.1,-9.8,-6.7,8.6,5.0,1704137164,1704098522,warm_winter_coat
Snow,695,-5.5,1030.6,77.2,-6.2,-3.4,2.8,40.9,1704128893,1704096179,winter_wet_gear
Snow,672,-8.0,982.3,53.5,-8.6,-7.0,7.9,8.3,1704140114,1704090776,warm_winter_coat
Snow,682,2.7,1028.7,53.3,1.5,4.5,3.3,5.6,1704129299,1704098239,medium_coat_scarf
Rain,525,19.7,1034.2,73.3,17.2,20.7,4.4,41.1,1704127094,1704094130,light_rain_jacket
Rain,599,23.3,1005.9,78.5,22.5,25.5,4.5,69.0,1704138543,1704098803,light_rain_jacket
Clouds,853,15.1,1029.8,60.4,13.7,16.3,3.6,97.1,1704138755,1704095296,light_jacket_jeans
Clear,877,38.6,985.0,61.2,35.9,40.7,5.1,4.8,1704126626,1704088899,hot_summer
Clouds,838,17.4,980.7,82.4,16.2,18.7,2.6,69.9,1704126643,1704094705,light_jacket_jeans
Clear,817,29.3,1029.1,67.4,27.4,31.0,0.3,6.0,1704140814,1704093334,tshirt_shorts
Clear,896,35.8,1010.6,31.2,34.4,36.5,4.9,16.4,1704141913,1704090888,hot_summer
Snow,676,-2.1,1019.7,90.8,-2.9,-0.1,2.7,74.7,1704133303,1704093971,winter_wet_gear
Clouds,807,18.5,996.3,77.2,17.3,19.3,10.5,59.3,1704127373,1704096189,light_jacket_jeans
Clear,807,24.6,1007.1,48.2,23.4,26.8,7.6,28.8,1704136742,1704098959,tshirt_shorts
Clouds,882,20.6,1016.5,55.0,17.6,22.0,4.6,0.6,1704134429,1704097959,tshirt_shorts
Drizzle,364,11.4,1036.6,76.0,9.0,13.7,10.8,5.9,1704129352,1704099028,light_jacket_jeans
Rain,594,19.7,1002.7,77.2,18.0,20.4,12.9,14.4,1704125148,1704094438,raincoat_umbrella
Clouds,842,18.9,982.9,64.2,16.8,20.8,2.4,28.4,1704137711,1704095645,light_jacket_jeans
Clear,800,32.1,1029.9,35.4,30.0,32.9,0.8,27.6,1704137920,1704093141,hot_summer
Rain,542,21.4,1030.1,84.1,20.3,24.2,4.2,59.9,1704133710,1704095073,light_rain_jacket
Clouds,884,17.3,996.4,55.7,16.8,19.2,14.3,8.3,1704142147,1704092440,windproof_jacket
Rain,511,26.1,999.7,70.0,25.4,27.6,2.2,76.9,1704128824,1704090219,light_rain_jacket
Clouds,873,17.8,1032.6,67.0,16.6,20.2,17.1,3.3,1704128371,1704091191,windproof_jacket
Clouds,817,24.6,1038.2,62.7,22.2,25.3,9.0,63.4,1704137997,1704090535,tshirt_shorts
Rain,589,14.2,1012.0,99.3,11.6,14.8,9.7,3.5,1704134496,1704098587,raincoat_umbrella
Clear,852,37.0,1026.0,60.8,35.0,37.8,5.3,25.4,1704126197,1704094066,hot_summer
Clouds,859,8.5,1016.1,77.6,7.1,10.6,9.1,31.9,1704127703,1704096489,medium_coat_scarf
Clouds,824,15.2,998.4,46.4,13.5,18.2,24.6,43.7,1704137341,1704089544,windproof_jacket
Clouds,801,15.1,1005.1,46.2,13.3,16.8,16.3,79.4,1704128914,1704093453,windproof_jacket
Clear,845,9.6,1024.5,74.1,8.9,11.4,4.8,13.6,1704140197,1704098149,medium_coat_scarf
Clouds,876,16.1,1006.1,49.8,14.9,18.9,21.2,81.9,1704131159,1704095007,windproof_jacket
Rain,583,14.8,1008.9,87.3,12.5,16.1,12.5,88.1,1704136818,1704093068,raincoat_umbrella
Rain,514,9.4,1003.3,99.9,7.7,12.1,11.8,82.9,1704128824,1704091676,raincoat_umbrella
Clear,801,-3.8,1015.6,45.9,-5.8,-1.5,5.3,17.7,1704126125,1704089941,warm_winter_coat
Clear,830,10.8,1009.9,70.6,8.3,12.1,3.9,11.1,1704137783,1704093749,light_jacket_jeans
Clouds,880,23.5,992.9,52.6,22.5,24.0,6.8,42.0,1704132570,1704099276,tshirt_shorts
Snow,616,-25.9,991.8,77.1,-26.5,-24.4,3.5,1.2,1704128614,1704090776,extreme_cold_gear
Snow,637,-2.6,988.8,94.2,-4.5,-0.2,3.2,66.3,1704134996,1704089805,winter_wet_gear
Clear,870,37.4,1014.6,49.4,34.9,38.5,6.4,10.3,1704133881,1704091223,hot_summer
Clouds,885,10.5,1038.6,41.6,9.8,12.5,18.5,6.4,1704132184,1704091500,windproof_jacket
Snow,640,5.7,1027.4,51.6,4.2,7.5,7.4,98.2,1704129645,1704098248,medium_coat_scarf
Drizzle,385,-5.0,1039.9,82.6,-6.1,-3.6,5.3,19.8,1704140443,1704094167,winter_wet_gear
Snow,615,0.8,1003.5,70.0,-1.4,3.2,2.7,51.3,1704126511,1704096413,medium_coat_scarf
Clouds,834,16.9,986.8,62.5,15.8,18.8,12.8,65.0,1704135184,1704097355,windproof_jacket
Clear,805,28.8,1014.8,32.3,27.1,31.4,1.0,27.9,1704137554,1704093615,hot_summer
Snow,694,8.5,983.5,62.0,7.2,9.5,7.8,5.6,1704128097,1704094400,medium_coat_scarf
Clear,880,-5.2,1000.8,66.8,-7.5,-2.9,3.1,1.5,1704134488,1704093737,warm_winter_coat
Clear,875,-24.6,1031.2,43.6,-27.3,-21.6,8.9,22.9,1704137265,1704088919,extreme_cold_gear
Clear,836,1.2,1033.9,77.5,-0.3,2.1,1.4,20.7,1704134337,1704092153,medium_coat_scarf
Clear,817,-1.6,1020.9,55.3,-2.4,0.4,10.8,16.9,1704138458,1704095222,warm_winter_coat
Snow,646,-6.7,1013.0,69.1,-9.0,-5.7,4.6,23.1,1704131489,1704098513,warm_winter_coat
Rain,519,15.1,1003.1,77.9,13.8,16.2,3.7,41.0,1704127740,1704092458,raincoat_umbrella
Snow,623,-7.6,988.3,45.4,-10.4,-6.3,3.7,79.8,1704125790,1704098270,warm_winter_coat
Snow,619,-2.1,1006.6,58.5,-2.7,-1.0,11.2,65.1,1704135351,1704097606,warm_winter_coat
Clear,800,18.3,1018.8,80.3,15.8,20.2,7.7,16.7,1704139372,1704089999,light_jacket_jeans
Snow,664,-15.2,1032.5,36.8,-17.6,-12.4,17.2,32.3,1704126492,1704096852,extreme_cold_gear
Clouds,805,9.0,1020.8,41.2,8.1,10.5,13.2,85.5,1704136401,1704092625,windproof_jacket
Clear,801,16.8,1018.0,60.3,14.7,19.7,2.1,3.4,1704129046,1704099267,light_jacket_jeans
Snow,626,-2.9,995.9,78.5,-5.1,-0.2,5.3,34.4,1704138332,1704095211,winter_wet_gear
Rain,512,21.6,1035.6,82.6,19.3,24.0,2.3,22.3,1704127781,1704097735,light_rain_jacket
Clear,878,23.0,1013.8,71.3,20.5,23.8,3.0,7.5,1704135649,1704097758,tshirt_shorts
Clear,870,-19.4,1010.2,60.7,-21.8,-18.0,0.3,8.6,1704136576,1704092651,extreme_cold_gear
Clouds,895,17.7,988.2,49.2,15.8,20.6,20.5,82.4,1704128318,1704093372,windproof_jacket
Rain,588,19.7,985.9,76.0,17.7,20.8,9.1,14.9,1704134055,1704096891,raincoat_umbrella
Clear,837,-4.0,981.6,40.5,-6.3,-1.8,8.9,23.6,1704141342,1704090095,warm_winter_coat
Drizzle,354,15.1,993.2,70.3,13.6,18.0,3.6,23.5,1704128257,1704094435,light_jacket_jeans
Clear,867,33.9,983.4,46.3,33.2,35.9,7.9,4.3,1704139855,1704089388,hot_summer
Snow,634,-6.4,1024.1,52.3,-9.1,-5.5,4.5,94.2,1704142727,1704095561,warm_winter_coat
Clear,833,-6.5,1029.6,69.7,-7.8,-4.3,11.3,3.0,1704129161,1704099323,warm_winter_coat
Rain,568,15.0,1018.0,91.0,13.4,17.5,4.7,40.5,1704127445,1704092390,raincoat_umbrella
Rain,572,25.9,1029.6,85.6,24.8,28.2,9.1,32.0,1704126057,1704094991,light_rain_jacket
Snow,683,-24.6,1011.5,60.2,-25.3,-23.9,4.3,20.9,1704124908,1704099344,extreme_cold_gear
Clouds,882,14.6,1037.6,72.1,11.6,16.0,9.2,16.5,1704135103,1704096610,light_jacket_jeans
Clouds,873,16.6,988.1,58.5,15.3,19.3,24.9,35.6,1704131162,1704091557,windproof_jacket
Clouds,876,11.0,1020.8,70.4,9.3,12.8,8.8,63.7,1704137224,1704095664,light_jacket_jeans
Rain,529,16.4,1035.0,96.4,13.6,17.4,11.9,74.8,1704142690,1704094198,raincoat_umbrella
Snow,662,-2.6,987.2,60.7,-4.1,-0.4,3.7,46.0,1704134918,1704090636,warm_winter_coat
Snow,646,7.5,1009.0,78.4,6.2,9.6,4.9,40.0,1704127640,1704097742,medium_coat_scarf
Clouds,898,11.7,1016.0,61.5,9.7,14.5,19.9,12.4,1704130905,1704089726,windproof_jacket
Rain,554,23.5,980.7,93.9,22.9,24.8,2.1,89.3,1704137240,1704098779,light_rain_jacket
Clouds,870,12.5,991.9,69.8,11.0,14.7,17.4,94.4,1704139976,1704097312,windproof_jacket
Rain,510,25.4,1018.1,74.8,22.7,26.7,7.9,77.3,1704129752,1704095758,light_rain_jacket
Clouds,822,14.6,995.4,52.3,11.9,16.2,21.2,32.5,1704126720,1704095182,windproof_jacket
Clouds,801,14.2,1021.5,55.4,12.5,15.1,6.7,79.9,1704138953,1704093278,light_jacket_jeans
Clear,822,-0.4,989.7,42.6,-1.0,1.3,6.5,24.3,1704126459,1704093063,warm_winter_coat
Clear,830,28.6,1025.6,61.0,26.6,29.7,4.6,4.5,1704125007,1704091263,hot_summer
Clear,821,13.1,1010.1,72.0,12.5,16.0,9.6,26.5,1704140716,1704090920,light_jacket_jeans
Clouds,839,10.9,1018.2,41.1,9.2,12.9,13.8,74.5,1704130502,1704090483,windproof_jacket
Clear,860,39.7,1000.6,44.8,38.1,42.4,2.9,15.6,1704133939,1704094259,hot_summer
Clear,828,29.7,984.4,69.3,27.7,31.2,2.0,19.9,1704138931,1704093359,hot_summer
Rain,532,26.0,982.8,93.4,23.3,26.6,8.6,11.8,1704140097,1704097377,light_rain_jacket
Clear,878,-29.4,987.7,76.2,-30.5,-28.3,6.3,4.4,1704128859,1704091819,extreme_cold_gear
Rain,518,13.1,1012.4,95.6,10.9,14.3,9.1,5.2,1704125995,1704089012,raincoat_umbrella
Clouds,899,24.0,1002.4,47.1,21.0,24.7,3.6,99.3,1704125731,1704096640,tshirt_shorts
Rain,515,19.9,1000.5,81.5,17.0,22.8,6.9,73.2,1704140628,1704099014,raincoat_umbrella
Clear,898,3.1,981.7,64.6,1.7,3.6,6.6,12.3,1704141570,1704092637,medium_coat_scarf
Clear,838,-23.4,1006.1,73.9,-25.9,-22.6,11.0,28.1,1704127495,1704098076,extreme_cold_gear
Clear,852,24.6,998.7,53.6,23.2,26.5,4.7,13.1,1704142595,1704091369,tshirt_shorts
Clear,850,34.6,1027.6,62.7,32.9,35.2,7.7,18.1,1704131702,1704099430,hot_summer
Snow,616,-3.6,983.8,81.1,-5.9,-2.4,4.2,82.6,1704139806,1704097838,winter_wet_gear
Drizzle,385,-5.7,994.9,96.4,-7.7,-4.7,14.4,29.6,1704132467,1704090428,winter_wet_gear
Drizzle,362,26.1,1026.6,81.1,23.1,27.8,8.8,49.8,1704136856,1704096322,light_rain_jacket
Drizzle,342,22.0,1010.1,73.6,21.1,24.3,8.7,62.0,1704133482,1704099314,light_rain_jacket
Clear,809,35.0,980.4,48.2,32.7,36.6,4.1,12.7,1704128994,1704096707,hot_summer
Rain,532,16.1,980.0,76.6,13.9,16.7,14.6,32.5,1704126180,1704089700,raincoat_umbrella
Clouds,868,13.3,986.0,63.0,11.9,16.0,5.9,76.2,1704125239,1704098810,light_jacket_jeans
Drizzle,335,-0.2,1014.0,83.0,-3.1,2.0,4.2,79.5,1704133698,1704092427,winter_wet_gear
Clear,876,28.8,1026.9,60.7,26.3,30.6,4.7,22.6,1704136880,1704090315,hot_summer
Clear,894,-13.1,1004.8,59.9,-16.0,-11.9,12.0,19.6,1704142046,1704090966,extreme_cold_gear
Snow,635,-3.3,1003.0,93.5,-5.3,-2.1,4.3,58.5,1704126927,1704099329,winter_wet_gear
Clouds,856,12.1,1032.9,40.2,9.4,14.9,22.3,17.5,1704139164,1704093889,windproof_jacket
Clear,874,31.9,1029.5,66.0,30.8,33.8,8.0,25.3,1704126508,1704089526,hot_summer
Clear,833,-23.0,1031.0,31.5,-25.8,-21.3,6.7,26.3,1704133785,1704099131,extreme_cold_gear
Clear,810,14.4,989.8,68.8,12.7,16.2,4.8,14.5,1704135670,1704099090,light_jacket_jeans
Snow,683,-3.7,1034.2,88.8,-4.6,-1.4,6.2,27.0,1704129531,1704094702,winter_wet_gear
Clear,840,24.7,1027.1,78.3,22.0,25.7,4.3,28.3,1704131059,1704094157,tshirt_shorts
Clouds,898,5.8,1026.0,68.1,4.3,8.2,7.8,24.0,1704141280,1704091623,medium_coat_scarf
Snow,637,-0.5,1030.0,54.3,-1.1,0.8,8.8,83.1,1704134863,1704088944,warm_winter_coat
Clouds,829,26.9,1029.6,43.7,24.2,28.4,9.4,85.8,1704127645,1704097944,tshirt_shorts
Rain,521,11.0,1035.6,95.7,8.5,13.1,8.1,99.7,1704126006,1704093032,raincoat_umbrella
Clear,844,29.9,1004.7,65.2,28.1,31.8,3.5,1.1,1704137526,1704094835,hot_summer
Clear,874,18.1,990.0,66.6,17.3,20.6,10.6,7.5,1704127599,1704091269,light_jacket_jeans
Snow,608,3.3,994.3,79.8,0.7,4.9,1.3,6.9,1704137258,1704097399,medium_coat_scarf
Snow,692,-14.6,1027.6,75.3,-17.0,-13.3,6.8,42.9,1704142569,1704098860,extreme_cold_gear
Clouds,897,15.5,980.3,63.6,14.5,17.9,10.4,52.0,1704139767,1704089265,light_jacket_jeans
Drizzle,311,-8.3,1000.9,78.6,-9.2,-5.3,7.5,9.7,1704135574,1704096736,winter_wet_gear
Clear,874,35.3,1003.5,39.8,34.2,38.2,0.5,7.0,1704134823,1704095456,hot_summer
Rain,594,19.9,997.5,99.5,18.6,21.3,7.0,14.6,1704140393,1704096881,raincoat_umbrella
Snow,658,-6.7,1031.1,90.7,-8.3,-5.1,14.9,77.9,1704137227,1704094043,winter_wet_gear
Clouds,802,28.4,1020.1,49.9,26.8,29.0,4.3,42.9,1704138567,1704093135,tshirt_shorts
Clear,846,-8.8,997.8,50.4,-10.3,-7.7,7.2,19.5,1704125232,1704094534,warm_winter_coat
Drizzle,349,-9.7,1020.4,78.7,-11.8,-6.8,13.7,92.1,1704135583,1704093540,winter_wet_gear
Snow,649,7.7,1038.0,60.0,6.7,8.7,8.4,33.2,1704125741,1704093123,medium_coat_scarf
Drizzle,317,23.5,992.2,70.9,21.9,25.1,7.0,38.3,1704140101,1704091256,light_rain_jacket
Rain,532,19.5,999.5,91.3,18.3,20.6,12.4,14.5,1704130946,1704095097,raincoat_umbrella
Clear,816,26.1,986.4,74.4,23.8,26.7,0.2,2.8,1704133308,1704094160,tshirt_shorts
Clear,845,5.3,996.7,51.2,3.8,8.3,8.0,21.7,1704125848,1704091091,medium_coat_scarf
Rain,575,27.2,1005.9,75.3,26.7,28.4,5.0,40.9,1704138488,1704094184,light_rain_jacket
Drizzle,311,11.5,1029.7,63.9,9.2,12.9,8.6,79.2,1704128703,1704090120,light_jacket_jeans
Rain,517,5.2,1022.9,92.8,4.3,6.3,10.2,90.5,1704127613,1704099554,raincoat_umbrella
Drizzle,305,14.3,1026.1,63.6,12.9,16.2,11.6,20.8,1704133227,1704095420,light_jacket_jeans
Clear,859,-28.5,1026.0,57.2,-30.3,-26.6,0.3,20.0,1704141120,1704098873,extreme_cold_gear
Clear,851,38.6,1008.4,30.8,38.1,41.1,6.0,13.4,1704134533,1704092686,hot_summer
Drizzle,325,20.8,1000.3,75.0,19.0,21.4,2.5,8.2,1704142196,1704098952,light_rain_jacket
Snow,690,-12.5,1015.3,44.1,-13.6,-10.0,13.7,32.8,1704135806,1704094313,extreme_cold_gear
Rain,582,18.0,1007.6,75.6,17.0,18.6,5.4,66.6,1704139536,1704094405,raincoat_umbrella
Clear,849,34.7,1035.4,43.9,33.4,37.0,7.5,15.1,1704133345,1704089196,hot_summer
Snow,665,9.5,1026.2,68.7,8.1,10.5,4.5,50.5,1704133807,1704097398,medium_coat_scarf
Clouds,888,16.8,1036.3,71.1,14.5,19.4,11.8,42.8,1704126026,1704098507,light_jacket_jeans
Rain,578,21.7,1030.2,72.0,18.8,23.0,9.6,31.2,1704138392,1704093584,light_rain_jacket
Rain,506,21.6,1022.0,74.7,20.6,23.3,4.1,95.9,1704141570,1704099507,light_rain_jacket
Snow,641,-22.0,1029.8,42.7,-23.3,-19.3,0.1,13.4,1704135018,1704096590,extreme_cold_gear
Clouds,859,8.6,1005.3,52.4,6.6,9.5,21.0,54.5,1704125312,1704093249,windproof_jacket
Clear,824,20.3,1036.7,64.7,19.2,22.3,1.4,28.0,1704141572,1704089102,tshirt_shorts
Snow,651,-6.2,988.0,48.3,-8.3,-4.3,3.6,70.1,1704131415,1704094535,warm_winter_coat
Clear,865,28.9,1034.1,45.5,28.2,31.6,6.4,6.1,1704134551,1704093005,hot_summer
Snow,643,-5.8,986.1,93.0,-7.1,-3.1,14.0,74.5,1704137289,1704091804,winter_wet_gear
Snow,628,-14.6,980.6,52.3,-15.8,-12.9,8.4,84.3,1704137006,1704093242,extreme_cold_gear
Clouds,809,17.3,983.4,65.3,16.1,18.5,13.8,53.6,1704141960,1704089741,windproof_jacket
Snow,694,-12.8,1027.1,57.6,-14.8,-11.7,14.3,38.2,1704142561,1704089397,extreme_cold_gear
Clear,896,30.6,990.9,69.0,28.5,32.4,2.7,23.7,1704137745,1704094797,hot_summer
Clouds,833,29.8,1030.9,58.7,27.6,30.8,8.7,51.2,1704129702,1704096234,tshirt_shorts
Rain,557,8.0,1029.4,77.5,5.9,10.6,11.3,85.0,1704126372,1704096367,raincoat_umbrella
Snow,689,-1.9,984.3,98.7,-4.3,-1.2,11.2,62.8,1704132510,1704091978,winter_wet_gear
Clear,818,-4.6,995.1,49.8,-6.4,-3.7,2.1,13.2,1704140269,1704092266,warm_winter_coat
Clear,872,28.4,1030.4,52.0,27.9,30.0,3.5,4.8,1704125693,1704091364,hot_summer
Clear,828,-28.6,1036.1,38.7,-30.1,-26.1,7.6,19.7,1704132314,1704094939,extreme_cold_gear
Snow,619,-1.3,985.2,59.7,-2.7,-0.2,6.6,96.2,1704132255,1704093246,warm_winter_coat
Rain,551,13.6,1007.2,98.2,11.0,14.7,14.8,56.5,1704135454,1704098105,raincoat_umbrella
Clear,875,4.2,1002.7,60.3,2.4,6.8,2.3,0.4,1704126503,1704092268,medium_coat_scarf
Clouds,804,10.2,1020.0,52.8,7.7,11.5,15.0,49.9,1704129471,1704094260,windproof_jacket
Rain,592,15.1,1035.3,84.8,13.0,16.5,8.6,36.0,1704132963,1704089823,raincoat_umbrella
Rain,504,9.8,1005.4,84.6,7.4,11.1,8.3,66.4,1704141692,1704098783,raincoat_umbrella
Clouds,855,12.3,1006.8,47.9,9.6,15.0,18.1,20.9,1704132017,1704097003,windproof_jacket
Clear,852,20.8,1023.3,56.7,18.2,23.1,9.4,2.6,1704139565,1704095398,tshirt_shorts
Snow,635,-4.9,1020.0,84.2,-6.1,-3.6,6.0,74.5,1704132903,1704093768,winter_wet_gear
Clear,806,5.2,1010.8,50.0,4.6,6.2,7.3,9.5,1704135291,1704090545,medium_coat_scarf
Clear,890,1.4,998.8,59.2,-1.1,2.5,8.1,11.5,1704125937,1704093965,medium_coat_scarf
Snow,604,-4.9,1014.3,94.0,-6.6,-2.4,9.1,55.3,1704141014,1704094040,winter_wet_gear
Clear,848,-23.1,1006.7,36.9,-25.1,-22.1,20.0,16.2,1704125932,1704094002,extreme_cold_gear
Clear,894,9.0,988.4,61.5,6.3,11.1,10.0,11.6,1704141140,1704097557,medium_coat_scarf
Snow,603,-5.0,999.2,81.7,-6.9,-2.7,6.3,72.6,1704134621,1704095179,winter_wet_gear
Drizzle,384,-1.6,1034.0,96.5,-4.4,-0.1,12.6,46.1,1704137586,1704096667,winter_wet_gear
Clear,825,36.1,1000.6,46.6,33.1,38.5,5.5,8.3,1704131195,1704095762,hot_summer
Rain,524,8.1,1012.7,91.1,6.1,8.8,9.2,19.5,1704125281,1704099529,raincoat_umbrella
Drizzle,333,-4.2,1008.2,92.0,-6.5,-2.2,7.7,88.9,1704136727,1704099062,winter_wet_gear
Clear,848,32.0,1039.4,35.4,29.5,33.2,0.5,9.7,1704138484,1704096160,hot_summer
Clear,853,-3.4,1027.2,55.2,-6.0,-2.5,6.5,29.8,1704132178,1704091225,warm_winter_coat
Clear,892,18.2,993.7,72.8,16.3,21.1,6.2,2.1,1704130692,1704096770,light_jacket_jeans
Snow,655,-2.4,1008.9,77.4,-3.7,-0.7,8.4,43.9,1704135594,1704094379,winter_wet_gear
Clouds,829,13.4,988.2,62.7,12.0,14.8,17.0,51.1,1704140740,1704095765,windproof_jacket
Snow,617,-10.4,1039.3,67.7,-11.2,-7.4,12.3,75.7,1704130189,1704095254,extreme_cold_gear
Snow,611,-11.5,1022.7,62.6,-14.1,-10.2,14.8,68.7,1704131057,1704091188,extreme_cold_gear
Snow,639,-17.5,1032.2,30.1,-18.6,-14.6,17.8,54.4,1704125105,1704097554,extreme_cold_gear
Clear,809,39.4,1015.4,60.7,36.5,42.1,2.1,21.6,1704138743,1704094364,hot_summer
Clear,815,-5.0,982.9,56.3,-8.0,-2.6,6.7,14.2,1704136998,1704091905,warm_winter_coat
Clear,817,36.3,1015.5,35.1,35.7,37.4,2.9,25.1,1704124964,1704098409,hot_summer
Clear,846,16.6,1016.4,84.8,15.3,19.3,8.5,12.3,1704133741,1704099265,light_jacket_jeans
Clouds,899,13.2,1003.2,58.2,11.5,13.9,18.1,16.8,1704125644,1704098142,windproof_jacket
Rain,589,16.0,983.9,90.3,14.5,17.2,4.0,30.5,1704128311,1704095835,raincoat_umbrella
Clear,844,-0.4,1032.9,67.1,-2.5,0.6,6.5,12.6,1704129769,1704095941,warm_winter_coat
Clear,884,-4.2,990.7,74.6,-6.3,-3.4,11.1,20.2,1704135049,1704089766,warm_winter_coat
Clear,893,-26.1,1030.9,75.4,-28.3,-23.7,11.4,7.0,1704134439,1704097542,extreme_cold_gear
Snow,669,-14.9,985.3,52.2,-17.1,-12.1,19.6,91.4,1704139721,1704092782,extreme_cold_gear
Rain,533,12.6,992.2,93.1,10.2,14.9,12.9,21.8,1704130604,1704089449,raincoat_umbrella
Drizzle,328,-6.6,997.0,81.7,-7.2,-3.7,12.2,28.8,1704130065,1704098371,winter_wet_gear
Snow,650,-3.1,1010.2,70.9,-4.3,-1.7,4.3,99.2,1704125386,1704092726,warm_winter_coat
Snow,661,7.7,1004.6,72.0,6.4,10.1,6.8,91.8,1704127110,1704098807,medium_coat_scarf
Clear,838,32.3,1008.6,62.9,30.9,34.8,6.6,10.5,1704128563,1704092344,hot_summer
Clear,840,39.6,1027.9,47.6,38.4,40.7,2.2,9.8,1704129416,1704090200,hot_summer
Rain,527,6.4,997.4,78.1,4.7,8.1,8.2,80.7,1704131315,1704096544,raincoat_umbrella
Clear,804,31.4,1010.2,31.5,30.2,34.2,4.9,1.5,1704127408,1704091387,hot_summer
Clouds,855,9.3,1028.2,64.8,6.6,11.4,8.6,29.6,1704141704,1704089925,medium_coat_scarf
Clouds,895,9.3,1000.8,48.6,8.8,11.6,24.7,41.9,1704126656,1704093266,windproof_jacket
Clear,834,14.4,998.7,59.5,13.7,15.3,3.6,15.3,1704134571,1704099034,light_jacket_jeans
Drizzle,355,16.9,1002.5,76.0,16.3,18.6,9.8,76.5,1704136140,1704097374,light_jacket_jeans
Snow,643,2.6,998.0,60.8,-0.0,4.0,3.0,56.8,1704138872,1704092263,medium_coat_scarf
Clear,838,1.6,1022.4,79.7,0.5,2.6,8.9,4.5,1704131979,1704095614,medium_coat_scarf
Clear,848,16.5,1034.6,55.1,14.5,18.7,5.4,27.3,1704142053,1704098023,light_jacket_jeans
Rain,557,9.4,988.1,86.9,7.2,11.6,7.7,58.0,1704127276,1704093052,raincoat_umbrella
Clear,894,6.1,993.4,61.4,3.2,8.0,8.9,9.3,1704140296,1704092544,medium_coat_scarf
Clouds,857,21.8,1019.2,64.5,19.0,22.3,4.1,99.5,1704125996,1704098362,tshirt_shorts
Rain,563,10.7,1010.0,82.3,9.2,12.1,7.7,17.3,1704142772,1704091888,raincoat_umbrella
Snow,644,-16.2,983.8,72.0,-18.7,-13.5,19.1,14.9,1704141814,1704088852,extreme_cold_gear
Clear,865,-2.4,1005.6,62.0,-3.1,-0.9,9.7,16.3,1704135807,1704093472,warm_winter_coat
Clouds,889,12.2,984.7,42.3,10.1,13.8,21.8,83.8,1704128150,1704098158,windproof_jacket
Drizzle,350,-2.3,1002.2,90.6,-4.8,-1.5,11.6,11.3,1704129521,1704092932,winter_wet_gear
Rain,575,19.4,1030.6,89.2,18.6,22.0,8.5,2.4,1704132290,1704096705,raincoat_umbrella
Snow,609,-18.4,999.6,78.3,-19.8,-16.3,4.2,38.9,1704133902,1704091333,extreme_cold_gear
Drizzle,370,24.6,1013.8,87.7,22.5,25.3,7.8,70.0,1704136009,1704098502,light_rain_jacket
Drizzle,390,-8.1,1015.6,87.3,-9.2,-5.8,7.0,44.7,1704134378,1704089951,winter_wet_gear
Drizzle,359,27.7,1029.0,85.1,25.0,30.6,4.6,13.5,1704127458,1704099250,light_rain_jacket
Snow,612,-20.3,1013.5,60.8,-22.3,-18.8,19.5,7.4,1704130260,1704097017,extreme_cold_gear
Clouds,816,17.9,996.4,40.5,15.3,19.4,21.5,86.6,1704129571,1704093911,windproof_jacket
Snow,680,-7.4,1029.4,75.4,-10.0,-5.5,3.3,40.5,1704137620,1704090931,winter_wet_gear
Rain,536,24.0,1017.6,71.9,22.0,26.1,3.2,1.3,1704126024,1704097313,light_rain_jacket
Clouds,828,11.9,1023.4,80.5,11.3,13.9,9.6,8.7,1704135319,1704098121,light_jacket_jeans
Snow,687,4.7,995.6,52.8,3.5,5.2,1.8,11.6,1704128641,1704092587,medium_coat_scarf
Clouds,831,13.7,985.6,62.5,11.1,16.4,12.6,62.1,1704128416,1704096234,windproof_jacket
Clouds,859,19.5,1005.2,54.7,17.5,20.8,3.9,59.0,1704141271,1704098742,light_jacket_jeans
Drizzle,369,-5.4,998.8,80.3,-6.1,-3.1,12.8,59.4,1704132420,1704093775,winter_wet_gear
Clouds,845,13.7,982.9,57.9,10.9,16.7,22.3,46.6,1704140470,1704090866,windproof_jacket
Drizzle,360,-7.1,1031.9,98.9,-8.8,-4.6,12.3,46.6,1704133455,1704092985,winter_wet_gear
Clear,881,35.0,998.3,62.5,32.8,37.2,2.6,12.1,1704127197,1704092204,hot_summer
Clear,870,32.9,1014.0,64.8,30.2,34.4,6.3,22.2,1704136816,1704092331,hot_summer
Snow,642,-13.3,1028.6,30.5,-15.5,-10.9,2.1,52.5,1704130161,1704092042,extreme_cold_gear
Clear,897,-16.0,996.5,49.8,-18.7,-15.2,13.5,15.8,1704138993,1704097946,extreme_cold_gear
Drizzle,361,-2.0,982.7,86.1,-4.1,-1.3,12.4,97.4,1704135492,1704088850,winter_wet_gear
Clear,898,-27.2,1009.5,57.3,-28.6,-24.5,13.3,18.7,1704129864,1704091391,extreme_cold_gear
Snow,693,-15.9,1002.7,64.2,-16.7,-14.9,10.8,94.3,1704138108,1704088980,extreme_cold_gear
Clear,835,-8.8,981.5,61.3,-10.6,-8.2,3.6,25.0,1704134442,1704098470,warm_winter_coat
Clouds,821,0.8,980.5,54.0,-1.4,2.9,2.9,4.7,1704132031,1704099010,medium_coat_scarf
Clear,885,31.9,990.5,57.5,30.8,34.5,0.6,25.7,1704136371,1704091816,hot_summer
Clear,814,14.7,1029.5,73.9,13.2,15.8,11.1,13.5,1704126798,1704092822,light_jacket_jeans
Snow,651,8.1,987.5,58.1,6.3,10.4,7.2,42.8,1704140160,1704095820,medium_coat_scarf
Rain,596,10.0,1009.5,75.8,8.4,11.3,12.9,64.2,1704138669,1704091199,raincoat_umbrella
Clear,838,9.5,1001.3,56.6,8.4,11.7,5.0,14.7,1704135637,1704091333,medium_coat_scarf
Clear,855,37.8,982.8,69.5,35.8,38.8,3.1,24.0,1704138161,1704094144,hot_summer
Drizzle,330,27.2,1007.8,77.0,26.5,27.9,10.0,2.6,1704129620,1704089407,light_rain_jacket
Snow,629,0.3,1034.7,59.2,-1.8,2.9,1.9,62.8,1704127035,1704096716,medium_coat_scarf
Clear,844,-4.7,1026.0,53.9,-6.7,-4.0,8.3,10.9,1704138259,1704094714,warm_winter_coat
Snow,620,7.3,989.3,77.1,6.4,9.9,9.0,99.5,1704137009,1704095139,medium_coat_scarf
Snow,693,-0.9,1032.9,91.2,-1.4,1.9,7.4,86.4,1704132398,1704092725,winter_wet_gear
Clear,830,-1.8,1039.0,69.0,-4.7,-0.4,11.8,13.7,1704139590,1704095362,warm_winter_coat
Clouds,836,9.3,1027.3,49.0,8.6,12.2,23.1,64.5,1704135725,1704092098,windproof_jacket
Clouds,881,13.5,1000.1,80.4,12.9,14.3,2.9,35.1,1704139880,1704090886,light_jacket_jeans
Clouds,892,3.7,995.4,52.2,2.3,5.8,6.4,77.7,1704139514,1704094770,medium_coat_scarf
Clear,816,-5.8,1018.0,45.8,-7.5,-2.9,2.7,5.7,1704140525,1704092397,warm_winter_coat
Snow,604,-5.5,999.5,58.0,-6.5,-3.6,2.3,51.3,1704136499,1704096201,warm_winter_coat
Clouds,849,13.5,1039.1,43.0,11.9,15.3,24.5,78.9,1704130079,1704093501,windproof_jacket
Drizzle,307,21.1,1034.4,93.9,18.8,22.3,7.9,92.7,1704130651,1704099563,light_rain_jacket
Clouds,872,15.6,1015.0,63.6,14.5,17.8,22.9,50.7,1704142273,1704093601,windproof_jacket
Rain,526,13.5,1012.3,94.9,10.5,16.2,4.9,76.7,1704129254,1704098134,raincoat_umbrella
Clear,812,-20.8,1028.9,68.5,-23.6,-20.2,12.7,0.5,1704129763,1704093611,extreme_cold_gear
Snow,639,6.7,1006.3,71.1,5.5,8.3,7.0,54.1,1704129986,1704093509,medium_coat_scarf
Clouds,847,21.7,993.4,40.4,19.9,23.0,0.7,3.3,1704138301,1704090749,tshirt_shorts
Snow,663,8.2,1033.4,79.7,6.6,11.0,2.9,54.5,1704129707,1704098631,medium_coat_scarf
Clouds,827,22.8,994.3,43.7,22.1,24.4,2.1,91.8,1704140976,1704094549,tshirt_shorts
Rain,527,6.8,1001.9,93.7,4.8,9.2,10.2,17.2,1704125265,1704092173,raincoat_umbrella
Snow,659,-7.9,993.3,83.1,-10.9,-7.0,6.0,63.9,1704130026,1704091307,winter_wet_gear
Clouds,813,4.3,1020.2,54.5,3.6,5.8,9.6,43.3,1704142238,1704095826,medium_coat_scarf
Snow,607,3.0,990.3,52.4,1.0,4.3,6.0,72.8,1704129093,1704096421,medium_coat_scarf
Clouds,806,2.4,1018.6,64.5,0.1,4.0,1.3,82.3,1704125271,1704094906,medium_coat_scarf
Clouds,865,13.8,980.6,62.4,11.8,16.7,10.3,79.8,1704125796,1704095165,light_jacket_jeans
Clear,803,35.7,993.9,40.5,33.1,37.4,0.4,24.1,1704142401,1704093293,hot_summer
Rain,562,23.6,1007.9,71.9,22.3,24.9,2.4,10.5,1704130788,1704097109,light_rain_jacket
Snow,611,-2.8,985.6,59.2,-5.2,0.0,3.3,23.2,1704134297,1704096769,warm_winter_coat
Clear,859,-8.7,994.5,69.9,-9.9,-7.9,6.7,2.8,1704142579,1704089076,warm_winter_coat
Clouds,849,29.3,1026.8,61.1,27.6,32.3,5.4,31.5,1704127567,1704096059,tshirt_shorts
Snow,637,-8.4,986.1,60.5,-10.1,-6.7,4.1,61.7,1704131503,1704095199,warm_winter_coat
Clear,845,-4.2,1037.4,59.1,-6.8,-1.7,11.4,17.3,1704132672,1704096925,warm_winter_coat
Rain,505,14.0,987.8,88.0,13.4,16.7,5.0,56.4,1704138936,1704097516,raincoat_umbrella
Clouds,889,9.2,988.1,51.7,7.0,10.7,23.1,91.8,1704127508,1704094702,windproof_jacket
Clouds,819,11.5,1023.9,63.4,9.2,13.5,22.2,86.0,1704133207,1704093756,windproof_jacket
Clear,881,-10.8,1014.8,68.3,-13.7,-9.8,13.9,12.2,1704131414,1704097467,extreme_cold_gear
Snow,619,-27.9,1002.9,51.4,-28.6,-25.3,0.2,62.6,1704125636,1704091961,extreme_cold_gear
Rain,515,9.2,1019.0,96.8,7.2,11.0,13.8,77.3,1704129887,1704099240,raincoat_umbrella
Clear,803,35.6,987.3,34.0,33.8,37.1,4.8,2.4,1704126405,1704095159,hot_summer
Clouds,883,29.1,1009.4,63.0,28.5,31.0,7.4,2.9,1704128675,1704096562,tshirt_shorts
Clear,841,21.8,1016.9,49.8,20.7,22.6,8.3,27.4,1704133941,1704088865,tshirt_shorts
Drizzle,327,15.9,1038.3,81.6,13.8,17.9,8.9,51.0,1704140027,1704094030,light_jacket_jeans
Snow,608,1.0,984.3,71.8,-1.4,2.9,2.8,55.2,1704137321,1704098861,medium_coat_scarf
Drizzle,317,18.4,1021.3,85.4,17.8,20.7,4.4,28.5,1704134714,1704092157,light_rain_jacket
Clouds,846,28.1,1006.0,57.1,26.2,28.8,1.1,45.7,1704129194,1704099507,tshirt_shorts
Rain,591,22.0,1010.2,92.6,20.2,23.7,5.7,92.8,1704137587,1704092722,light_rain_jacket
Snow,655,-6.5,989.2,61.7,-8.0,-4.7,8.2,80.7,1704132188,1704095742,warm_winter_coat
Clear,838,28.7,1004.6,58.1,26.5,31.1,0.1,9.9,1704139409,1704092084,hot_summer
Snow,642,8.8,993.6,51.6,6.4,9.3,7.5,98.9,1704130061,1704098816,medium_coat_scarf
Clear,838,30.1,1009.4,52.7,29.0,32.0,4.6,19.3,1704136710,1704092819,hot_summer
Snow,602,-6.1,1034.6,46.9,-8.7,-4.5,9.5,4.6,1704125505,1704091922,warm_winter_coat
Clear,886,8.6,997.0,75.8,8.1,11.3,1.3,7.4,1704131045,1704092225,medium_coat_scarf
Clear,813,32.3,1018.5,49.0,31.4,33.8,2.9,27.0,1704136048,1704090321,hot_summer
Rain,519,10.3,1029.2,90.1,8.0,13.1,11.9,41.7,1704137472,1704098744,raincoat_umbrella
Clouds,834,13.8,984.8,58.6,12.4,14.4,12.3,64.9,1704127145,1704092013,windproof_jacket
Clouds,804,27.5,1003.4,45.6,24.7,30.2,3.5,51.1,1704127910,1704090252,tshirt_shorts
Rain,597,22.7,1007.3,90.8,22.2,24.8,6.4,1.6,1704138065,1704089592,light_rain_jacket
Clouds,847,11.4,1019.7,51.7,10.4,13.2,21.8,96.9,1704141339,1704093650,windproof_jacket
Drizzle,330,21.3,1025.7,81.5,19.4,22.6,9.4,7.4,1704138173,1704094291,light_rain_jacket
Rain,564,9.4,1015.6,76.7,8.6,11.1,13.6,53.5,1704130483,1704093105,raincoat_umbrella
Drizzle,356,17.4,1007.4,81.6,15.9,19.2,4.4,18.4,1704137667,1704089375,light_jacket_jeans
Drizzle,378,23.4,1007.2,71.2,22.1,26.1,7.0,64.0,1704136276,1704091722,light_rain_jacket
Clear,881,31.6,983.0,56.6,29.6,33.5,7.7,26.7,1704126049,1704094203,hot_summer
Rain,508,26.8,1034.6,71.2,24.5,29.4,4.4,59.7,1704140016,1704094454,light_rain_jacket
Drizzle,314,22.7,991.9,93.6,21.1,25.2,5.5,53.6,1704139853,1704098899,light_rain_jacket
Clouds,857,24.1,1024.0,44.3,23.0,25.5,3.9,92.1,1704137233,1704090462,tshirt_shorts
Drizzle,332,25.9,1001.9,78.9,24.5,28.4,5.2,16.2,1704133047,1704094103,light_rain_jacket
Clear,896,32.8,985.4,66.8,31.7,34.2,5.2,28.4,1704125722,1704093144,hot_summer
Drizzle,303,-8.2,1026.2,96.5,-10.1,-6.0,7.5,51.6,1704141879,1704092422,winter_wet_gear
Clear,810,1.2,1016.4,50.9,0.2,3.1,3.0,25.0,1704134937,1704090356,medium_coat_scarf
Clear,821,-20.4,1035.5,61.1,-21.3,-17.9,10.1,14.4,1704126907,1704094348,extreme_cold_gear
Snow,640,6.6,1025.6,76.2,5.7,8.5,8.2,16.1,1704141785,1704095065,medium_coat_scarf
Snow,623,0.9,1029.4,64.2,-1.6,2.7,6.4,69.0,1704135937,1704093486,medium_coat_scarf
Clouds,855,20.6,1010.1,42.7,19.8,22.9,7.3,36.9,1704129575,1704092267,tshirt_shorts
Clear,876,-9.5,989.0,58.2,-12.2,-6.5,8.3,29.5,1704139601,1704092691,warm_winter_coat
Rain,594,22.7,983.8,88.7,21.6,23.3,3.9,5.5,1704133618,1704097982,light_rain_jacket
Snow,634,-5.5,980.8,57.5,-6.1,-3.5,10.1,86.5,1704137008,1704092397,warm_winter_coat
Snow,604,-8.4,1028.4,99.0,-11.2,-6.2,10.1,5.5,1704126782,1704096202,winter_wet_gear
Clear,824,5.6,1026.4,52.3,4.3,8.5,1.4,11.8,1704129643,1704089720,medium_coat_scarf
Drizzle,326,18.2,986.2,74.7,17.7,19.1,8.6,27.1,1704127437,1704093543,light_jacket_jeans
Snow,680,-1.8,993.8,97.6,-3.5,-0.9,3.4,87.1,1704133049,1704095769,winter_wet_gear
Rain,560,19.5,981.4,92.9,16.9,21.9,4.7,82.5,1704136316,1704091823,raincoat_umbrella
Clouds,812,14.1,1009.6,58.5,12.2,16.1,18.5,92.4,1704140479,1704091683,windproof_jacket
Clouds,802,17.5,998.3,62.4,15.5,20.3,16.5,64.3,1704134526,1704097075,windproof_jacket
Clouds,832,21.6,1034.7,48.1,19.2,24.0,8.9,60.8,1704139690,1704095947,tshirt_shorts
Snow,681,-7.4,995.2,89.7,-8.6,-6.7,11.1,34.7,1704134405,1704092974,winter_wet_gear
Clouds,863,15.6,1013.2,55.6,13.8,17.6,22.2,0.4,1704128459,1704091670,windproof_jacket
Clear,869,11.8,1025.0,74.4,10.2,13.2,11.8,8.5,1704138684,1704098002,light_jacket_jeans
Rain,518,24.5,1011.8,86.4,23.2,27.0,4.5,63.0,1704126085,1704092274,light_rain_jacket
Rain,544,15.5,1029.0,82.3,12.5,16.2,9.0,15.7,1704141288,1704094567,raincoat_umbrella
Rain,552,23.2,997.7,71.1,20.6,24.7,9.5,91.5,1704141858,1704089412,light_rain_jacket
Rain,523,14.8,1018.2,96.0,12.7,15.7,6.4,59.1,1704129959,1704091794,raincoat_umbrella
Clear,839,36.0,1000.2,37.5,34.8,37.0,5.0,6.3,1704131949,1704098540,hot_summer
Clear,886,32.4,1008.1,63.0,31.4,33.1,1.6,24.0,1704130972,1704098343,hot_summer
Rain,583,18.4,1033.6,83.4,17.6,19.9,5.7,69.2,1704135138,1704096080,raincoat_umbrella
Clouds,859,15.4,1004.8,40.6,13.1,16.4,15.1,58.3,1704140022,1704097836,windproof_jacket
Rain,567,7.5,998.3,86.3,6.7,9.5,14.9,26.9,1704138588,1704089763,raincoat_umbrella
Snow,637,-8.4,995.0,99.2,-9.1,-5.9,5.0,15.4,1704133148,1704088860,winter_wet_gear
Clear,821,-5.4,1027.7,58.2,-8.4,-4.3,2.6,19.8,1704130965,1704090376,warm_winter_coat
Drizzle,305,-0.3,980.1,78.7,-1.5,2.4,3.4,71.8,1704135193,1704095645,winter_wet_gear
Clear,855,8.0,1017.7,68.3,6.1,8.9,5.8,26.5,1704141440,1704093517,medium_coat_scarf
Clear,872,-4.5,1009.8,47.0,-7.0,-2.0,2.1,20.0,1704132861,1704097700,warm_winter_coat
Drizzle,311,-0.7,1031.7,86.8,-3.2,1.6,13.2,5.9,1704141729,1704089266,winter_wet_gear
Clear,838,-0.1,1009.5,61.0,-3.0,1.6,3.5,11.9,1704139102,1704094034,warm_winter_coat
Clear,852,-25.2,1021.5,47.4,-27.1,-22.8,5.9,12.7,1704132425,1704091678,extreme_cold_gear
Snow,622,-7.4,1027.5,87.2,-8.7,-5.6,3.9,1.2,1704135122,1704098832,winter_wet_gear
Snow,625,-0.3,1008.6,64.0,-1.0,1.9,1.5,63.8,1704132141,1704090714,warm_winter_coat
Drizzle,346,16.8,1002.9,51.6,14.9,18.0,9.8,9.6,1704136647,1704095923,light_jacket_jeans
Snow,600,-4.8,985.6,56.7,-5.6,-2.9,10.3,58.5,1704125827,1704099206,warm_winter_coat
Drizzle,373,19.2,1036.7,80.9,18.7,19.7,10.4,53.7,1704132634,1704094682,light_jacket_jeans
Clear,847,-4.4,982.7,48.8,-6.3,-2.3,7.0,25.0,1704134846,1704090970,warm_winter_coat
Drizzle,346,26.4,1016.8,85.3,23.7,27.0,5.1,86.2,1704124881,1704090121,light_rain_jacket
Clouds,889,27.0,997.8,51.6,25.9,27.5,3.0,72.6,1704127881,1704096524,tshirt_shorts
Snow,687,-9.8,1021.0,57.0,-11.7,-7.5,4.0,24.5,1704129650,1704097116,warm_winter_coat
Clear,894,22.8,986.3,60.9,20.2,23.5,3.4,28.7,1704131056,1704096573,tshirt_shorts
Clear,898,14.5,1001.6,64.0,11.8,16.3,11.2,25.7,1704138498,1704093626,light_jacket_jeans
Snow,677,-20.8,1021.7,63.5,-23.5,-19.5,15.2,66.1,1704126409,1704091117,extreme_cold_gear
Snow,680,-7.0,1034.0,62.2,-7.8,-4.9,11.0,32.1,1704133943,1704099027,warm_winter_coat
Snow,652,8.3,1022.5,62.0,7.1,10.5,9.7,36.6,1704141484,1704092066,medium_coat_scarf
Clear,825,34.3,984.8,58.8,33.4,37.0,7.1,21.9,1704134534,1704097645,hot_summer
Clouds,830,12.9,1030.5,67.6,11.4,15.2,21.7,80.5,1704128501,1704096945,windproof_jacket
Clouds,890,3.3,1020.7,69.7,1.1,5.5,8.8,46.3,1704130326,1704097170,medium_coat_scarf
Clear,830,27.6,1011.3,48.1,26.4,28.9,2.3,5.2,1704128493,1704090524,tshirt_shorts
Snow,639,8.6,1023.4,75.0,7.4,11.1,9.5,21.3,1704129323,1704094424,medium_coat_scarf
Drizzle,351,22.8,1001.6,76.9,20.9,23.9,4.5,34.1,1704141292,1704094379,light_rain_jacket
Clear,838,-29.2,1007.5,68.2,-30.7,-27.9,0.6,20.3,1704142401,1704090817,extreme_cold_gear
Clouds,810,17.0,1022.3,69.9,14.1,19.7,23.3,29.4,1704133604,1704091400,windproof_jacket
Snow,677,-3.4,982.7,87.8,-4.4,-1.3,12.7,54.5,1704129534,1704097012,winter_wet_gear
Clear,819,2.0,1039.4,75.8,1.5,4.7,1.9,18.3,1704137351,1704096192,medium_coat_scarf
Clear,895,-23.8,1006.9,74.1,-25.8,-22.5,17.3,18.9,1704127841,1704091630,extreme_cold_gear
Clear,833,31.9,1007.7,67.8,31.0,33.6,2.3,20.1,1704140403,1704096776,hot_summer
Clouds,835,20.6,1010.9,43.3,20.0,23.5,3.0,40.6,1704129828,1704099090,tshirt_shorts
Drizzle,324,22.6,983.0,93.4,21.3,24.1,4.2,58.3,1704135988,1704095090,light_rain_jacket
Drizzle,339,-0.4,1005.4,94.5,-1.5,0.8,10.2,12.3,1704135777,1704093421,winter_wet_gear
Snow,652,-4.9,1001.8,55.8,-7.5,-2.3,6.2,73.3,1704138504,1704090108,warm_winter_coat
Snow,665,0.0,1025.1,50.6,-2.7,1.1,6.1,79.1,1704139687,1704096774,medium_coat_scarf
Drizzle,334,20.9,1000.7,82.6,18.6,23.2,6.8,84.6,1704129445,1704097526,light_rain_jacket
Clear,806,-9.5,1024.7,63.5,-11.4,-7.0,2.3,12.6,1704132232,1704091533,warm_winter_coat
Snow,685,-7.5,1025.4,76.0,-8.8,-6.6,4.6,86.8,1704128663,1704098072,winter_wet_gear
Drizzle,325,19.9,1037.5,65.0,18.2,20.6,10.7,17.3,1704135265,1704095503,light_jacket_jeans
Snow,642,-8.4,1024.6,93.1,-10.9,-7.2,14.6,85.3,1704138310,1704096697,winter_wet_gear
Clear,800,-17.2,1014.8,75.7,-19.1,-15.9,13.3,29.7,1704134185,1704096410,extreme_cold_gear
Snow,629,6.5,1018.4,78.5,4.9,8.9,8.8,46.2,1704135377,1704091156,medium_coat_scarf
Snow,681,-4.9,988.2,40.7,-6.0,-3.7,4.1,62.4,1704129188,1704091020,warm_winter_coat
Rain,581,23.6,1031.5,72.5,22.9,26.2,5.3,66.1,1704132955,1704096151,light_rain_jacket
Snow,663,-1.6,1035.8,90.3,-4.1,0.1,13.3,50.8,1704125475,1704096416,winter_wet_gear
Drizzle,338,-5.0,992.8,83.9,-7.2,-3.7,4.7,38.7,1704132450,1704092320,winter_wet_gear
Snow,677,-28.0,1022.8,38.5,-29.9,-27.0,19.4,23.1,1704132875,1704098146,extreme_cold_gear
Drizzle,366,-3.0,1025.4,78.4,-3.9,-2.3,7.0,66.5,1704135762,1704096161,winter_wet_gear
Snow,647,-8.4,993.2,65.8,-8.9,-5.9,4.3,17.2,1704142417,1704094054,warm_winter_coat
Rain,545,8.9,984.2,80.7,7.0,11.7,9.6,7.4,1704124994,1704098674,raincoat_umbrella
Rain,587,10.6,1039.1,83.4,8.5,12.5,14.9,19.0,1704127820,1704090467,raincoat_umbrella
Clear,865,-21.9,993.4,51.2,-22.9,-20.5,10.0,12.7,1704137287,1704094549,extreme_cold_gear
Clear,808,-16.4,1027.2,69.5,-18.3,-15.6,11.4,28.1,1704132181,1704096463,extreme_cold_gear
Drizzle,328,25.7,982.7,78.0,24.3,27.9,6.2,50.0,1704136049,1704089240,light_rain_jacket
Clouds,832,12.9,994.0,56.7,10.5,14.9,12.5,70.5,1704132091,1704091724,windproof_jacket
Rain,555,6.6,998.0,78.5,5.1,9.5,13.5,30.5,1704139537,1704089711,raincoat_umbrella
Rain,565,7.2,1003.6,86.0,5.9,10.1,5.4,48.8,1704139972,1704094875,raincoat_umbrella
Clear,817,23.0,1022.2,66.4,21.5,24.5,7.0,20.5,1704127623,1704091552,tshirt_shorts
Rain,502,23.2,1034.2,90.6,21.2,25.3,6.7,21.8,1704142595,1704096638,light_rain_jacket
Clear,841,34.9,1028.6,66.4,34.1,35.8,0.0,28.5,1704134475,1704099176,hot_summer
Clear,838,16.8,988.8,57.4,15.2,19.5,2.4,29.0,1704136694,1704093822,light_jacket_jeans
Clouds,823,17.7,990.0,64.0,14.7,18.9,17.0,78.0,1704127056,1704098691,windproof_jacket
Clear,865,37.1,1020.0,53.7,35.1,38.9,1.5,18.7,1704130819,1704094509,hot_summer
Clear,806,-7.8,1027.8,44.5,-10.0,-5.9,2.5,11.5,1704127028,1704093062,warm_winter_coat
Snow,660,-1.9,988.8,92.7,-3.0,1.0,13.2,24.4,1704135562,1704090624,winter_wet_gear
Drizzle,370,-1.7,1016.9,95.5,-3.3,0.4,11.5,36.7,1704139700,1704090667,winter_wet_gear
Clear,847,37.2,995.6,61.5,35.0,39.1,5.3,27.2,1704132846,1704089998,hot_summer
Clear,886,-9.9,991.1,64.5,-11.3,-7.4,1.6,3.0,1704126720,1704096439,warm_winter_coat
Rain,501,26.1,1024.6,77.2,23.2,27.5,7.4,16.9,1704138372,1704096508,light_rain_jacket
Clouds,871,8.8,1026.4,64.8,8.0,11.6,18.3,15.1,1704133186,1704098496,windproof_jacket
Clear,808,-13.8,1031.6,38.4,-15.5,-11.0,10.4,18.7,1704129034,1704099238,extreme_cold_gear
Snow,604,-0.2,999.5,91.0,-1.0,1.9,11.0,10.0,1704141119,1704090023,winter_wet_gear
Clear,858,29.9,1015.8,49.5,27.4,31.3,3.4,30.0,1704127872,1704097737,hot_summer
Clear,897,21.7,1010.7,69.1,18.9,23.0,1.8,2.8,1704141807,1704098607,tshirt_shorts
Clear,880,28.1,1016.8,55.4,25.8,28.9,7.3,26.2,1704125995,1704098546,hot_summer
Clouds,880,12.9,991.3,45.5,12.2,15.8,18.3,70.4,1704136691,1704090910,windproof_jacket
Clear,867,-9.6,991.3,58.6,-11.0,-6.9,4.4,3.7,1704134824,1704094377,warm_winter_coat
Clear,866,-16.0,1027.2,32.2,-17.3,-13.3,18.6,19.9,1704132955,1704097091,extreme_cold_gear
Clouds,878,25.2,1009.3,57.4,22.7,27.6,1.9,40.1,1704126393,1704090247,tshirt_shorts
Snow,600,-21.1,1011.3,55.5,-22.7,-18.9,7.3,8.3,1704131868,1704092820,extreme_cold_gear
Clear,898,21.3,1011.6,71.9,20.6,23.4,7.1,15.4,1704126478,1704098641,tshirt_shorts
Snow,620,-7.7,1008.1,77.3,-8.7,-5.0,9.0,93.2,1704133377,1704097078,winter_wet_gear
Clouds,874,14.1,989.2,47.7,12.8,14.7,22.3,66.9,1704136588,1704090136,windproof_jacket
Rain,588,27.8,1002.8,85.8,27.2,29.7,6.7,63.1,1704128763,1704089544,light_rain_jacket
Clear,804,19.6,1037.9,50.8,17.5,21.5,9.7,10.2,1704140391,1704097024,light_jacket_jeans
Snow,654,-16.4,1034.3,39.1,-17.7,-13.5,13.6,10.1,1704125872,1704091232,extreme_cold_gear
Clouds,857,8.2,1020.4,73.0,6.2,10.8,5.5,12.7,1704130130,1704089471,medium_coat_scarf
Clouds,842,8.9,1038.6,63.8,8.3,10.3,9.5,21.7,1704126468,1704094079,medium_coat_scarf
Snow,686,-0.7,988.3,94.3,-1.6,2.2,4.8,70.1,1704125354,1704093614,winter_wet_gear
Clear,889,31.6,1017.4,33.7,30.4,32.1,4.8,19.5,1704129316,1704099222,hot_summer
Clear,815,16.7,1033.5,69.4,15.0,19.1,5.5,2.4,1704137496,1704089457,light_jacket_jeans
Clear,887,24.4,1016.6,62.2,22.3,26.4,8.0,6.7,1704135975,1704096728,tshirt_shorts
Snow,618,-19.1,1013.3,49.1,-21.5,-18.2,16.2,51.5,1704130279,1704095128,extreme_cold_gear
Drizzle,353,-0.4,994.1,79.0,-2.5,0.4,10.8,13.6,1704136247,1704093823,winter_wet_gear
Drizzle,390,27.6,1024.6,88.3,26.6,29.6,6.1,61.1,1704129074,1704096154,light_rain_jacket
Clouds,858,8.4,1007.4,55.2,6.1,9.3,12.7,62.9,1704133261,1704090599,windproof_jacket
Clear,840,-9.7,997.9,48.8,-11.7,-8.7,3.9,11.1,1704127199,1704095677,warm_winter_coat
Rain,574,14.3,999.2,89.2,11.3,15.8,12.6,70.8,1704129229,1704097343,raincoat_umbrella
Clouds,861,17.4,1035.6,53.3,14.5,20.3,5.0,42.9,1704129984,1704094487,light_jacket_jeans
Clouds,825,12.8,1031.4,63.6,11.7,13.8,11.1,51.6,1704128448,1704099104,light_jacket_jeans
Clouds,805,22.5,1004.8,79.1,20.0,23.3,8.0,15.1,1704128607,1704090844,tshirt_shorts
Snow,606,-4.3,1036.2,57.4,-6.9,-1.7,7.5,8.1,1704136609,1704090163,warm_winter_coat
Drizzle,390,17.1,982.3,69.3,16.4,18.7,9.5,2.7,1704142516,1704091342,light_jacket_jeans
Drizzle,321,10.0,985.5,58.2,9.0,12.9,2.9,69.3,1704133081,1704094377,light_jacket_jeans
Clouds,814,22.2,1011.7,68.7,20.6,23.5,9.4,54.0,1704135650,1704093937,tshirt_shorts
Drizzle,352,27.5,1000.6,85.6,26.8,28.9,9.6,91.5,1704136555,1704094140,light_rain_jacket
Clouds,880,11.9,989.8,60.7,10.1,12.5,17.1,39.7,1704138166,1704095868,windproof_jacket
Clear,861,22.8,1033.4,55.9,22.1,24.1,6.8,1.2,1704129568,1704091314,tshirt_shorts
Clouds,812,9.0,1032.8,49.2,7.1,10.2,20.8,9.4,1704134690,1704096007,windproof_jacket
Clear,896,-6.7,1023.0,40.8,-9.1,-4.1,4.6,3.7,1704126561,1704089889,warm_winter_coat
Snow,635,8.3,1032.3,52.0,6.5,9.3,3.7,40.4,1704129563,1704094769,medium_coat_scarf
Clouds,819,17.8,1010.7,47.6,16.7,19.9,12.3,37.7,1704132040,1704092734,windproof_jacket
Drizzle,385,-9.1,1019.4,94.0,-12.0,-7.6,14.8,74.2,1704131994,1704097701,winter_wet_gear
Clear,806,30.7,1019.0,69.9,28.5,31.4,7.8,6.0,1704129438,1704089131,hot_summer
Clear,812,31.5,1028.2,39.3,30.0,34.3,2.2,27.9,1704133375,1704092272,hot_summer
Clear,842,-10.0,1039.0,64.0,-11.3,-7.1,8.2,21.6,1704139582,1704092745,warm_winter_coat
Snow,656,-27.2,1035.8,76.1,-29.4,-25.9,11.0,96.8,1704135122,1704098786,extreme_cold_gear
Clear,820,34.7,995.2,55.1,32.4,36.6,5.5,0.3,1704139584,1704097830,hot_summer
Rain,532,22.4,1017.7,80.0,21.4,24.3,7.0,41.3,1704128137,1704099238,light_rain_jacket
Clear,888,-24.2,1033.9,52.7,-25.9,-23.2,3.5,26.9,1704128643,1704096135,extreme_cold_gear
Drizzle,328,-4.6,989.3,91.9,-5.2,-1.7,10.8,32.9,1704141518,1704097509,winter_wet_gear
Clear,897,-17.7,1035.0,71.6,-19.4,-16.2,6.5,27.7,1704128403,1704095012,extreme_cold_gear
Clouds,843,10.9,991.5,69.4,10.1,13.9,23.6,27.6,1704134737,1704098597,windproof_jacket
Clear,822,-5.7,988.7,71.3,-8.5,-3.0,10.8,23.3,1704134472,1704096433,warm_winter_coat
Clear,826,3.9,1037.0,67.6,3.1,5.3,1.8,14.0,1704131016,1704092837,medium_coat_scarf
Clouds,872,11.1,989.7,68.7,9.2,12.7,24.8,56.1,1704138372,1704098786,windproof_jacket
Snow,617,-9.0,991.7,70.0,-11.3,-7.7,2.4,25.2,1704135094,1704095237,warm_winter_coat
Clear,888,39.8,990.0,56.7,38.2,40.7,5.1,26.5,1704134875,1704088936,hot_summer
Clear,816,-4.4,1021.9,64.1,-5.9,-3.7,7.7,18.6,1704140028,1704098037,warm_winter_coat
Clear,885,-27.1,1006.4,76.4,-29.5,-26.2,12.5,13.1,1704125934,1704093309,extreme_cold_gear
Clear,833,12.2,1012.9,54.3,10.1,12.8,7.2,10.0,1704134632,1704090367,light_jacket_jeans
Clear,818,-6.6,987.0,56.5,-8.3,-5.9,1.3,11.2,1704141828,1704097709,warm_winter_coat
Drizzle,386,-9.2,996.7,80.2,-11.5,-7.1,3.4,16.5,1704132809,1704090258,winter_wet_gear
Clear,852,-15.2,1025.9,33.6,-16.5,-12.3,6.7,23.8,1704136680,1704091751,extreme_cold_gear
Rain,514,26.2,1017.8,81.8,25.0,27.4,6.9,11.0,1704129730,1704092883,light_rain_jacket
Clear,896,-11.7,995.6,40.0,-13.1,-10.2,5.2,2.8,1704131081,1704092514,extreme_cold_gear
Rain,526,17.5,986.3,96.6,14.9,20.3,9.3,13.6,1704125000,1704090954,raincoat_umbrella
Clear,806,11.4,1036.5,72.1,9.3,11.9,8.6,28.6,1704134036,1704092677,light_jacket_jeans
Drizzle,390,14.9,984.1,84.8,14.3,16.1,6.6,68.3,1704138110,1704092620,light_jacket_jeans
Clear,865,29.8,989.4,55.8,27.8,32.1,1.9,20.5,1704132863,1704092142,hot_summer
Snow,665,3.5,1025.5,65.2,2.7,4.8,9.6,79.6,1704142233,1704089947,medium_coat_scarf
Drizzle,324,20.0,1016.2,60.6,18.9,22.3,10.8,45.3,1704129035,1704098564,light_jacket_jeans
Clouds,843,13.6,1000.7,59.2,12.5,15.1,8.1,30.9,1704142126,1704090911,light_jacket_jeans
Snow,630,-9.1,993.7,92.3,-11.8,-8.3,8.1,48.0,1704134411,1704090631,winter_wet_gear
Snow,689,-2.9,999.5,76.9,-3.8,-0.6,2.7,2.3,1704128031,1704097817,winter_wet_gear
Clear,886,-26.5,1007.5,37.1,-28.7,-24.6,6.0,8.9,1704128641,1704093192,extreme_cold_gear
Clouds,869,10.2,1006.4,67.9,9.4,11.7,19.4,25.0,1704125676,1704098761,windproof_jacket
Rain,588,9.5,1018.3,80.8,8.6,12.3,5.7,38.4,1704140324,1704098240,raincoat_umbrella
Clouds,838,18.3,986.0,69.0,17.0,19.3,2.7,55.4,1704136796,1704093835,light_jacket_jeans
Snow,660,-6.5,990.7,81.3,-8.2,-3.6,2.6,9.3,1704135630,1704097303,winter_wet_gear
Clear,805,-20.4,1023.2,77.9,-23.1,-19.1,6.8,20.5,1704142271,1704089405,extreme_cold_gear
Clear,801,-4.8,1007.2,69.6,-7.7,-3.6,11.3,23.2,1704142717,1704094126,warm_winter_coat
Drizzle,393,-8.2,980.1,77.3,-10.9,-7.2,8.9,60.9,1704141294,1704092933,winter_wet_gear
Drizzle,323,-8.6,991.7,76.5,-9.8,-7.6,8.1,0.8,1704140295,1704096197,winter_wet_gear
Clouds,858,23.1,1040.0,61.9,21.5,25.7,7.0,43.5,1704137959,1704097499,tshirt_shorts
Snow,695,-7.1,1023.4,59.7,-8.5,-5.9,11.8,12.9,1704135800,1704098053,warm_winter_coat
Clouds,849,15.1,1031.5,56.2,12.5,16.6,19.0,47.0,1704132998,1704090687,windproof_jacket
Snow,644,-9.8,1008.2,95.8,-12.6,-8.3,7.4,18.3,1704129074,1704097901,winter_wet_gear
Clear,867,15.7,1020.8,60.4,13.8,17.3,12.0,12.3,1704133484,1704098393,light_jacket_jeans
Snow,638,-28.1,1035.4,51.4,-30.6,-25.9,1.3,10.9,1704137782,1704089286,extreme_cold_gear
Rain,500,19.9,1021.7,85.9,17.1,21.7,9.3,18.1,1704141631,1704091783,raincoat_umbrella
Snow,698,-3.8,986.3,90.9,-6.0,-2.7,3.8,48.8,1704137402,1704092333,winter_wet_gear
Clouds,815,21.1,1024.1,77.3,19.1,22.3,4.5,50.1,1704134566,1704090963,tshirt_shorts
Clear,899,33.6,1001.4,48.2,31.9,36.2,4.7,4.9,1704130890,1704095971,hot_summer
Clear,891,-19.6,1028.3,36.1,-20.9,-17.3,15.3,22.0,1704134589,1704095039,extreme_cold_gear
Drizzle,306,20.2,998.9,78.6,17.6,20.7,2.2,77.2,1704127433,1704088877,light_rain_jacket
Rain,591,20.1,1006.9,91.7,18.3,21.4,2.7,23.9,1704141664,1704096606,light_rain_jacket
Clear,829,37.5,1012.2,49.9,35.1,39.0,0.7,17.6,1704129907,1704090177,hot_summer
Clear,881,-7.7,1009.4,64.4,-10.3,-6.1,11.5,18.0,1704141917,1704092061,warm_winter_coat
Rain,590,27.0,1032.9,81.9,26.2,28.3,2.0,16.5,1704139188,1704092903,light_rain_jacket
Clouds,868,4.2,1001.3,75.6,1.8,5.8,9.8,29.5,1704128056,1704091149,medium_coat_scarf
Clear,809,28.2,1016.0,59.7,25.2,29.3,8.5,20.5,1704133085,1704095538,tshirt_shorts
Clouds,822,20.9,1036.6,73.7,18.0,22.7,7.2,69.3,1704142385,1704095282,tshirt_shorts
Snow,631,-4.4,1025.0,78.8,-5.6,-3.8,14.2,39.6,1704138798,1704090867,winter_wet_gear
Clouds,853,10.8,1016.2,54.9,9.3,13.2,7.7,68.7,1704129679,1704099323,light_jacket_jeans
Snow,687,9.7,1024.4,56.3,7.8,11.6,2.1,18.8,1704136496,1704094847,medium_coat_scarf
Clear,891,9.2,984.4,61.0,6.9,12.1,3.3,13.6,1704138020,1704094430,medium_coat_scarf
Clouds,820,14.5,993.2,55.8,12.2,15.2,21.4,0.9,1704130302,1704091460,windproof_jacket
Clouds,837,25.7,996.4,64.5,24.8,28.3,5.5,24.5,1704128157,1704095457,tshirt_shorts
Clear,889,-16.5,1005.1,69.3,-17.3,-13.6,4.9,17.9,1704137991,1704089984,extreme_cold_gear
Snow,648,-4.5,991.6,82.0,-7.1,-1.8,3.0,77.8,1704141917,1704094576,winter_wet_gear
Snow,681,-20.6,999.7,48.7,-23.1,-17.7,13.0,28.1,1704129035,1704090990,extreme_cold_gear
Clear,874,1.1,996.3,65.8,-1.4,2.7,3.9,18.5,1704136525,1704094127,medium_coat_scarf
Clear,876,20.2,1013.5,54.9,18.8,22.8,1.5,27.5,1704127833,1704088802,tshirt_shorts
Clear,835,-5.7,992.6,72.2,-7.5,-3.0,11.7,16.8,1704135732,1704096262,warm_winter_coat
Clear,828,-2.9,1015.0,72.5,-3.7,-1.5,2.1,19.1,1704142520,1704091119,warm_winter_coat
Clear,861,31.8,1023.5,62.4,30.6,32.6,5.5,20.9,1704139772,1704091742,hot_summer
Clear,879,14.7,981.9,67.2,13.0,17.1,7.4,20.6,1704128949,1704097605,light_jacket_jeans
Clear,810,38.2,998.8,41.4,37.6,40.2,5.1,28.7,1704137619,1704090598,hot_summer
Clouds,867,28.7,991.2,46.8,27.1,30.1,4.3,77.3,1704140139,1704092699,tshirt_shorts
Rain,523,17.1,994.2,81.9,16.2,19.7,13.8,7.6,1704139145,1704093306,raincoat_umbrella
Clear,870,32.6,982.9,38.7,30.0,34.6,3.5,24.6,1704139196,1704092613,hot_summer
Rain,583,10.8,989.6,78.7,8.4,12.6,3.5,95.8,1704135943,1704098968,raincoat_umbrella
Drizzle,388,21.4,1035.8,76.9,20.6,22.4,3.2,17.7,1704140811,1704097130,light_rain_jacket
Drizzle,361,-1.9,983.3,77.3,-3.1,-1.2,6.1,51.7,1704126440,1704097137,winter_wet_gear
Snow,645,-9.5,1010.4,51.2,-10.4,-8.1,8.8,48.8,1704130930,1704099156,warm_winter_coat
Rain,509,18.3,1021.0,92.0,16.6,19.2,7.4,11.3,1704130889,1704089247,raincoat_umbrella
Snow,613,-0.6,988.7,54.3,-2.0,0.1,4.9,7.0,1704140280,1704093796,warm_winter_coat
Rain,598,19.0,991.2,82.3,17.9,20.8,8.3,13.9,1704130671,1704098725,raincoat_umbrella
Snow,686,3.3,985.2,54.8,1.9,4.5,4.6,32.1,1704134190,1704089894,medium_coat_scarf
Clear,848,4.7,1034.1,52.6,2.6,5.7,5.7,1.2,1704125971,1704099496,medium_coat_scarf
Clear,873,-28.2,990.4,68.5,-30.1,-26.5,5.0,16.3,1704129149,1704098539,extreme_cold_gear
Clouds,884,29.8,1028.8,42.5,26.9,31.0,9.0,31.4,1704140653,1704098404,tshirt_shorts
Rain,503,9.1,1000.7,96.8,6.8,10.2,11.3,42.7,1704136564,1704093862,raincoat_umbrella
Clear,840,25.9,989.7,48.0,24.8,27.7,2.9,7.5,1704141809,1704094877,tshirt_shorts
Clouds,826,13.7,985.0,57.2,12.8,14.2,21.1,74.7,1704135266,1704094404,windproof_jacket
Drizzle,304,-9.6,1011.3,75.2,-12.3,-8.7,9.6,69.6,1704126565,1704098049,winter_wet_gear
Rain,532,18.6,1005.3,81.2,17.1,19.2,7.7,0.2,1704138907,1704097230,light_rain_jacket
Snow,637,-11.9,1037.6,63.4,-13.2,-8.9,3.3,15.5,1704136161,1704091087,extreme_cold_gear
Clouds,850,10.0,982.8,66.2,8.6,11.3,19.3,89.1,1704136703,1704095747,windproof_jacket
Rain,571,19.9,1040.0,96.5,18.9,21.7,8.3,51.4,1704136253,1704091243,raincoat_umbrella
Clear,824,7.9,1028.9,72.5,5.8,8.4,7.2,22.7,1704135514,1704094369,medium_coat_scarf
Clear,834,21.3,1000.7,59.8,19.2,24.2,1.1,4.5,1704131554,1704099564,tshirt_shorts
Snow,615,-4.7,1025.9,61.7,-7.4,-3.3,10.3,54.7,1704136489,1704094119,warm_winter_coat
Clouds,808,0.3,1024.7,60.7,-0.9,2.6,4.9,18.2,1704128420,1704089629,medium_coat_scarf
Rain,562,28.0,999.1,87.2,25.1,28.7,7.5,9.4,1704127064,1704099521,light_rain_jacket
Rain,587,26.4,1001.8,87.6,25.2,28.3,6.0,26.6,1704127946,1704090601,light_rain_jacket
Clear,898,24.5,1021.0,51.2,21.7,26.7,1.4,9.4,1704134869,1704095773,tshirt_shorts
Drizzle,346,26.9,985.0,75.8,24.3,28.4,4.9,72.6,1704136655,1704092653,light_rain_jacket
Drizzle,331,-7.9,1025.2,80.5,-8.5,-5.2,7.8,0.4,1704137304,1704097591,winter_wet_gear
Rain,548,19.8,986.4,87.0,19.1,20.9,3.2,15.4,1704133775,1704091728,light_rain_jacket
Clouds,815,3.6,1003.8,52.7,1.5,6.3,8.7,13.3,1704134780,1704098098,medium_coat_scarf
Snow,614,-9.8,1002.0,98.1,-11.6,-8.4,6.5,76.0,1704139656,1704098343,winter_wet_gear
Clear,841,10.9,1023.5,75.9,8.7,11.5,10.0,6.1,1704131978,1704092095,light_jacket_jeans
Clear,868,-24.3,1014.9,50.6,-25.9,-22.4,2.0,2.1,1704138757,1704091264,extreme_cold_gear
Rain,522,14.8,1003.6,78.0,13.5,17.6,9.9,34.3,1704127209,1704096819,raincoat_umbrella
Snow,606,-1.8,1031.5,50.7,-3.5,0.3,10.7,67.0,1704142354,1704096683,warm_winter_coat
Clear,852,27.8,1035.0,46.1,25.3,28.6,6.5,20.4,1704140901,1704091507,tshirt_shorts
Snow,687,-19.9,1026.5,33.9,-20.7,-16.9,17.8,38.1,1704132413,1704094883,extreme_cold_gear
Clouds,869,10.4,1010.6,47.7,7.7,12.3,17.9,30.9,1704141436,1704097304,windproof_jacket
Clear,821,15.6,1011.5,75.4,12.8,18.5,6.8,4.2,1704125117,1704096181,light_jacket_jeans
Snow,604,2.1,1033.4,78.4,0.3,5.1,1.4,45.1,1704141072,1704098196,medium_coat_scarf
Clear,857,-15.0,999.4,59.4,-15.8,-14.2,8.7,27.0,1704126106,1704088960,extreme_cold_gear
Drizzle,327,-6.6,1033.5,97.7,-8.3,-4.8,11.8,84.3,1704137775,1704090631,winter_wet_gear
Clear,826,-19.1,1035.6,57.9,-20.3,-17.0,19.4,6.3,1704134940,1704098945,extreme_cold_gear
Clouds,826,1.0,1035.0,62.7,0.3,2.0,6.2,26.7,1704137058,1704094152,medium_coat_scarf
Snow,619,-9.6,996.6,82.0,-11.3,-7.2,5.9,42.5,1704130177,1704091691,winter_wet_gear
Snow,661,-7.5,1012.9,51.6,-9.1,-5.9,5.5,58.7,1704131708,1704091881,warm_winter_coat
Clear,854,30.1,1036.8,40.1,28.4,31.2,6.5,4.1,1704130659,1704089448,hot_summer
Snow,654,3.3,1006.4,70.6,0.4,4.6,6.5,74.6,1704130461,1704096883,medium_coat_scarf
Clouds,895,14.3,1011.4,41.8,11.8,15.0,17.6,30.8,1704137818,1704098150,windproof_jacket
Clear,851,31.2,1007.3,61.9,30.5,32.7,2.5,0.3,1704135600,1704093983,hot_summer
Clear,841,-24.6,1011.6,55.5,-27.4,-23.3,15.9,19.3,1704134943,1704094625,extreme_cold_gear
Clear,821,8.6,1032.2,60.2,8.0,11.2,8.5,29.1,1704134306,1704089554,medium_coat_scarf
Clear,805,9.3,1004.5,51.0,7.8,9.9,6.4,12.9,1704125932,1704090121,medium_coat_scarf
Drizzle,338,27.8,1001.1,91.9,25.5,30.2,6.3,52.7,1704139287,1704089595,light_rain_jacket
Clouds,817,17.3,986.4,44.3,15.0,18.7,21.1,35.3,1704126888,1704092184,windproof_jacket
Clear,879,28.4,1010.6,38.2,25.6,30.1,2.7,18.5,1704125704,1704094213,hot_summer
Drizzle,372,-8.1,988.7,84.7,-9.7,-7.0,8.9,92.7,1704140895,1704096739,winter_wet_gear
Drizzle,338,-6.8,981.2,81.2,-7.5,-4.6,9.8,9.4,1704132674,1704092358,winter_wet_gear
Drizzle,323,-8.7,990.0,92.2,-11.3,-7.7,9.5,75.5,1704131606,1704095667,winter_wet_gear
Snow,607,-4.1,980.7,83.9,-5.4,-1.8,2.5,58.4,1704138596,1704093707,winter_wet_gear
Clouds,820,10.3,1038.7,53.8,7.6,12.9,20.3,68.3,1704140885,1704095086,windproof_jacket
Drizzle,303,25.1,1020.2,82.2,22.1,27.4,7.9,57.3,1704129158,1704098677,light_rain_jacket
Clear,894,29.3,998.9,31.3,26.5,30.4,5.1,15.3,1704138399,1704093232,hot_summer
Clouds,855,8.6,1015.1,67.6,5.7,11.0,22.0,43.7,1704136556,1704094577,windproof_jacket
Clear,880,22.5,1012.9,74.4,21.8,24.2,7.0,18.3,1704128550,1704090891,tshirt_shorts
Drizzle,352,19.1,992.3,63.6,18.1,21.2,5.5,89.7,1704125428,1704098312,light_jacket_jeans
Snow,673,5.2,1009.7,76.2,4.3,5.9,1.1,62.7,1704134655,1704094577,medium_coat_scarf
Clouds,825,9.1,1006.0,56.2,6.2,10.9,5.1,48.9,1704136750,1704097764,medium_coat_scarf
Drizzle,317,11.7,999.9,58.6,10.4,13.2,6.3,58.5,1704140721,1704098119,light_jacket_jeans
Clear,888,-3.7,1025.4,70.3,-5.3,-1.3,6.2,18.8,1704135261,1704089935,warm_winter_coat
Clear,838,-7.0,1008.9,49.0,-7.6,-5.9,1.6,11.7,1704139348,1704094062,warm_winter_coat
Snow,691,-7.9,982.8,78.5,-10.1,-4.9,2.4,50.9,1704137368,1704090481,winter_wet_gear
Clear,891,20.0,992.0,41.1,18.9,21.6,8.2,1.8,1704136038,1704096690,tshirt_shorts
Snow,675,-21.1,999.5,33.2,-21.6,-18.4,16.1,72.2,1704133259,1704099297,extreme_cold_gear
Drizzle,392,11.9,1011.8,76.9,9.9,14.2,5.5,60.9,1704126030,1704095946,light_jacket_jeans
Snow,679,-12.9,981.1,53.4,-14.8,-10.6,11.2,95.1,1704136618,1704091477,extreme_cold_gear
Snow,644,-9.5,983.7,85.9,-10.7,-7.4,3.0,71.4,1704127333,1704094964,winter_wet_gear
Clear,818,-0.5,992.3,72.0,-2.8,0.1,7.0,27.3,1704135689,1704094099,warm_winter_coat
Rain,532,9.2,993.0,98.4,7.7,11.3,3.3,48.3,1704126069,1704090881,raincoat_umbrella
Clear,842,11.8,1036.9,81.9,10.6,13.5,2.6,6.0,1704136815,1704092911,light_jacket_jeans
Clear,806,29.6,982.7,54.2,28.2,31.3,6.8,22.0,1704130775,1704098831,hot_summer
Snow,655,-3.7,1029.9,80.0,-5.1,-0.8,3.6,47.4,1704136988,1704096465,winter_wet_gear
Clouds,887,26.3,1010.3,76.4,25.3,28.6,2.7,95.9,1704137034,1704095436,tshirt_shorts
Rain,566,19.0,1019.6,98.4,18.4,19.8,13.6,22.1,1704133869,1704092299,raincoat_umbrella
Snow,642,-10.4,990.9,70.9,-12.6,-9.6,9.7,89.1,1704134534,1704090777,extreme_cold_gear
Clear,805,23.4,1039.5,45.4,21.5,25.8,0.7,19.7,1704139320,1704097872,tshirt_shorts
Clear,838,29.1,1006.2,61.0,27.8,30.4,7.2,18.9,1704133766,1704095044,tshirt_shorts
Clear,812,-6.1,990.7,59.8,-6.9,-3.8,5.0,12.2,1704133482,1704090652,warm_winter_coat
Rain,577,6.4,1024.3,90.1,3.4,8.6,13.3,37.8,1704136854,1704097604,raincoat_umbrella
Clouds,810,11.7,985.2,43.2,10.0,14.3,24.8,16.9,1704138634,1704092643,windproof_jacket
Clear,876,20.8,995.5,47.4,19.1,21.8,2.2,17.0,1704127885,1704089529,tshirt_shorts
Rain,545,12.5,982.0,90.1,11.5,14.6,3.4,72.2,1704142472,1704094703,raincoat_umbrella
Clear,803,-16.6,1039.1,57.0,-18.1,-13.7,10.0,0.5,1704138258,1704098824,extreme_cold_gear
Clear,846,35.7,1030.5,31.8,35.1,36.7,7.6,8.9,1704127019,1704090170,hot_summer
Rain,565,16.4,980.1,91.5,15.0,17.2,9.0,61.3,1704138039,1704093601,raincoat_umbrella
Rain,535,13.4,1020.8,77.9,11.4,16.0,3.3,68.2,1704126694,1704089673,raincoat_umbrella
Snow,684,-4.6,1021.3,92.9,-7.5,-1.9,9.6,64.7,1704132946,1704090223,winter_wet_gear
Drizzle,314,27.8,1028.3,79.1,25.5,28.5,8.1,38.6,1704142211,1704093087,light_rain_jacket
Clear,827,-3.6,1040.0,69.7,-4.6,-0.7,9.3,25.9,1704135741,1704092473,warm_winter_coat
Rain,574,20.5,981.2,94.9,18.5,21.9,3.4,89.6,1704129493,1704094344,light_rain_jacket
Clear,868,-23.5,1039.1,51.6,-24.6,-22.4,18.1,22.7,1704127689,1704092086,extreme_cold_gear
Snow,676,-5.6,1017.1,97.8,-8.3,-3.8,14.9,91.8,1704128581,1704098963,winter_wet_gear
Clear,831,32.9,982.3,48.7,31.1,34.7,0.4,21.5,1704138205,1704091425,hot_summer
Rain,594,21.8,1026.3,75.3,19.2,22.9,2.8,46.9,1704126926,1704096128,light_rain_jacket
Snow,648,-0.6,1004.4,91.0,-1.6,0.0,9.6,33.0,1704138825,1704095652,winter_wet_gear
Rain,586,13.1,984.4,85.1,11.2,14.6,13.0,57.2,1704139202,1704093347,raincoat_umbrella
Snow,621,-2.0,1008.8,92.8,-3.6,0.9,14.9,56.1,1704142559,1704098765,winter_wet_gear
Snow,624,-26.4,1039.4,56.9,-27.0,-24.7,6.3,37.6,1704131460,1704092407,extreme_cold_gear
Clear,805,-13.2,1000.6,59.1,-15.7,-12.4,14.5,6.7,1704129928,1704090591,extreme_cold_gear
Clouds,848,8.5,981.8,66.5,6.2,10.1,12.9,0.2,1704140211,1704089910,windproof_jacket
Clouds,889,8.9,1012.3,55.4,7.8,11.5,13.9,76.8,1704128234,1704092415,windproof_jacket
Clear,894,39.1,1000.0,34.5,38.1,41.1,0.8,11.2,1704125415,1704093583,hot_summer
Clear,870,-27.5,1020.3,42.6,-29.5,-25.8,14.0,22.9,1704140543,1704093464,extreme_cold_gear
Clear,820,-26.5,1004.1,76.1,-28.9,-23.8,0.5,6.3,1704135417,1704091467,extreme_cold_gear
Clear,890,-5.8,1017.4,69.6,-8.5,-4.5,2.5,10.5,1704125081,1704099361,warm_winter_coat
Clear,856,5.6,1019.6,74.4,2.8,6.4,8.0,27.1,1704134230,1704098540,medium_coat_scarf
Clear,890,0.6,1012.2,75.8,-1.9,2.3,5.4,24.0,1704133231,1704098067,medium_coat_scarf
Rain,584,21.2,1017.7,81.6,19.8,23.4,3.3,33.8,1704140136,1704090731,light_rain_jacket
Clouds,886,29.2,985.1,68.3,28.6,31.5,7.2,22.0,1704138959,1704092519,tshirt_shorts
Clear,859,-17.5,1006.9,70.5,-18.6,-15.0,17.9,11.8,1704128315,1704099243,extreme_cold_gear
Clear,838,-1.4,1028.8,68.1,-4.0,-0.2,4.6,9.4,1704137272,1704094980,warm_winter_coat
Clouds,837,7.2,986.4,77.0,5.7,8.4,1.5,68.6,1704135107,1704090728,medium_coat_scarf
Drizzle,348,-1.7,1012.0,95.6,-3.2,0.1,4.4,50.2,1704134367,1704091962,winter_wet_gear
Clear,879,-5.6,981.3,69.5,-7.0,-2.9,11.6,3.2,1704131401,1704097849,warm_winter_coat
Clouds,802,11.7,1037.6,42.5,9.9,12.8,12.0,99.6,1704141414,1704098639,windproof_jacket
Clear,893,38.7,1028.1,49.9,37.7,40.2,6.7,12.3,1704128897,1704097723,hot_summer
Clouds,871,23.1,1024.5,47.5,22.2,23.9,8.4,93.1,1704135859,1704094647,tshirt_shorts
Rain,575,26.4,996.5,91.5,25.6,27.9,9.1,13.4,1704140427,1704093436,light_rain_jacket
Clouds,818,5.3,1023.6,77.7,2.4,6.4,9.5,91.2,1704129613,1704099534,medium_coat_scarf
Snow,677,6.3,997.8,62.2,4.8,7.6,5.1,12.7,1704141783,1704099169,medium_coat_scarf
Snow,693,-9.1,1006.9,67.9,-9.7,-8.5,10.7,10.2,1704129026,1704093542,warm_winter_coat
Rain,585,7.3,984.7,93.6,5.2,8.5,10.1,89.0,1704136180,1704089292,raincoat_umbrella
Clouds,883,9.3,1013.8,51.8,7.3,10.3,3.6,85.8,1704135530,1704098077,medium_coat_scarf
Clouds,880,7.1,1011.6,66.4,6.0,8.6,7.1,20.6,1704140807,1704088950,medium_coat_scarf
Clear,899,-4.6,995.4,49.2,-6.4,-3.8,11.3,26.8,1704139045,1704097803,warm_winter_coat
Snow,646,-22.7,1002.5,38.4,-23.9,-20.5,16.0,8.6,1704129524,1704095797,extreme_cold_gear
Clear,825,-9.3,1026.2,49.5,-10.2,-7.2,2.5,3.2,1704142243,1704091387,warm_winter_coat
Clear,812,-16.9,1023.6,37.1,-19.4,-14.2,8.3,8.5,1704130957,1704097046,extreme_cold_gear
Snow,673,-5.6,1030.3,85.2,-7.9,-4.6,7.6,1.1,1704131566,1704098326,winter_wet_gear
Clear,835,26.1,1029.9,54.7,23.2,27.0,4.2,9.3,1704136897,1704095957,tshirt_shorts
Drizzle,391,13.2,1003.6,83.7,12.6,14.0,8.9,70.2,1704136420,1704097760,light_jacket_jeans
Drizzle,338,15.8,1036.9,84.3,14.2,17.6,7.7,44.4,1704131417,1704096332,light_jacket_jeans
Clouds,864,13.5,988.3,41.6,12.5,15.5,22.1,13.3,1704131425,1704091884,windproof_jacket
Clouds,811,20.9,982.0,74.4,20.3,22.2,8.1,9.1,1704134382,1704094300,tshirt_shorts
Clear,898,8.4,986.3,76.9,6.5,9.7,3.7,3.0,1704128803,1704091646,medium_coat_scarf
Drizzle,370,25.8,1031.0,79.2,23.8,27.5,7.0,25.6,1704137350,1704097338,light_rain_jacket
Clouds,806,8.4,994.2,50.6,6.6,10.2,21.5,11.7,1704138464,1704096098,windproof_jacket
Clear,897,29.4,1007.6,66.9,28.7,32.4,0.7,26.7,1704126208,1704099049,tshirt_shorts
Snow,659,10.0,996.8,63.8,7.1,10.6,6.3,60.4,1704129863,1704091924,medium_coat_scarf
Clear,860,40.0,997.7,57.1,37.6,42.6,6.6,0.4,1704127371,1704096797,hot_summer
Clear,889,36.0,1030.7,47.1,33.7,38.7,7.1,15.8,1704130438,1704094153,hot_summer
Rain,561,9.4,1017.8,87.2,8.3,12.1,7.6,19.4,1704139005,1704097562,raincoat_umbrella
Clear,872,21.6,999.1,61.6,18.7,23.0,1.0,15.8,1704131786,1704089500,tshirt_shorts
Drizzle,372,-4.5,1000.9,78.4,-7.4,-1.6,8.5,20.2,1704128184,1704094890,winter_wet_gear
Clouds,893,21.3,1031.5,67.5,20.3,24.3,2.1,5.9,1704137453,1704093477,tshirt_shorts
Clear,841,28.8,1018.8,62.9,26.7,31.7,5.2,3.9,1704132704,1704098647,hot_summer
Snow,620,-9.1,1025.5,81.2,-10.6,-7.8,10.5,27.4,1704135177,1704088849,winter_wet_gear
Clear,801,29.1,980.6,52.8,26.7,31.6,8.2,0.1,1704141540,1704097320,tshirt_shorts
Clouds,856,23.2,1011.0,79.6,21.6,24.9,1.6,79.3,1704132455,1704099452,tshirt_shorts
Drizzle,362,13.2,1029.6,82.6,11.4,16.2,8.8,27.1,1704127688,1704092242,light_jacket_jeans
Rain,546,14.8,1028.0,79.4,13.1,16.4,14.0,23.0,1704139517,1704092564,raincoat_umbrella
Snow,634,2.3,1010.9,79.9,0.3,5.2,4.2,13.2,1704129192,1704096893,medium_coat_scarf
Snow,665,-27.3,999.3,39.9,-29.8,-24.6,10.2,33.6,1704134065,1704099274,extreme_cold_gear
Snow,695,9.8,997.6,72.9,8.5,12.3,2.0,34.5,1704133663,1704092694,medium_coat_scarf
Rain,528,6.4,1037.7,83.6,4.0,8.3,13.3,24.1,1704134572,1704089143,raincoat_umbrella
Rain,584,10.3,980.9,93.9,9.3,11.7,12.4,14.4,1704136833,1704091947,raincoat_umbrella
Snow,674,4.4,1020.0,62.7,2.3,5.6,7.7,47.6,1704129118,1704091309,medium_coat_scarf
Snow,607,-2.2,1033.8,67.7,-3.9,-0.4,8.7,54.9,1704134021,1704090765,warm_winter_coat
Clear,894,37.8,1012.3,65.4,36.3,40.4,0.7,27.4,1704141637,1704090243,hot_summer
Snow,608,3.2,983.0,79.2,2.5,5.7,8.9,50.2,1704141215,1704092824,medium_coat_scarf
Snow,654,-9.5,1022.1,72.7,-11.3,-8.7,2.3,53.5,1704138837,1704091426,warm_winter_coat
Snow,600,-6.2,1035.2,79.7,-7.6,-4.1,3.9,13.0,1704133394,1704093207,winter_wet_gear
Clouds,853,8.4,1032.8,65.1,6.5,10.0,5.2,96.4,1704139759,1704097775,medium_coat_scarf
Drizzle,324,-6.0,1021.3,88.8,-8.6,-3.4,10.8,53.4,1704129627,1704097967,winter_wet_gear
Rain,583,26.3,1032.1,80.1,25.3,29.3,5.3,21.4,1704128229,1704094638,light_rain_jacket
Drizzle,352,19.5,1031.0,84.9,18.2,21.4,7.8,11.2,1704137940,1704096371,light_rain_jacket
Clear,830,28.3,997.4,60.2,27.5,31.2,3.7,27.0,1704140791,1704092190,hot_summer
Clear,884,29.3,1017.1,62.5,27.0,31.9,4.6,23.4,1704138255,1704089407,hot_summer
Rain,588,10.3,1029.3,79.9,7.9,12.5,6.2,16.3,1704134638,1704092325,raincoat_umbrella
Rain,583,14.4,1031.1,94.7,11.8,16.6,12.6,26.7,1704142571,1704091929,raincoat_umbrella
Clouds,866,4.8,985.6,50.8,2.7,5.4,5.4,89.2,1704131308,1704097732,medium_coat_scarf
Snow,627,-16.3,1013.0,45.9,-18.3,-14.6,6.2,84.7,1704139421,1704095972,extreme_cold_gear
Snow,638,-7.3,1012.7,75.0,-10.1,-5.0,11.7,56.4,1704133424,1704098867,warm_winter_coat
Clear,812,-26.2,1014.4,31.7,-26.8,-23.4,6.7,18.0,1704128709,1704089389,extreme_cold_gear
Rain,571,21.2,1001.9,72.8,20.3,24.0,5.5,63.6,1704136027,1704094372,light_rain_jacket
Clouds,839,12.4,1012.1,51.6,9.9,14.6,12.6,7.3,1704136448,1704092609,windproof_jacket
Drizzle,349,12.3,986.3,64.7,10.3,15.1,3.2,89.6,1704136988,1704092534,light_jacket_jeans
Drizzle,359,-8.2,1026.9,81.2,-9.1,-7.7,8.0,86.9,1704128907,1704098189,winter_wet_gear
Rain,587,12.2,998.4,89.3,9.5,14.2,9.7,9.7,1704133151,1704096335,raincoat_umbrella
Rain,565,17.6,1002.3,94.6,16.9,19.2,14.8,90.7,1704132735,1704093826,raincoat_umbrella
Snow,681,-3.1,989.9,76.6,-4.8,-2.5,14.6,36.0,1704140459,1704094722,winter_wet_gear
Drizzle,335,-1.7,988.0,98.3,-3.3,0.3,12.3,78.7,1704131268,1704099504,winter_wet_gear
Clear,872,10.6,1022.8,67.0,9.7,11.7,6.3,19.4,1704128021,1704091510,light_jacket_jeans
Clouds,881,14.3,984.0,40.3,12.0,15.4,22.4,52.4,1704127961,1704089918,windproof_jacket
Clear,811,30.2,1028.4,65.7,28.9,31.0,4.3,26.9,1704132487,1704091261,hot_summer
Snow,651,-16.0,1014.8,33.2,-18.5,-14.4,2.4,79.9,1704138978,1704091591,extreme_cold_gear
Clouds,835,29.5,991.3,79.6,28.2,30.8,8.1,21.2,1704139003,1704099130,tshirt_shorts
Drizzle,331,19.1,985.7,76.0,16.2,20.4,6.0,25.7,1704128212,1704092362,light_jacket_jeans
Clouds,846,17.0,1019.0,63.3,15.3,17.9,21.7,85.4,1704141351,1704097094,windproof_jacket
Clear,815,31.9,1021.7,40.8,29.9,33.1,1.5,6.6,1704139468,1704095949,hot_summer
Drizzle,324,-4.8,994.5,76.7,-6.6,-2.7,12.9,3.7,1704136854,1704095947,winter_wet_gear
Clouds,802,3.7,1018.3,74.8,1.7,6.6,2.9,45.8,1704130124,1704097530,medium_coat_scarf
Clear,844,28.0,1024.5,66.6,27.2,28.7,6.8,5.0,1704141518,1704096619,hot_summer
Clear,855,6.9,1019.6,52.2,5.0,9.3,7.9,12.2,1704141720,1704091630,medium_coat_scarf
Rain,573,8.8,1031.2,93.1,7.4,10.9,6.2,17.8,1704126204,1704095337,raincoat_umbrella
Snow,664,-3.7,1021.2,52.6,-5.6,-3.1,2.6,81.8,1704126635,1704090365,warm_winter_coat
Clear,843,18.3,992.0,53.3,16.1,18.9,6.0,26.3,1704130042,1704088902,light_jacket_jeans
Clear,803,39.8,1012.3,60.2,37.2,40.6,2.0,29.8,1704131020,1704096428,hot_summer
Rain,548,14.4,1024.9,87.1,11.7,17.3,10.0,15.5,1704137080,1704094923,raincoat_umbrella
Clouds,851,13.6,998.6,52.2,11.2,15.4,16.5,85.5,1704142521,1704095976,windproof_jacket
Clouds,886,26.1,1031.7,67.2,25.2,27.3,6.4,48.6,1704135836,1704095954,tshirt_shorts
Drizzle,315,26.1,1022.1,79.4,23.5,29.0,4.0,7.1,1704132585,1704099219,light_rain_jacket
Snow,660,6.3,986.0,65.3,5.1,7.7,4.0,67.6,1704141816,1704096550,medium_coat_scarf
Clouds,819,10.0,1023.2,61.2,8.7,12.3,22.7,64.4,1704125644,1704095334,windproof_jacket
Clear,831,23.2,1013.4,52.4,21.9,25.4,7.5,26.5,1704127526,1704096931,tshirt_shorts
Snow,646,-26.0,1036.3,51.4,-27.5,-24.4,7.7,91.8,1704137956,1704093605,extreme_cold_gear
Clear,839,34.5,1011.2,51.2,33.0,36.8,2.8,19.7,1704127584,1704098101,hot_summer
Clouds,858,8.7,997.1,60.1,6.8,9.5,3.1,86.2,1704127578,1704096459,medium_coat_scarf
Rain,503,19.6,1035.0,92.9,18.8,21.5,8.8,57.5,1704138615,1704090754,raincoat_umbrella
Clouds,894,18.3,1009.3,79.8,15.8,20.1,10.0,38.1,1704133932,1704091460,light_jacket_jeans
Snow,664,-17.9,986.8,64.7,-19.7,-17.3,19.7,12.5,1704142633,1704096656,extreme_cold_gear
Clear,848,28.5,1037.9,35.9,25.6,30.6,7.9,0.1,1704132985,1704098173,hot_summer
Clear,828,-3.1,1022.9,67.5,-5.5,-1.0,2.4,0.1,1704127263,1704093861,warm_winter_coat
Clear,894,37.2,995.6,46.4,36.3,37.8,5.2,4.8,1704136755,1704090804,hot_summer
Clouds,871,2.5,1010.9,78.5,1.8,5.5,5.6,52.6,1704137400,1704089712,medium_coat_scarf
Snow,693,8.5,1021.1,66.3,7.6,10.8,5.8,77.8,1704131707,1704092490,medium_coat_scarf
Clouds,885,19.4,1005.3,63.7,16.6,20.7,6.7,28.1,1704129120,1704095048,light_jacket_jeans
Clouds,845,14.4,987.2,65.4,11.8,16.1,12.8,31.7,1704128926,1704094238,windproof_jacket
Clear,851,37.9,1027.4,35.9,37.3,40.0,1.3,18.5,1704131437,1704092136,hot_summer
Snow,654,-1.7,996.0,69.8,-4.3,-1.0,2.2,73.6,1704125909,1704098545,warm_winter_coat
Rain,584,14.1,990.9,89.6,12.3,16.6,9.3,28.1,1704128470,1704093465,raincoat_umbrella
Clear,837,-7.2,1019.2,71.9,-8.2,-4.4,6.7,28.0,1704140211,1704094628,warm_winter_coat
Clear,868,39.0,1033.4,41.6,38.4,39.9,3.8,21.2,1704136156,1704088884,hot_summer
Clouds,847,17.9,1016.5,65.4,17.4,20.8,19.2,82.4,1704141936,1704094537,windproof_jacket
Drizzle,305,12.1,1023.3,53.2,11.6,13.7,9.0,17.3,1704137508,1704095093,light_jacket_jeans
Clear,867,22.6,1006.4,57.8,20.5,23.4,6.6,20.9,1704137772,1704097235,tshirt_shorts
Clear,812,-10.9,1031.2,39.2,-12.1,-8.0,18.2,29.4,1704127953,1704090738,extreme_cold_gear
Rain,561,6.7,1014.5,97.9,5.5,8.2,6.3,11.7,1704124801,1704094060,raincoat_umbrella
Rain,575,18.7,1021.5,85.2,15.8,20.1,5.5,24.5,1704131014,1704095978,raincoat_umbrella
Clouds,848,27.9,1021.3,50.2,26.0,28.7,7.6,32.3,1704140661,1704093687,tshirt_shorts
Clear,891,20.3,984.4,46.1,18.9,21.0,6.3,5.7,1704141202,1704090870,tshirt_shorts
Clear,802,-4.2,1030.6,50.0,-6.3,-3.0,9.9,24.3,1704142071,1704095674,warm_winter_coat
Clouds,880,18.0,1010.9,42.5,15.1,20.0,19.4,25.5,1704131712,1704091286,windproof_jacket
Clear,881,-9.3,1013.9,72.9,-10.4,-7.4,3.9,11.2,1704138939,1704096241,warm_winter_coat
Clouds,850,10.9,997.7,56.7,9.2,11.7,23.7,96.6,1704130896,1704089394,windproof_jacket
Snow,612,-4.9,991.3,41.7,-6.5,-2.8,8.6,33.3,1704130935,1704089507,warm_winter_coat
Clear,831,32.0,1010.6,50.0,30.7,34.5,5.2,3.6,1704127271,1704098103,hot_summer
Clear,834,36.5,988.3,31.2,35.6,39.4,7.0,3.8,1704139224,1704096286,hot_summer
Clear,864,30.9,1034.0,33.7,29.6,32.3,7.2,19.0,1704140947,1704096640,hot_summer
Clear,859,33.3,1011.9,53.4,32.6,34.3,7.8,27.2,1704135325,1704093560,hot_summer
Clear,814,34.5,982.6,69.4,33.7,36.9,7.5,4.9,1704128643,1704097632,hot_summer
Clear,835,36.4,1020.6,66.0,33.5,37.6,6.3,20.4,1704129695,1704088812,hot_summer
Clouds,807,16.0,985.9,74.3,15.3,18.2,6.7,46.9,1704142122,1704097335,light_jacket_jeans
Drizzle,304,-4.3,1027.0,89.4,-6.5,-2.4,9.8,22.5,1704134536,1704094147,winter_wet_gear
Rain,585,16.6,1026.5,75.5,15.9,17.9,14.5,14.9,1704135897,1704095541,raincoat_umbrella
Rain,586,14.6,993.8,95.4,13.9,15.4,14.0,58.8,1704133558,1704095866,raincoat_umbrella
Rain,569,21.6,1034.5,90.7,20.7,24.3,3.2,30.1,1704139981,1704091386,light_rain_jacket
Clear,813,39.5,1033.9,47.1,37.2,40.6,3.8,15.8,1704127022,1704093624,hot_summer
Rain,515,8.8,1000.3,84.6,6.2,10.1,4.7,68.4,1704139787,1704091322,raincoat_umbrella
Clear,831,5.4,1031.6,71.5,4.8,7.7,3.9,18.7,1704137096,1704098595,medium_coat_scarf
Clear,810,16.3,1012.4,76.9,14.7,18.1,7.5,2.6,1704141014,1704093789,light_jacket_jeans
Clouds,855,28.0,1027.2,62.0,25.7,30.1,2.7,27.0,1704141092,1704090635,tshirt_shorts
Clear,881,38.7,1034.4,34.1,35.8,40.4,5.3,5.1,1704136982,1704099013,hot_summer
Clouds,829,2.4,993.1,60.4,1.8,4.5,8.1,67.0,1704135686,1704097382,medium_coat_scarf
Snow,640,-10.2,993.2,51.1,-11.5,-7.6,11.0,20.5,1704138115,1704099174,extreme_cold_gear
Clear,808,-22.8,1009.7,47.5,-23.8,-20.9,7.3,10.9,1704133665,1704098187,extreme_cold_gear
Clear,871,28.1,1032.4,35.5,26.1,30.3,7.2,17.9,1704141259,1704090694,hot_summer
Rain,522,15.9,988.6,82.1,15.3,16.9,10.1,40.4,1704131780,1704089608,raincoat_umbrella
Clouds,871,23.2,1036.5,40.5,22.1,24.4,8.4,65.6,1704140960,1704093839,tshirt_shorts
Clear,889,29.8,1005.4,53.1,27.0,32.6,4.9,22.1,1704126838,1704093669,hot_summer
Clear,880,-6.9,1010.8,67.1,-8.8,-4.9,1.7,3.7,1704129833,1704093791,warm_winter_coat
Rain,509,17.5,987.0,85.3,15.2,19.6,10.4,38.6,1704127977,1704094032,raincoat_umbrella
Clear,803,35.5,995.1,46.5,33.4,38.0,6.9,29.4,1704128102,1704089724,hot_summer
Clear,801,-6.3,1034.1,59.9,-8.1,-3.3,9.1,24.6,1704134447,1704094521,warm_winter_coat
Clouds,837,9.1,989.4,52.0,8.1,10.8,3.6,14.5,1704140968,1704097271,medium_coat_scarf
Clouds,803,27.8,1007.3,62.5,25.3,29.5,9.9,71.4,1704134630,1704098055,tshirt_shorts
Snow,620,6.7,994.2,63.5,4.7,9.1,8.4,23.9,1704128580,1704091603,medium_coat_scarf
Clear,814,36.5,1029.9,30.8,35.5,37.5,7.8,6.4,1704134245,1704092085,hot_summer
Snow,641,-9.3,1025.5,93.0,-11.9,-6.6,4.3,43.2,1704134583,1704098302,winter_wet_gear
Snow,607,4.9,1029.6,76.1,3.0,6.1,6.4,91.2,1704140115,1704094186,medium_coat_scarf
Drizzle,390,19.2,1001.7,58.1,16.3,20.2,4.6,85.9,1704129447,1704098129,light_jacket_jeans
Clear,824,-10.6,1015.9,53.6,-13.1,-7.7,0.6,3.0,1704132500,1704098698,extreme_cold_gear
Rain,579,13.7,1016.2,93.0,13.0,16.0,7.0,82.5,1704127007,1704092289,raincoat_umbrella
Clear,884,-26.6,1023.5,69.7,-29.3,-24.1,19.6,7.4,1704135106,1704093652,extreme_cold_gear
Rain,520,9.8,1014.4,91.8,7.3,11.0,7.0,29.9,1704125217,1704094577,raincoat_umbrella
Clear,872,35.1,1021.7,45.7,33.1,36.5,3.3,0.1,1704126473,1704097377,hot_summer
Clear,868,38.0,1002.6,60.7,37.5,39.1,2.8,16.0,1704129308,1704091048,hot_summer
Rain,572,17.2,1034.5,88.9,15.9,19.2,14.3,48.3,1704133770,1704096088,raincoat_umbrella
Drizzle,366,-5.1,1003.7,80.3,-6.9,-2.5,13.0,27.3,1704132429,1704091316,winter_wet_gear
Clouds,833,10.1,989.9,75.8,9.1,11.8,9.3,95.7,1704135659,1704090039,light_jacket_jeans
Rain,562,18.4,1015.5,91.2,17.8,19.5,2.1,10.6,1704126151,1704094760,light_rain_jacket
Clouds,865,8.7,995.8,69.0,6.7,9.8,7.5,74.1,1704134031,1704099062,medium_coat_scarf
Drizzle,333,-9.3,990.9,78.4,-11.5,-6.8,9.2,49.9,1704138153,1704090344,winter_wet_gear
Drizzle,324,-2.0,1022.5,89.0,-4.3,0.6,10.1,68.8,1704128665,1704091181,winter_wet_gear
Drizzle,333,-4.2,988.3,98.2,-6.3,-3.7,6.9,69.4,1704136693,1704098018,winter_wet_gear
Clouds,810,13.4,1025.4,47.5,12.8,14.8,15.4,34.3,1704139451,1704095696,windproof_jacket
Rain,510,19.6,991.7,87.6,17.1,22.1,13.3,93.9,1704133541,1704093009,raincoat_umbrella
Clear,879,38.4,1003.2,48.3,36.1,39.1,3.8,29.0,1704133450,1704098119,hot_summer
Clear,870,-28.9,988.5,74.2,-31.2,-28.2,3.8,23.6,1704132879,1704094303,extreme_cold_gear
Clear,848,-29.4,1010.1,31.7,-30.6,-28.0,11.2,29.6,1704125661,1704099468,extreme_cold_gear
Clear,834,38.6,981.5,54.6,38.1,41.3,1.9,26.1,1704141703,1704094512,hot_summer
Clouds,813,3.2,1017.3,75.1,2.1,4.9,4.1,19.2,1704127124,1704092197,medium_coat_scarf
Clear,881,-22.8,1035.8,48.4,-24.5,-20.4,15.4,19.0,1704126283,1704099576,extreme_cold_gear
Clear,861,-16.2,1031.5,38.7,-17.9,-14.5,17.4,6.5,1704141101,1704098749,extreme_cold_gear
Snow,692,-2.9,980.9,89.0,-5.3,-0.7,9.5,44.2,1704137338,1704094982,winter_wet_gear
Clear,881,29.3,999.5,75.0,27.1,31.1,3.4,1.1,1704141137,1704093760,tshirt_shorts
Clouds,805,26.2,993.6,43.7,24.5,28.7,4.3,25.4,1704135437,1704096832,tshirt_shorts
Rain,536,13.7,988.5,88.3,12.4,14.8,5.5,75.9,1704138049,1704096769,raincoat_umbrella
Clear,839,33.2,1000.9,34.8,31.1,35.5,4.1,11.2,1704125440,1704089994,hot_summer
Snow,669,-5.9,1032.1,62.6,-7.3,-3.9,8.8,85.4,1704138567,1704097230,warm_winter_coat
Clear,840,11.4,1038.3,75.8,10.2,12.0,8.5,27.3,1704135651,1704095877,light_jacket_jeans
Clouds,899,14.8,1016.9,51.7,12.3,16.0,19.3,77.6,1704127023,1704094646,windproof_jacket
Rain,565,19.4,1019.9,92.8,16.9,20.8,7.4,87.6,1704125710,1704096417,light_rain_jacket
Clouds,874,5.9,983.9,75.7,5.3,7.6,7.1,44.6,1704124823,1704091168,medium_coat_scarf
Clear,860,30.7,997.4,31.4,28.2,32.3,3.3,24.3,1704135676,1704095350,hot_summer
Clear,853,3.5,1029.0,50.9,2.2,6.3,4.3,10.2,1704142264,1704092010,medium_coat_scarf
Rain,592,13.6,1021.3,84.0,11.2,15.1,7.2,46.4,1704133104,1704090429,raincoat_umbrella
Clouds,856,24.5,991.3,65.0,23.3,25.9,1.5,85.9,1704136736,1704098209,tshirt_shorts
Rain,532,18.3,1016.9,80.4,16.4,21.2,4.3,82.2,1704137414,1704097392,raincoat_umbrella
Rain,547,5.8,1004.2,88.3,3.6,8.7,10.5,79.8,1704125849,1704090289,raincoat_umbrella
Drizzle,327,25.6,1007.8,91.0,24.0,26.8,7.5,26.4,1704139527,1704095544,light_rain_jacket
Clear,805,-27.3,983.3,31.2,-28.4,-25.5,7.4,13.5,1704134685,1704090509,extreme_cold_gear
Snow,656,0.4,1038.7,77.0,-0.8,2.1,3.4,20.2,1704132731,1704095933,medium_coat_scarf
Drizzle,334,25.7,1016.3,77.2,24.3,27.0,7.6,45.7,1704127852,1704088904,light_rain_jacket
Clear,843,20.4,998.7,79.4,18.4,21.4,3.4,27.2,1704142680,1704098402,tshirt_shorts
Rain,592,16.7,1001.2,97.3,14.5,17.9,9.3,6.0,1704136785,1704089394,raincoat_umbrella
Clear,805,-25.7,981.9,67.2,-27.9,-23.3,5.9,14.9,1704132442,1704092105,extreme_cold_gear
Clouds,831,3.3,1034.5,53.5,2.0,4.4,7.2,88.9,1704129972,1704091759,medium_coat_scarf
Snow,657,-11.0,985.3,42.7,-12.9,-8.1,18.2,63.8,1704125671,1704093163,extreme_cold_gear
Clear,806,34.9,1012.0,66.3,33.3,36.6,1.0,26.4,1704129806,1704089560,hot_summer
Rain,590,5.2,986.5,84.8,2.6,6.6,9.1,53.8,1704130898,1704092608,raincoat_umbrella
Clouds,821,28.2,1005.8,49.4,25.9,29.2,6.8,11.5,1704131249,1704090707,tshirt_shorts
Rain,573,15.4,1008.6,86.4,14.0,18.3,11.3,97.7,1704137107,1704089501,raincoat_umbrella
Clear,824,33.4,1009.9,64.3,31.4,35.2,7.7,27.9,1704128567,1704093708,hot_summer
Clear,892,-4.9,1012.1,69.6,-6.5,-3.5,9.5,10.7,1704136423,1704090437,warm_winter_coat
Rain,585,25.7,1023.2,78.2,23.8,26.8,2.5,99.0,1704136475,1704092827,light_rain_jacket
Clear,871,22.7,1038.9,72.8,21.1,24.9,7.1,21.3,1704137582,1704099594,tshirt_shorts
Clouds,867,12.0,1008.4,67.2,10.0,13.2,13.2,65.2,1704137554,1704094883,windproof_jacket
Snow,657,5.8,1024.2,62.8,2.9,8.1,4.7,0.3,1704132395,1704096438,medium_coat_scarf
Clouds,843,10.0,986.6,49.6,9.2,10.7,16.1,73.0,1704141083,1704097174,windproof_jacket
Clear,835,39.8,988.4,49.8,37.8,40.5,0.1,9.7,1704131371,1704098988,hot_summer
Clear,849,18.6,993.8,77.8,15.9,20.6,11.5,18.5,1704126606,1704099356,light_jacket_jeans
Rain,511,16.4,1028.1,95.4,15.3,18.7,7.0,81.4,1704126474,1704090814,raincoat_umbrella
Rain,585,27.6,982.1,82.2,25.3,30.2,8.9,43.4,1704127918,1704095384,light_rain_jacket
Rain,571,10.1,1028.1,92.1,8.7,12.4,4.5,91.5,1704137234,1704090400,raincoat_umbrella
Rain,500,6.3,988.7,88.9,4.7,8.2,14.9,10.0,1704130245,1704091979,raincoat_umbrella
Clear,851,22.0,999.3,59.8,19.7,24.4,9.0,19.6,1704132044,1704094890,tshirt_shorts
Clear,881,-27.4,980.3,44.8,-28.3,-26.9,14.6,16.3,1704135653,1704095729,extreme_cold_gear
Clear,858,23.7,1020.4,77.4,21.1,24.6,0.5,26.7,1704137706,1704091996,tshirt_shorts
Drizzle,332,11.5,983.2,79.3,9.5,13.5,4.8,12.6,1704137889,1704091609,light_jacket_jeans
Rain,500,11.0,1035.5,83.3,9.4,12.8,12.6,76.0,1704138243,1704090150,raincoat_umbrella
Clear,889,30.1,1017.0,47.4,29.5,31.5,3.2,19.1,1704133856,1704095559,hot_summer
Snow,627,2.4,1011.7,78.2,-0.1,3.0,9.6,64.6,1704136360,1704092842,medium_coat_scarf
Snow,695,-16.0,1008.5,62.0,-17.7,-15.5,13.9,18.7,1704139894,1704092919,extreme_cold_gear
Rain,552,18.1,1030.9,76.0,15.9,20.6,10.9,17.4,1704132094,1704091909,raincoat_umbrella
Clear,827,-1.7,1033.0,58.9,-3.1,0.0,5.1,27.8,1704128005,1704099415,warm_winter_coat
Drizzle,354,-1.8,988.8,88.8,-4.3,-0.1,7.3,67.2,1704138395,1704093620,winter_wet_gear
Snow,634,-21.1,989.3,71.4,-24.0,-18.4,7.5,46.4,1704129168,1704092159,extreme_cold_gear
Clear,813,16.1,1033.8,60.6,13.8,17.9,9.4,4.2,1704136528,1704090010,light_jacket_jeans
Rain,590,19.4,1021.4,80.9,17.0,21.1,4.0,54.9,1704128673,1704088851,light_rain_jacket
Drizzle,359,22.2,982.9,78.9,21.5,25.0,3.6,74.5,1704139096,1704092004,light_rain_jacket
Clouds,826,9.6,1031.5,53.6,6.6,10.3,18.8,71.6,1704126318,1704090206,windproof_jacket
Drizzle,398,-7.6,990.4,80.6,-8.7,-6.9,7.0,94.7,1704134477,1704094814,winter_wet_gear
Clear,871,34.1,990.2,51.1,32.8,36.1,4.5,5.9,1704126893,1704091069,hot_summer
Clouds,879,10.0,1021.2,66.4,8.4,11.6,13.5,53.4,1704140305,1704099008,windproof_jacket
Snow,668,-2.6,1011.1,54.6,-3.7,-1.7,3.6,4.2,1704131587,1704098850,warm_winter_coat
Clouds,864,17.0,989.2,64.4,16.4,18.3,5.1,84.0,1704127696,1704092108,light_jacket_jeans
Snow,679,8.0,1012.4,53.7,5.2,10.1,1.7,69.8,1704129201,1704099018,medium_coat_scarf
Clouds,895,12.4,989.4,57.8,11.3,14.6,13.6,79.0,1704139593,1704089852,windproof_jacket
Drizzle,369,-0.9,1035.8,85.8,-3.2,0.1,6.7,5.3,1704141966,1704093827,winter_wet_gear
Clouds,874,13.5,980.4,84.3,12.6,14.1,5.0,51.6,1704137980,1704096341,light_jacket_jeans
Snow,646,-5.0,1019.1,91.7,-7.7,-2.6,2.3,24.1,1704126662,1704089980,winter_wet_gear
Clear,869,25.2,991.6,73.2,23.4,27.0,4.2,8.5,1704139044,1704097500,tshirt_shorts
Snow,638,-1.5,1008.7,50.9,-2.4,-0.9,11.7,95.3,1704126570,1704090918,warm_winter_coat
Clear,835,24.8,1039.4,41.8,24.3,25.7,8.2,12.2,1704135817,1704095847,tshirt_shorts
Snow,643,-12.8,1029.6,64.9,-14.3,-10.6,7.3,39.2,1704133800,1704098821,extreme_cold_gear
Snow,692,-0.1,1038.2,68.3,-1.0,0.6,10.3,4.0,1704142052,1704094212,warm_winter_coat
Clear,873,32.6,1014.6,50.5,29.7,34.2,3.9,26.0,1704138561,1704097737,hot_summer
Rain,597,21.3,1027.8,86.7,18.7,23.1,4.8,88.8,1704131490,1704089706,light_rain_jacket
Clear,807,13.1,984.1,56.7,11.3,14.8,6.8,21.0,1704141084,1704092044,light_jacket_jeans
Clear,868,39.2,1014.9,53.0,37.7,41.9,1.0,23.0,1704140986,1704095805,hot_summer
Clouds,820,25.0,983.4,55.5,22.3,26.0,6.1,50.6,1704141710,1704093405,tshirt_shorts
Rain,508,20.4,986.3,81.0,19.8,21.5,6.1,7.4,1704131817,1704098752,light_rain_jacket
Drizzle,341,19.4,1006.8,85.8,17.0,21.4,3.4,87.9,1704127550,1704097534,light_rain_jacket
Clear,873,23.9,995.2,60.2,23.4,24.8,4.6,15.2,1704138330,1704098375,tshirt_shorts
Clouds,867,15.8,987.1,59.8,14.6,17.0,17.7,95.7,1704138669,1704095771,windproof_jacket
Drizzle,345,-1.4,983.7,99.6,-2.2,-0.3,3.7,91.4,1704142763,1704097457,winter_wet_gear
Drizzle,389,16.9,998.9,66.1,14.7,17.7,3.4,32.0,1704138498,1704097753,light_jacket_jeans
Clear,897,20.2,1027.4,61.8,19.0,22.0,7.1,5.8,1704140289,1704092370,tshirt_shorts
Drizzle,342,20.4,1014.3,93.8,18.9,21.7,4.9,94.8,1704141689,1704090553,light_rain_jacket
Clear,886,39.5,1007.5,50.0,38.1,40.9,3.5,6.3,1704138616,1704089365,hot_summer
Clouds,899,18.7,1030.7,68.3,16.3,19.4,11.1,73.1,1704126003,1704091725,light_jacket_jeans
Rain,578,16.2,1009.1,83.5,13.3,17.9,12.1,63.8,1704141103,1704093318,raincoat_umbrella
Rain,561,19.0,1033.9,78.2,17.3,21.7,9.7,10.0,1704134058,1704098524,raincoat_umbrella
Snow,695,-24.7,1000.9,66.8,-27.6,-23.4,2.4,14.5,1704136219,1704091707,extreme_cold_gear
Drizzle,339,18.8,1034.3,79.5,16.4,21.3,3.8,44.1,1704131983,1704094255,light_jacket_jeans
Clear,881,-17.9,1010.7,62.3,-18.6,-16.1,3.0,11.6,1704128709,1704095119,extreme_cold_gear
Rain,511,19.9,1037.4,72.2,18.0,20.8,5.9,81.9,1704139433,1704096509,light_rain_jacket
Clouds,886,13.6,1037.8,72.7,11.2,14.7,6.7,35.2,1704134746,1704094294,light_jacket_jeans
Clear,893,38.4,1030.9,33.5,36.9,39.3,6.2,5.5,1704134436,1704096431,hot_summer
Drizzle,342,-8.8,1032.3,78.6,-10.1,-8.3,3.1,54.6,1704134029,1704093897,winter_wet_gear
Clouds,814,18.0,1020.4,50.1,15.7,19.7,22.8,32.3,1704127929,1704090840,windproof_jacket
Clear,849,17.4,1001.1,51.9,14.8,18.8,8.3,23.1,1704126913,1704094476,light_jacket_jeans
Rain,552,7.9,1012.9,92.6,5.8,10.3,11.1,69.8,1704132520,1704091385,raincoat_umbrella
Clouds,889,17.2,1017.6,46.1,15.2,18.8,13.9,52.2,1704138818,1704093845,windproof_jacket
Clear,856,11.3,1019.1,61.4,8.8,14.3,2.6,29.1,1704140193,1704097932,light_jacket_jeans
Clear,867,32.7,1010.5,65.8,32.2,35.2,1.6,12.6,1704133336,1704089545,hot_summer
Snow,605,7.6,980.0,52.9,6.9,10.4,8.5,89.0,1704134512,1704098137,medium_coat_scarf
Clear,844,20.3,984.6,50.7,18.8,21.5,4.7,21.2,1704137756,1704088836,tshirt_shorts
Drizzle,398,14.1,988.8,61.2,11.4,14.7,6.6,35.7,1704127052,1704090429,light_jacket_jeans
Rain,510,11.1,981.1,85.5,9.9,14.0,9.3,49.7,1704133067,1704089747,raincoat_umbrella
Clouds,891,10.9,1032.8,80.4,10.1,13.5,5.8,72.9,1704125381,1704096167,light_jacket_jeans
Clear,805,-7.1,1010.6,43.8,-7.6,-5.3,10.0,7.4,1704138596,1704096922,warm_winter_coat
Clouds,843,14.0,1015.7,67.8,12.0,15.8,22.2,90.6,1704140691,1704092647,windproof_jacket
Clear,806,20.3,1036.5,44.2,19.4,21.4,9.7,5.8,1704135054,1704094367,tshirt_shorts
Rain,530,14.8,1003.2,93.5,11.9,16.5,10.5,21.7,1704142729,1704093995,raincoat_umbrella
Clear,805,4.3,1018.2,68.9,2.0,6.2,1.4,2.9,1704131475,1704092045,medium_coat_scarf
Clear,821,20.8,1017.7,45.9,17.8,23.5,0.2,17.5,1704131488,1704093237,tshirt_shorts
Snow,603,-25.9,980.2,43.4,-28.9,-24.8,11.7,2.3,1704135823,1704097759,extreme_cold_gear
Clouds,826,12.5,1026.4,53.2,10.5,15.1,5.4,71.6,1704140730,1704091846,light_jacket_jeans
Clouds,837,11.4,992.8,71.6,8.7,12.3,8.1,47.4,1704136535,1704089007,light_jacket_jeans
Clear,812,39.0,993.3,34.1,38.4,40.0,4.0,1.2,1704129884,1704098161,hot_summer
Drizzle,341,25.8,1031.1,88.3,25.0,28.4,4.1,10.6,1704137546,1704091439,light_rain_jacket
Drizzle,379,27.2,1027.5,85.4,25.3,28.5,7.7,22.2,1704128264,1704091494,light_rain_jacket
Clouds,894,16.2,1039.4,51.7,13.3,18.0,13.4,65.6,1704129249,1704093068,windproof_jacket
Rain,565,20.0,1026.8,89.5,18.1,21.2,3.7,7.4,1704132923,1704098682,raincoat_umbrella
Drizzle,316,-5.0,1034.3,78.6,-7.2,-3.4,3.3,38.3,1704128279,1704096694,winter_wet_gear
Drizzle,365,25.5,1001.0,88.3,24.3,26.8,3.2,21.7,1704138303,1704099341,light_rain_jacket
Rain,554,8.1,1005.8,82.4,5.5,9.4,11.2,62.7,1704138796,1704094938,raincoat_umbrella
Drizzle,335,23.2,999.0,91.8,22.1,24.0,2.2,88.2,1704130305,1704095022,light_rain_jacket
Clouds,866,16.0,989.8,52.4,13.3,17.3,19.6,7.0,1704140598,1704092583,windproof_jacket
Clear,815,37.5,990.2,35.1,36.3,39.4,3.2,7.6,1704141859,1704093243,hot_summer
Snow,649,-5.0,1035.2,64.9,-5.7,-2.1,6.3,54.1,1704138920,1704090385,warm_winter_coat
Clear,831,38.5,1020.2,60.5,38.0,40.0,4.1,25.4,1704138125,1704098598,hot_summer
Snow,626,-17.9,1021.9,38.7,-19.7,-15.8,10.2,60.4,1704132687,1704090602,extreme_cold_gear
Drizzle,350,18.3,1021.7,74.7,15.3,19.8,7.5,58.2,1704141188,1704093303,light_rain_jacket
Clear,849,-12.2,991.8,43.2,-13.4,-11.1,2.8,26.0,1704136860,1704099371,extreme_cold_gear
Clear,882,-8.7,1016.2,65.9,-10.7,-5.7,3.4,26.0,1704130462,1704095771,warm_winter_coat
Clear,872,25.7,1004.3,75.4,24.3,27.4,0.2,27.8,1704128387,1704099400,tshirt_shorts
Clouds,845,29.0,1038.2,49.6,26.6,30.3,2.1,2.5,1704141320,1704089204,tshirt_shorts
Clouds,859,29.8,1008.0,57.4,27.2,31.4,1.5,67.9,1704129612,1704095210,tshirt_shorts
Clear,822,26.4,1022.2,46.4,25.7,28.8,9.8,22.6,1704136891,1704097167,tshirt_shorts
Clouds,873,10.4,1028.9,60.4,9.4,11.6,15.5,3.0,1704139133,1704098793,windproof_jacket
Clear,866,34.3,1018.5,62.2,33.5,36.8,2.8,7.4,1704129684,1704089868,hot_summer
Snow,662,-0.2,1015.6,66.5,-2.8,0.9,5.3,0.8,1704138446,1704089576,warm_winter_coat
Clouds,831,9.8,1037.3,68.6,7.9,12.2,21.5,27.7,1704125184,1704096478,windproof_jacket
Clear,897,-9.3,991.4,49.0,-10.5,-6.6,11.6,3.1,1704132312,1704092105,warm_winter_coat
Snow,611,-1.9,1005.9,84.5,-3.0,-0.1,10.2,49.8,1704131761,1704089995,winter_wet_gear
Snow,674,-19.8,987.2,51.5,-21.8,-16.8,1.7,57.2,1704140000,1704098063,extreme_cold_gear
Clear,869,12.3,1003.2,73.0,11.1,13.0,3.2,18.8,1704127067,1704089683,light_jacket_jeans
Clear,817,-9.3,1020.2,63.7,-11.2,-6.4,8.3,25.4,1704138333,1704099384,warm_winter_coat
Clouds,850,28.6,981.8,64.6,25.8,30.6,3.5,53.7,1704127256,1704099293,tshirt_shorts
Clear,835,11.5,991.3,52.0,11.0,13.1,6.8,28.1,1704131719,1704098808,light_jacket_jeans
Clear,849,28.9,1033.3,40.0,26.9,29.9,5.4,13.8,1704142211,1704097493,hot_summer
Snow,637,-2.1,1038.5,72.5,-3.2,-0.2,4.7,81.0,1704140078,1704099403,warm_winter_coat
Snow,686,-5.6,987.4,99.4,-7.8,-3.5,10.8,32.7,1704127983,1704091305,winter_wet_gear
Clouds,852,24.2,1039.3,73.4,22.1,24.8,4.8,44.0,1704140125,1704095856,tshirt_shorts
Rain,592,9.4,1035.6,87.5,7.2,10.7,11.2,59.3,1704132680,1704096222,raincoat_umbrella
Clouds,807,9.2,1025.1,72.2,8.0,10.1,5.0,71.9,1704139405,1704097832,medium_coat_scarf
Clear,892,29.6,1039.2,42.4,28.7,30.6,0.9,9.3,1704125952,1704095147,hot_summer
Drizzle,338,12.3,1035.2,82.2,11.0,12.9,7.7,4.6,1704140316,1704091740,light_jacket_jeans
Clear,819,31.7,1022.8,37.3,29.4,33.1,0.7,5.9,1704133245,1704093290,hot_summer
Clear,819,-5.4,980.4,66.7,-6.6,-4.2,2.4,9.3,1704135019,1704099314,warm_winter_coat
Clear,890,20.2,1002.5,47.5,18.0,23.1,6.5,29.5,1704140351,1704090975,tshirt_shorts
Rain,527,11.0,1014.0,97.4,8.0,13.2,3.9,84.6,1704132212,1704092903,raincoat_umbrella
Rain,594,20.1,1006.0,70.9,17.7,21.5,5.4,23.6,1704136321,1704096029,light_rain_jacket
Clear,821,-8.9,1003.3,65.7,-9.7,-7.4,4.3,8.1,1704140006,1704089822,warm_winter_coat
Drizzle,381,19.5,1019.6,92.5,17.4,21.5,9.5,30.3,1704129970,1704093025,light_rain_jacket
Snow,628,-1.3,1014.2,49.8,-1.9,1.3,7.7,19.9,1704132260,1704094175,warm_winter_coat
Clouds,839,29.1,980.7,54.9,28.4,30.9,5.8,33.2,1704128515,1704097628,tshirt_shorts
Drizzle,312,-3.0,987.2,97.9,-4.6,-1.2,7.7,92.9,1704135344,1704098027,winter_wet_gear
Clear,889,-6.6,1035.7,73.8,-7.4,-5.2,6.2,0.9,1704134602,1704098379,warm_winter_coat
Clear,860,31.8,982.6,52.1,30.2,33.0,0.4,21.6,1704136859,1704090856,hot_summer
Clouds,814,16.2,991.3,51.6,13.3,19.2,15.6,34.6,1704142146,1704092380,windproof_jacket
Snow,677,-19.9,999.6,33.8,-22.3,-17.8,12.3,51.4,1704131950,1704089846,extreme_cold_gear
Clear,830,-6.9,1025.2,61.7,-9.2,-5.0,10.6,13.5,1704138697,1704097584,warm_winter_coat
Snow,633,-0.6,1008.0,95.7,-2.6,1.1,12.8,79.6,1704136100,1704097277,winter_wet_gear
Clouds,841,14.4,1006.0,42.2,11.6,15.2,24.3,37.1,1704137130,1704089224,windproof_jacket
Drizzle,318,10.6,992.0,75.1,7.6,12.8,5.7,54.5,1704138784,1704094110,light_jacket_jeans
Drizzle,389,-9.1,1029.5,76.1,-10.7,-6.4,14.2,39.5,1704137249,1704097405,winter_wet_gear
Snow,675,-5.1,991.8,77.9,-6.9,-2.3,7.6,87.5,1704130945,1704092487,winter_wet_gear
Clear,845,-1.7,993.9,46.5,-3.0,0.1,11.8,4.5,1704138095,1704090143,warm_winter_coat
Clouds,805,12.5,994.8,65.9,10.2,13.1,19.2,20.9,1704125131,1704098673,windproof_jacket
Clear,863,38.5,1000.4,58.6,37.8,41.2,6.4,24.4,1704139511,1704094713,hot_summer
Snow,682,0.5,1022.9,63.6,-0.7,3.2,6.5,90.2,1704126197,1704095944,medium_coat_scarf
Clouds,813,19.6,1018.2,55.2,18.6,22.3,9.5,18.8,1704136582,1704093332,light_jacket_jeans
Snow,649,-26.0,1011.2,40.2,-28.9,-25.0,15.9,98.4,1704142558,1704099593,extreme_cold_gear
Clouds,873,28.5,1017.7,40.4,27.4,29.0,9.4,32.2,1704127279,1704091343,tshirt_shorts
Clear,898,11.6,983.7,69.6,10.6,12.6,8.6,26.1,1704133237,1704095942,light_jacket_jeans
Rain,557,8.9,1031.3,75.8,7.4,9.8,11.5,13.8,1704136467,1704089948,raincoat_umbrella
Clouds,890,8.4,1001.7,67.3,6.3,10.4,19.9,78.8,1704124942,1704094060,windproof_jacket
Rain,545,13.6,1024.5,83.6,12.4,15.4,11.1,58.5,1704141052,1704091520,raincoat_umbrella
Drizzle,384,-8.1,1019.1,80.2,-8.7,-5.8,8.3,39.5,1704141797,1704097156,winter_wet_gear
Snow,696,-4.0,1010.6,88.9,-5.3,-3.1,12.7,47.3,1704130597,1704088815,winter_wet_gear
Clear,856,-7.7,1006.3,51.2,-9.2,-5.1,6.9,1.9,1704141798,1704089887,warm_winter_coat
Clouds,805,15.5,989.2,56.9,13.8,16.0,21.2,72.9,1704125263,1704091332,windproof_jacket
Clear,887,28.8,1015.4,57.4,27.6,30.6,2.7,4.3,1704137024,1704091365,tshirt_shorts
Rain,547,15.6,998.7,82.6,12.9,18.4,4.1,77.1,1704131505,1704092891,raincoat_umbrella
Clear,885,29.8,1025.7,52.1,28.2,31.1,4.3,25.0,1704128303,1704091600,hot_summer
Drizzle,356,-0.6,981.5,78.0,-3.1,0.7,4.3,31.7,1704142179,1704095992,winter_wet_gear
Drizzle,381,18.3,1007.0,54.6,16.6,20.9,11.2,37.2,1704125866,1704095922,light_jacket_jeans
Clear,830,-21.9,1013.3,69.2,-23.0,-20.4,19.1,4.6,1704129088,1704092750,extreme_cold_gear
Rain,536,17.4,1020.7,83.0,14.7,19.2,12.6,34.9,1704133721,1704095801,raincoat_umbrella
Clouds,858,13.8,992.2,51.3,12.9,15.1,13.8,78.1,1704125675,1704091876,windproof_jacket
Clear,803,29.9,1024.5,68.6,27.2,31.8,1.6,16.4,1704128318,1704094573,hot_summer
Rain,521,15.0,1013.3,83.9,14.0,16.5,8.6,80.2,1704126163,1704090204,raincoat_umbrella
Drizzle,383,-4.2,993.1,86.4,-5.1,-2.4,7.5,96.2,1704142680,1704089740,winter_wet_gear
Snow,682,-14.3,989.8,33.5,-15.8,-13.5,3.7,27.7,1704124836,1704099310,extreme_cold_gear
Snow,652,-9.2,984.7,58.2,-10.8,-6.7,6.2,29.0,1704141261,1704096444,warm_winter_coat
Clear,823,32.0,999.8,69.0,29.4,33.6,7.0,17.6,1704126141,1704088993,hot_summer
Clear,828,-21.2,987.6,38.8,-21.8,-18.6,1.5,21.8,1704140648,1704097872,extreme_cold_gear
Clouds,861,8.0,980.1,71.2,6.8,9.2,1.0,97.7,1704135268,1704096708,medium_coat_scarf
Clear,892,-7.6,1006.1,59.2,-8.7,-5.3,8.7,13.0,1704134029,1704088859,warm_winter_coat
Drizzle,316,-6.8,996.9,94.2,-8.0,-5.9,2.5,91.8,1704125661,1704096979,winter_wet_gear
Clear,889,-8.4,980.8,49.3,-10.8,-7.7,6.6,26.1,1704124880,1704097969,warm_winter_coat
Clouds,817,14.6,1016.4,54.3,11.6,15.3,24.5,60.8,1704136609,1704091784,windproof_jacket
Clouds,896,19.1,1008.8,60.4,17.5,21.2,2.7,29.8,1704131225,1704091066,light_jacket_jeans
Clear,817,35.4,995.6,69.2,33.6,37.9,5.1,19.0,1704138498,1704089955,hot_summer
Clear,850,-8.3,1019.2,49.6,-10.8,-7.2,3.1,4.2,1704129860,1704091559,warm_winter_coat
Clear,862,19.2,1016.8,84.3,17.9,19.9,6.3,13.5,1704139530,1704093725,light_jacket_jeans
Clear,823,-3.7,1030.6,52.8,-5.9,-1.1,5.2,9.3,1704125626,1704090448,warm_winter_coat
Rain,592,14.9,1038.4,84.1,14.2,16.5,3.3,81.9,1704128230,1704095658,raincoat_umbrella
Clear,860,-0.4,1008.6,64.2,-3.2,1.2,1.5,15.9,1704128147,1704095209,warm_winter_coat
Rain,504,19.6,1002.7,88.5,18.4,22.6,3.2,14.4,1704132116,1704089962,light_rain_jacket
Clear,826,35.7,997.6,33.3,34.8,37.9,3.5,16.4,1704127740,1704097386,hot_summer
Snow,693,-25.5,1007.2,30.8,-26.8,-23.9,2.8,89.2,1704131441,1704092947,extreme_cold_gear
Clear,830,25.6,1010.5,74.0,24.6,26.1,10.0,10.4,1704134799,1704094298,tshirt_shorts
Clouds,866,9.5,1032.7,62.4,7.7,11.6,22.6,92.5,1704135110,1704088903,windproof_jacket
Rain,564,17.6,1019.4,84.4,16.6,20.5,13.0,51.0,1704137200,1704089385,raincoat_umbrella
Drizzle,331,19.9,980.7,74.8,16.9,21.7,6.5,52.0,1704125197,1704090770,light_jacket_jeans
Drizzle,370,22.2,1018.5,94.0,20.3,24.2,6.5,78.2,1704125859,1704091449,light_rain_jacket
Rain,500,5.9,1036.8,81.4,3.8,7.5,8.9,38.9,1704133863,1704089305,raincoat_umbrella
Clouds,836,6.3,1008.3,75.2,5.7,7.6,5.9,99.3,1704136367,1704098720,medium_coat_scarf
Clouds,832,22.3,983.4,66.3,19.4,24.1,1.6,12.1,1704130787,1704097400,tshirt_shorts
Clouds,821,27.9,1025.8,59.6,25.9,28.7,0.4,16.9,1704130051,1704099026,tshirt_shorts
Clear,864,-16.0,985.3,35.2,-16.9,-15.4,8.2,12.8,1704135018,1704093657,extreme_cold_gear
Clouds,862,15.5,1031.7,67.1,13.5,17.1,19.2,54.2,1704134763,1704090372,windproof_jacket
Snow,646,-0.0,1016.5,41.1,-2.1,1.0,7.0,77.2,1704142349,1704095258,warm_winter_coat
Clouds,892,10.2,1032.0,44.1,7.3,10.7,15.1,10.6,1704140217,1704095908,windproof_jacket
Clear,885,32.0,1029.0,32.7,29.2,32.7,7.8,25.6,1704126078,1704092964,hot_summer
Clear,807,-18.2,999.6,45.8,-19.4,-15.9,5.1,2.1,1704127288,1704090730,extreme_cold_gear
Clear,895,-4.0,993.0,41.9,-5.6,-3.4,9.1,22.0,1704132486,1704091810,warm_winter_coat
Drizzle,355,18.2,984.7,76.0,16.4,19.8,6.0,34.4,1704140622,1704093774,light_rain_jacket
Drizzle,333,-2.1,1037.1,91.9,-2.8,0.5,12.5,87.3,1704141481,1704097240,winter_wet_gear
Clouds,839,11.0,1029.6,65.6,10.0,13.8,14.8,35.4,1704142653,1704091113,windproof_jacket
Snow,625,-8.3,987.5,93.0,-10.7,-7.7,2.1,72.2,1704126927,1704092405,winter_wet_gear
Drizzle,388,-4.1,1033.4,87.7,-4.6,-2.1,12.9,70.1,1704134614,1704097673,winter_wet_gear
Snow,617,-7.4,1024.9,91.3,-8.5,-6.9,2.5,16.3,1704131788,1704092182,winter_wet_gear
Clear,894,-14.9,1012.9,44.0,-15.8,-13.6,10.2,2.7,1704129004,1704089315,extreme_cold_gear
Rain,548,9.1,1020.5,93.8,6.9,10.2,5.9,11.9,1704127904,1704094982,raincoat_umbrella
Snow,692,-13.6,1022.6,77.1,-16.1,-11.6,1.5,37.7,1704124876,1704094152,extreme_cold_gear
Snow,693,8.2,1003.2,55.9,5.5,11.1,6.2,34.9,1704136327,1704092976,medium_coat_scarf
Rain,562,19.4,1014.1,89.7,18.1,21.9,3.8,42.8,1704136429,1704096697,light_rain_jacket
Clear,875,-9.4,1002.9,63.6,-10.6,-6.7,6.6,2.0,1704128748,1704090676,warm_winter_coat
Drizzle,306,14.2,995.9,73.4,11.4,16.0,3.2,83.6,1704141485,1704089141,light_jacket_jeans
Rain,529,18.4,1037.6,72.9,16.1,19.3,9.9,69.1,1704127579,1704095228,light_rain_jacket
Clouds,831,24.6,1003.0,73.0,22.0,26.7,3.1,90.9,1704126906,1704091681,tshirt_shorts
Clear,886,-28.9,996.1,43.8,-31.5,-26.5,9.9,8.4,1704131007,1704092157,extreme_cold_gear
Snow,633,-29.3,1009.3,34.5,-31.3,-27.8,15.6,61.1,1704138964,1704089117,extreme_cold_gear
Clear,836,29.4,1022.3,46.1,28.0,30.9,5.9,12.7,1704128495,1704091654,hot_summer
Snow,609,-0.7,1012.2,84.2,-3.4,-0.0,6.3,44.8,1704137349,1704095914,winter_wet_gear
Clouds,873,23.2,988.9,58.6,21.7,25.9,4.2,95.8,1704134661,1704090845,tshirt_shorts
Snow,650,-13.9,1001.3,74.3,-16.0,-12.9,14.8,44.8,1704136496,1704096379,extreme_cold_gear
Snow,641,-8.7,1011.6,62.4,-11.6,-7.0,4.0,38.7,1704129390,1704099341,warm_winter_coat
Rain,529,8.0,1021.7,90.2,7.1,11.0,4.1,40.9,1704140883,1704098531,raincoat_umbrella
Clear,827,32.1,1031.4,43.4,29.8,34.0,7.8,21.0,1704133732,1704099028,hot_summer
Snow,646,-7.4,1005.7,93.9,-10.1,-6.4,6.3,77.0,1704124877,1704091999,winter_wet_gear
Rain,553,11.6,1038.0,80.4,10.6,13.5,6.6,28.9,1704137851,1704096046,raincoat_umbrella
Clear,815,2.0,1018.3,69.0,-0.8,3.6,3.4,10.5,1704131065,1704094174,medium_coat_scarf
Clouds,845,14.9,1034.7,46.0,13.8,16.4,21.8,44.2,1704124822,1704091500,windproof_jacket
Drizzle,399,12.2,988.8,67.6,9.9,14.9,10.3,54.8,1704138923,1704098904,light_jacket_jeans
Clear,829,2.9,1014.1,59.6,1.9,5.6,7.3,14.6,1704127331,1704097235,medium_coat_scarf
Snow,627,-8.5,986.5,70.7,-9.8,-5.8,6.8,79.4,1704137599,1704090504,warm_winter_coat
Clouds,876,11.1,1001.7,50.9,8.7,13.6,23.9,41.9,1704137473,1704089708,windproof_jacket
Rain,545,20.0,996.9,82.0,18.1,21.4,10.1,11.2,1704134856,1704095098,raincoat_umbrella
Snow,670,-3.6,1024.4,85.2,-5.3,-2.9,6.2,59.5,1704133994,1704089543,winter_wet_gear
Clouds,855,14.6,1027.1,40.8,13.0,15.9,19.0,6.9,1704128144,1704098667,windproof_jacket
Clear,841,-26.3,1035.4,53.3,-27.8,-23.5,4.0,16.7,1704133873,1704098562,extreme_cold_gear
Drizzle,376,-4.6,1020.8,82.3,-5.9,-3.7,4.2,36.2,1704135389,1704094579,winter_wet_gear
Snow,638,6.3,980.2,72.5,3.6,8.4,9.3,6.7,1704132555,1704099145,medium_coat_scarf
Clear,851,22.0,1006.4,61.1,20.2,24.0,5.4,23.2,1704125250,1704096616,tshirt_shorts
Clear,810,39.4,1020.3,54.2,38.1,40.2,1.8,18.5,1704134165,1704096052,hot_summer
Clear,816,22.5,1025.7,53.0,20.7,23.2,8.3,9.9,1704133544,1704091054,tshirt_shorts
Rain,518,18.5,1027.3,87.7,15.7,19.3,8.5,56.7,1704130325,1704091447,light_rain_jacket
Drizzle,348,25.2,1030.5,72.8,23.8,27.9,5.8,36.8,1704140642,1704098140,light_rain_jacket
Clear,849,18.7,1020.3,66.3,17.7,20.4,8.7,5.8,1704124979,1704098644,light_jacket_jeans
Clouds,823,15.1,1029.7,76.8,13.0,15.8,4.2,92.4,1704139064,1704098469,light_jacket_jeans
Clouds,878,25.6,985.1,71.5,23.2,26.6,3.1,46.5,1704141850,1704091175,tshirt_shorts
Clear,818,-2.3,1009.0,58.2,-4.5,-0.5,1.2,9.3,1704135566,1704099225,warm_winter_coat
Clear,887,34.2,989.8,44.4,31.3,35.3,4.7,11.7,1704130653,1704095892,hot_summer
Clear,874,37.8,1006.4,41.2,36.3,38.4,1.1,19.3,1704141043,1704095274,hot_summer
Snow,672,5.9,1025.7,76.0,3.3,8.3,3.0,83.5,1704134195,1704092085,medium_coat_scarf
Clear,818,-5.3,1025.4,55.8,-8.3,-4.7,9.8,12.7,1704125462,1704092320,warm_winter_coat
Clear,854,-7.1,1001.4,72.9,-8.1,-5.5,3.1,29.8,1704139376,1704092188,warm_winter_coat
Clouds,888,20.2,1039.1,59.8,19.1,22.1,0.8,58.8,1704139198,1704089630,tshirt_shorts
Clear,883,-2.7,1029.6,51.5,-5.4,-2.0,8.6,8.7,1704128997,1704094496,warm_winter_coat
Snow,643,-23.6,1027.7,33.1,-25.3,-22.2,19.6,14.8,1704141489,1704089149,extreme_cold_gear
Clear,804,-10.0,1020.5,67.0,-11.9,-7.4,2.6,10.3,1704138797,1704090466,warm_winter_coat
Clouds,889,6.3,996.8,51.0,3.7,8.7,9.5,27.3,1704127434,1704096054,medium_coat_scarf
Clouds,813,16.0,995.2,47.7,14.7,18.3,15.0,98.7,1704139552,1704099157,windproof_jacket
Clear,883,19.0,994.9,78.2,16.5,21.9,2.7,24.6,1704142372,1704099573,light_jacket_jeans
Clear,831,3.1,1029.5,78.7,1.6,4.9,7.8,9.7,1704129478,1704093678,medium_coat_scarf
Clouds,850,11.6,1031.2,54.5,9.6,13.3,22.9,84.6,1704124860,1704092162,windproof_jacket
Clouds,822,23.1,1019.3,77.5,22.0,25.5,3.2,8.0,1704141503,1704094509,tshirt_shorts
Snow,603,-1.2,1009.5,84.1,-3.9,0.6,14.1,72.7,1704131603,1704097983,winter_wet_gear
Snow,669,-13.8,1005.7,51.3,-15.4,-13.0,7.6,42.0,1704138523,1704088945,extreme_cold_gear
Snow,642,-19.5,991.6,38.0,-21.8,-17.5,10.9,96.5,1704134384,1704097584,extreme_cold_gear
Clear,820,-13.8,1038.7,38.7,-16.6,-11.9,17.3,9.6,1704132947,1704091600,extreme_cold_gear
Rain,535,7.7,989.5,93.0,5.1,8.8,5.1,55.5,1704139343,1704097884,raincoat_umbrella
Snow,608,-5.9,996.6,100.0,-8.6,-4.6,6.6,84.6,1704136451,1704092025,winter_wet_gear
Clouds,877,16.6,999.4,43.5,14.3,19.3,13.3,63.5,1704131881,1704094641,windproof_jacket
Drizzle,312,-4.2,1037.4,83.0,-5.2,-2.1,9.3,8.5,1704127760,1704096126,winter_wet_gear
Clouds,825,12.3,984.1,52.8,10.2,15.0,24.2,19.3,1704134856,1704098713,windproof_jacket
Clear,826,13.4,998.6,62.2,10.9,15.9,9.3,6.0,1704134279,1704094173,light_jacket_jeans
Clouds,891,26.8,1002.5,54.0,26.1,29.4,2.1,27.2,1704128755,1704098013,tshirt_shorts
Drizzle,363,19.7,1005.2,80.7,18.2,22.6,5.4,69.5,1704134220,1704099413,light_rain_jacket
Rain,548,15.5,1013.2,97.8,14.3,17.4,4.1,69.6,1704139878,1704096524,raincoat_umbrella
Snow,688,-18.6,994.6,36.4,-21.0,-15.6,1.0,53.9,1704135815,1704097806,extreme_cold_gear
Rain,584,9.8,1015.6,80.7,7.6,12.4,7.6,67.2,1704136261,1704091162,raincoat_umbrella
Snow,601,-16.1,983.1,68.8,-17.0,-13.5,1.0,11.5,1704128134,1704093504,extreme_cold_gear
Snow,639,-8.6,1022.8,81.6,-11.3,-8.0,12.1,63.1,1704128216,1704090541,winter_wet_gear
Rain,580,6.2,1034.4,80.9,5.6,8.2,4.9,18.0,1704132102,1704092538,raincoat_umbrella
Clear,881,19.5,1028.7,55.9,17.8,21.7,4.6,15.5,1704142272,1704095300,light_jacket_jeans
Drizzle,337,-0.7,1037.6,87.3,-2.5,1.4,2.2,1.2,1704137025,1704098460,winter_wet_gear
Snow,696,8.6,988.8,79.8,7.8,9.4,7.6,27.8,1704141121,1704094931,medium_coat_scarf
Drizzle,326,-2.2,992.4,82.8,-4.4,-0.8,5.5,77.8,1704140040,1704090323,winter_wet_gear
Clouds,866,11.0,990.7,63.8,9.9,13.7,14.1,45.6,1704135550,1704089348,windproof_jacket
Clear,803,29.1,1017.8,43.7,28.1,32.0,7.9,12.5,1704129866,1704097665,hot_summer
Snow,637,-13.7,994.4,55.7,-14.9,-12.5,10.7,45.9,1704125655,1704093024,extreme_cold_gear
Clouds,842,16.1,1038.0,84.9,13.1,17.8,11.8,34.8,1704128693,1704097999,light_jacket_jeans
Clear,893,36.1,998.8,58.3,34.1,38.8,4.9,8.1,1704126706,1704099024,hot_summer
Snow,633,-5.2,991.1,89.5,-6.7,-3.6,2.5,21.5,1704127779,1704096788,winter_wet_gear
Clouds,824,24.0,995.2,79.6,22.8,26.4,1.6,8.9,1704138820,1704098011,tshirt_shorts
Snow,607,-8.9,1039.9,54.5,-9.6,-8.3,5.7,39.1,1704130003,1704096342,warm_winter_coat
Rain,550,20.2,1014.7,92.9,18.5,21.7,3.4,16.5,1704139665,1704089246,light_rain_jacket
Snow,644,-8.0,1030.6,59.3,-10.1,-7.4,1.8,11.8,1704134018,1704090492,warm_winter_coat
Snow,659,-9.3,1000.2,97.4,-10.6,-6.9,6.3,79.1,1704134321,1704090757,winter_wet_gear
Drizzle,344,25.8,1026.1,76.3,24.7,26.5,2.4,41.0,1704132499,1704088938,light_rain_jacket
Clear,838,-17.8,982.4,33.0,-19.3,-15.9,16.5,11.7,1704141595,1704089830,extreme_cold_gear
Clear,837,31.0,997.1,36.4,28.2,31.7,1.5,5.2,1704132187,1704094464,hot_summer
Drizzle,371,-0.4,992.4,76.9,-3.1,1.4,11.4,84.1,1704139080,1704093151,winter_wet_gear
Clear,872,-22.7,998.6,72.0,-24.4,-20.9,19.6,11.5,1704139508,1704096904,extreme_cold_gear
Drizzle,375,15.0,1017.0,54.5,13.6,17.5,10.1,13.5,1704126755,1704094938,light_jacket_jeans
Clouds,890,11.3,1020.6,65.2,9.0,13.4,8.1,69.6,1704137315,1704089817,light_jacket_jeans
Clouds,843,26.0,1021.4,74.3,25.0,27.5,1.2,40.9,1704137317,1704089620,tshirt_shorts
Drizzle,341,27.8,1033.6,92.7,27.2,29.7,6.7,15.3,1704137575,1704099323,light_rain_jacket
Snow,633,-1.7,1007.0,64.5,-4.0,0.1,2.4,26.0,1704130730,1704092473,warm_winter_coat
Clouds,808,26.2,997.6,65.8,24.6,27.5,7.1,32.2,1704139452,1704099437,tshirt_shorts
Snow,663,-5.1,1017.3,93.0,-7.4,-3.4,8.7,39.9,1704139504,1704091205,winter_wet_gear
Clear,896,-23.9,988.7,71.7,-24.7,-23.0,15.4,16.0,1704141095,1704091415,extreme_cold_gear
Drizzle,369,12.6,1027.1,75.5,11.1,14.2,10.4,27.4,1704127812,1704094105,light_jacket_jeans
Clear,820,14.8,1036.4,61.9,12.3,17.1,3.8,9.5,1704141661,1704097341,light_jacket_jeans
Rain,568,19.8,982.2,87.5,18.9,21.6,9.2,95.7,1704132280,1704093073,raincoat_umbrella
Clear,883,11.3,1009.6,52.5,8.6,13.6,8.9,18.5,1704142518,1704093786,light_jacket_jeans
Clouds,884,10.6,1029.0,56.5,7.9,13.0,21.6,51.5,1704129217,1704090495,windproof_jacket
Clouds,866,11.0,1006.0,65.0,9.0,11.6,23.5,37.5,1704138881,1704096266,windproof_jacket
Clear,828,-17.3,1004.6,43.6,-19.9,-16.4,10.7,11.2,1704124921,1704093232,extreme_cold_gear
Clear,815,12.6,1028.9,81.6,10.0,14.7,6.3,11.7,1704136493,1704090323,light_jacket_jeans
Drizzle,347,12.5,997.9,66.3,11.5,14.4,11.7,22.3,1704135756,1704099057,light_jacket_jeans
Clear,864,20.6,1003.6,69.6,19.6,23.1,2.1,1.9,1704128527,1704097487,tshirt_shorts
Snow,656,-4.7,994.3,80.0,-6.6,-3.4,14.2,58.7,1704128098,1704098002,winter_wet_gear
Clear,880,-17.4,1021.8,34.8,-20.3,-15.3,15.5,22.1,1704126335,1704097316,extreme_cold_gear
Clear,817,-5.6,1002.0,69.2,-6.9,-4.6,2.9,12.1,1704125124,1704092452,warm_winter_coat
Clouds,808,26.0,1024.4,74.2,24.5,26.8,3.8,62.8,1704140182,1704096460,tshirt_shorts
Clear,832,35.4,1006.0,64.8,32.6,36.2,5.3,24.6,1704129921,1704094544,hot_summer
Clouds,811,24.2,1003.9,76.6,23.6,25.0,5.0,75.0,1704133564,1704095841,tshirt_shorts
Clear,880,-13.1,1000.2,71.0,-14.1,-12.6,9.0,15.0,1704125124,1704092626,extreme_cold_gear
Clouds,895,15.9,1008.7,67.7,14.1,18.6,23.6,52.1,1704130407,1704097871,windproof_jacket
Snow,612,-20.9,1006.8,34.2,-21.9,-20.1,18.9,8.0,1704127604,1704090933,extreme_cold_gear
Clouds,834,17.7,993.2,67.7,15.7,19.2,18.5,39.1,1704139120,1704096448,windproof_jacket
Rain,517,6.2,999.7,78.5,3.8,8.6,11.9,50.8,1704126571,1704090603,raincoat_umbrella
Clouds,847,0.7,998.3,62.7,-0.3,2.3,7.4,48.3,1704132610,1704092676,medium_coat_scarf
Snow,601,9.5,1036.9,67.0,6.8,10.6,2.4,97.5,1704132125,1704091807,medium_coat_scarf
Snow,695,-3.4,992.8,76.2,-5.5,-0.9,12.3,63.5,1704131567,1704094262,winter_wet_gear
Clouds,816,17.9,1010.5,66.3,16.1,20.1,15.9,23.1,1704140462,1704089723,windproof_jacket
Clouds,858,22.4,998.4,48.8,20.5,25.0,9.9,12.7,1704130129,1704096123,tshirt_shorts
Rain,580,10.7,1004.1,89.9,8.8,12.6,7.5,15.9,1704134551,1704090845,raincoat_umbrella
Rain,561,17.9,1022.3,99.7,16.9,20.7,7.1,65.7,1704138065,1704090953,raincoat_umbrella
Clouds,800,17.9,981.6,40.9,16.4,19.9,21.2,72.9,1704127663,1704092143,windproof_jacket
Clear,827,12.8,1014.7,50.6,12.1,15.5,7.5,12.8,1704126882,1704095403,light_jacket_jeans
Clouds,824,17.1,1039.6,48.6,14.4,18.7,12.4,31.1,1704129139,1704095961,windproof_jacket
Clear,847,8.2,1008.5,63.7,6.5,9.1,2.8,6.5,1704140692,1704090804,medium_coat_scarf
Clear,860,34.2,1028.6,39.3,32.5,37.0,1.4,4.1,1704142403,1704090806,hot_summer
Clear,802,36.2,1021.4,40.0,34.7,37.6,0.5,17.2,1704136853,1704091141,hot_summer
Rain,534,24.0,1010.9,85.7,23.1,25.9,9.5,99.6,1704132959,1704091099,light_rain_jacket
Snow,686,8.2,1004.6,58.0,7.6,9.9,2.3,98.2,1704139320,1704096029,medium_coat_scarf
Snow,674,-9.9,989.4,89.1,-11.1,-7.6,11.3,53.2,1704135986,1704094633,winter_wet_gear
Rain,590,21.6,1008.1,92.7,20.5,23.5,7.5,10.4,1704126524,1704098493,light_rain_jacket
Clouds,838,8.3,1013.3,52.0,5.5,9.4,22.2,28.2,1704131183,1704091529,windproof_jacket
Clouds,830,16.3,995.6,78.7,15.3,17.8,10.9,84.9,1704137650,1704094829,light_jacket_jeans
Rain,508,24.9,1028.0,92.2,24.0,25.8,3.2,81.3,1704128702,1704091990,light_rain_jacket
Clear,855,-26.2,986.8,33.5,-27.2,-25.2,12.4,14.8,1704134797,1704094448,extreme_cold_gear
Clear,864,-13.9,988.3,78.6,-15.0,-12.5,19.6,28.3,1704136420,1704089480,extreme_cold_gear
Rain,573,13.7,1016.7,95.0,11.0,14.8,9.3,51.6,1704127103,1704091651,raincoat_umbrella
Rain,553,11.7,987.9,85.5,9.5,14.6,4.6,64.8,1704126921,1704089739,raincoat_umbrella
Clear,805,-7.8,1002.9,65.9,-10.0,-6.8,5.7,1.8,1704127343,1704093800,warm_winter_coat
Snow,673,-3.9,982.4,59.7,-4.9,-3.2,9.2,94.7,1704137442,1704092460,warm_winter_coat
Clear,879,5.0,1021.7,69.5,4.1,6.7,2.7,18.8,1704141028,1704096129,medium_coat_scarf
Rain,595,11.3,1030.3,90.6,8.6,13.1,7.8,48.2,1704142759,1704095931,raincoat_umbrella
Rain,538,18.6,1008.4,82.6,16.1,21.4,12.0,89.9,1704136826,1704091113,raincoat_umbrella
Snow,639,-8.4,1018.4,56.1,-11.2,-6.9,11.8,28.3,1704135898,1704093013,warm_winter_coat
Drizzle,384,-9.5,1032.2,76.8,-12.4,-8.8,3.0,72.9,1704134398,1704096270,winter_wet_gear
Rain,540,19.9,993.6,73.4,19.3,20.7,2.3,10.4,1704132287,1704090985,light_rain_jacket
Clear,859,35.2,1003.8,62.3,33.3,37.8,0.9,10.1,1704126106,1704089646,hot_summer
Rain,533,14.3,1018.8,89.0,13.1,16.9,5.8,88.4,1704125408,1704095955,raincoat_umbrella
Snow,699,-7.0,1033.5,59.7,-9.4,-4.4,1.8,30.4,1704138138,1704099469,warm_winter_coat
Clear,805,28.5,1033.4,41.2,26.5,29.7,7.6,13.7,1704133146,1704090831,hot_summer
Rain,564,13.3,1006.0,84.7,10.4,16.2,14.5,58.4,1704139817,1704089897,raincoat_umbrella
Clouds,893,8.0,1028.5,53.2,5.7,9.8,6.6,66.0,1704125986,1704094837,medium_coat_scarf
Clouds,895,29.6,1010.6,47.3,28.1,32.0,3.1,86.3,1704130380,1704098048,tshirt_shorts
Clouds,891,12.1,1003.6,53.9,10.5,14.8,13.5,33.6,1704135739,1704090882,windproof_jacket
Snow,633,-2.8,989.9,92.4,-4.1,-1.5,4.6,14.5,1704135021,1704089108,winter_wet_gear
Rain,547,17.3,1019.7,75.6,14.4,18.9,4.2,29.1,1704137005,1704093437,raincoat_umbrella
Snow,615,7.2,1019.9,52.0,4.4,9.5,5.3,16.9,1704141237,1704089679,medium_coat_scarf
Clouds,816,15.6,996.8,41.8,12.9,16.6,13.9,79.6,1704140063,1704089834,windproof_jacket
Drizzle,366,25.8,1001.8,76.9,23.6,26.5,6.9,76.9,1704128029,1704097917,light_rain_jacket
Clear,813,-29.0,1038.1,77.2,-30.8,-27.9,9.7,0.8,1704133767,1704095720,extreme_cold_gear
Drizzle,348,21.3,1005.3,88.5,20.8,22.7,7.6,8.8,1704138869,1704089686,light_rain_jacket
Clear,830,4.8,990.5,65.3,4.2,6.2,2.4,0.9,1704141343,1704090383,medium_coat_scarf
Drizzle,342,18.5,1014.3,81.5,15.8,19.1,6.2,46.2,1704140390,1704095429,light_rain_jacket
Clear,849,30.4,990.4,38.6,27.6,32.4,2.3,11.4,1704141619,1704093249,hot_summer
Clear,840,11.9,1024.9,75.2,11.0,13.0,8.7,5.7,1704139085,1704092751,light_jacket_jeans
Clear,843,-20.5,1005.5,73.3,-21.3,-18.7,6.8,16.2,1704129419,1704092300,extreme_cold_gear
Clear,846,-5.1,1035.7,73.9,-7.2,-4.1,10.6,2.3,1704137035,1704093165,warm_winter_coat
Drizzle,333,-3.7,1001.6,99.2,-5.8,-1.7,6.2,33.7,1704131357,1704094511,winter_wet_gear
Clouds,891,10.3,1003.2,47.5,8.4,12.7,18.6,7.5,1704142341,1704095001,windproof_jacket
Drizzle,301,14.0,1017.7,69.4,13.5,16.2,2.3,39.5,1704136119,1704096493,light_jacket_jeans
Drizzle,384,17.0,984.6,83.9,15.2,17.5,10.1,71.3,1704141391,1704091514,light_jacket_jeans
Snow,659,-1.2,1031.6,76.2,-3.7,0.1,6.6,62.1,1704140788,1704092788,winter_wet_gear
Clear,828,37.9,1019.4,36.8,36.2,39.8,7.2,26.5,1704140998,1704098725,hot_summer
Snow,645,-5.6,989.2,76.2,-7.1,-4.3,4.3,61.7,1704130635,1704093594,winter_wet_gear
Clouds,897,19.1,1003.7,80.7,17.0,20.3,5.8,46.0,1704127342,1704089047,light_jacket_jeans
Clear,859,23.0,1028.2,58.1,20.2,24.7,1.3,17.0,1704140853,1704098967,tshirt_shorts
Clouds,844,16.6,1016.5,59.4,15.4,17.7,21.0,98.5,1704133542,1704090164,windproof_jacket
Clouds,854,3.8,1000.2,74.6,0.9,6.4,8.4,45.1,1704129844,1704091129,medium_coat_scarf
Rain,521,26.2,995.7,77.5,25.6,28.8,6.9,48.0,1704128838,1704089322,light_rain_jacket
Drizzle,329,-3.5,984.5,80.4,-4.5,-2.7,2.9,24.7,1704134411,1704091658,winter_wet_gear
Rain,569,9.9,1023.5,99.4,8.9,11.3,3.9,66.1,1704126500,1704092178,raincoat_umbrella
Clouds,870,15.2,1035.2,67.1,12.9,18.1,14.4,14.0,1704132631,1704090391,windproof_jacket
Clear,840,37.4,989.4,67.5,34.8,38.4,5.5,7.3,1704137459,1704089583,hot_summer
Rain,539,14.1,1025.7,84.8,12.4,16.3,10.8,41.2,1704139038,1704098267,raincoat_umbrella
Clouds,872,9.3,991.9,58.9,7.9,12.0,20.1,99.8,1704141881,1704099041,windproof_jacket
Clear,842,34.2,1015.4,54.2,32.3,37.0,7.7,14.1,1704130613,1704097746,hot_summer
Snow,674,-19.2,988.7,78.6,-21.1,-18.1,5.1,25.8,1704136644,1704092477,extreme_cold_gear
Clouds,899,15.6,1036.2,83.0,13.3,18.1,4.7,80.5,1704129193,1704095338,light_jacket_jeans
Clouds,809,11.9,1034.4,60.6,11.1,13.7,17.4,61.5,1704136380,1704097059,windproof_jacket
Snow,682,-16.9,991.9,46.7,-19.3,-15.4,12.0,19.0,1704130069,1704094681,extreme_cold_gear
Snow,696,1.3,1030.7,72.8,0.8,2.5,6.2,83.2,1704133110,1704090752,medium_coat_scarf
Drizzle,304,24.2,992.8,86.9,21.9,27.1,6.5,27.7,1704134153,1704099004,light_rain_jacket
Rain,584,8.3,1021.9,94.5,5.4,9.9,5.3,85.6,1704132209,1704099287,raincoat_umbrella
Drizzle,321,25.7,1017.3,75.8,23.7,27.3,9.6,16.8,1704130994,1704097652,light_rain_jacket
Clouds,876,21.7,1035.2,40.7,20.7,23.1,6.1,10.6,1704129646,1704097534,tshirt_shorts
Clear,882,28.6,1036.3,63.5,26.8,30.0,8.9,1.6,1704139084,1704095559,tshirt_shorts
Clouds,816,16.9,1022.2,58.1,15.6,18.8,14.4,82.3,1704126241,1704091969,windproof_jacket
Snow,663,3.8,1034.5,63.8,2.1,5.9,9.1,50.0,1704129942,1704091587,medium_coat_scarf
Rain,507,12.2,986.8,93.6,9.2,14.2,5.6,64.6,1704134901,1704096263,raincoat_umbrella
Clouds,814,8.6,1011.5,62.8,6.2,10.6,6.4,98.7,1704129278,1704095351,medium_coat_scarf
Snow,635,-9.6,993.0,89.4,-12.3,-7.2,11.6,50.3,1704130820,1704091303,winter_wet_gear
Clear,805,-29.1,988.9,47.1,-30.2,-26.6,7.7,7.2,1704141409,1704096222,extreme_cold_gear
Drizzle,383,-1.8,1005.3,83.4,-2.7,0.7,8.3,59.4,1704135427,1704097407,winter_wet_gear
Drizzle,363,-7.6,1019.6,83.2,-9.3,-5.4,6.0,56.2,1704139487,1704094026,winter_wet_gear
Clear,854,-5.2,986.0,74.5,-7.1,-2.8,4.7,17.6,1704130338,1704099114,warm_winter_coat
Clouds,863,25.2,1019.4,53.3,22.5,27.6,2.8,12.0,1704137292,1704090860,tshirt_shorts
Clear,898,34.5,990.1,36.4,32.8,37.0,5.5,9.3,1704136419,1704096786,hot_summer
Drizzle,378,-7.2,980.6,97.9,-7.9,-6.2,6.7,7.5,1704125842,1704090814,winter_wet_gear
Clear,854,-8.6,1037.1,68.4,-10.0,-6.0,7.4,19.4,1704130035,1704091837,warm_winter_coat
Clouds,829,17.9,982.7,46.2,16.2,20.1,17.3,58.5,1704131967,1704094660,windproof_jacket
Snow,679,8.8,1020.3,66.4,6.9,10.3,4.0,61.2,1704135973,1704089579,medium_coat_scarf
Rain,562,17.0,995.0,97.8,14.1,18.3,4.8,65.2,1704133908,1704098036,raincoat_umbrella
Snow,675,-2.7,1034.5,75.4,-3.7,0.2,4.3,19.5,1704130027,1704091978,winter_wet_gear
Snow,682,-0.6,995.5,53.3,-3.3,2.2,9.8,6.2,1704138661,1704096447,warm_winter_coat
Clouds,828,10.4,1023.0,75.0,9.4,11.0,11.3,57.8,1704128958,1704096302,light_jacket_jeans
Rain,559,25.1,993.0,89.2,22.6,26.2,6.2,92.7,1704131061,1704097567,light_rain_jacket
Clear,870,3.3,1026.6,74.3,1.1,4.0,6.6,11.2,1704129974,1704089196,medium_coat_scarf
Clouds,841,9.5,1029.0,53.8,7.1,12.1,13.4,29.1,1704138368,1704098438,windproof_jacket
Clouds,823,16.5,1013.9,48.4,13.8,17.0,17.6,46.2,1704140670,1704091059,windproof_jacket
Clouds,848,23.0,1009.5,63.1,21.7,25.4,5.4,71.8,1704138887,1704090693,tshirt_shorts
Snow,683,-19.6,1003.6,38.0,-22.3,-18.4,14.8,23.5,1704130416,1704090942,extreme_cold_gear
Drizzle,363,19.7,1009.1,60.4,17.3,21.2,4.5,54.2,1704134429,1704093551,light_jacket_jeans
Rain,525,8.2,980.8,92.1,7.6,9.5,14.9,30.6,1704141375,1704093183,raincoat_umbrella
Clouds,879,25.6,1020.3,51.6,24.4,27.3,8.3,97.1,1704129105,1704094213,tshirt_shorts
Rain,591,13.5,1026.1,87.7,11.9,14.3,14.0,98.4,1704124874,1704099119,raincoat_umbrella
Rain,517,15.6,1030.9,93.5,14.5,17.4,5.5,42.1,1704142207,1704098124,raincoat_umbrella
Snow,626,-17.9,1039.3,51.0,-19.7,-15.2,6.7,70.0,1704135958,1704091252,extreme_cold_gear
Clouds,844,29.1,1035.8,57.7,28.4,30.1,7.5,90.8,1704132567,1704093950,tshirt_shorts
Rain,536,16.3,1021.6,79.2,15.6,18.2,8.8,22.8,1704135379,1704089385,raincoat_umbrella
Rain,585,6.0,1011.6,90.5,4.8,7.7,3.4,25.7,1704137592,1704098812,raincoat_umbrella
Snow,631,-8.7,1024.5,61.3,-9.8,-6.0,4.9,31.6,1704126347,1704095450,warm_winter_coat
Snow,649,-22.3,1021.2,58.4,-24.5,-21.3,14.6,37.8,1704135875,1704094132,extreme_cold_gear
Drizzle,371,19.6,1039.0,85.5,17.9,22.4,7.1,66.9,1704134677,1704097745,light_rain_jacket
Snow,663,6.6,1002.4,70.7,3.8,9.4,5.0,76.8,1704126222,1704094757,medium_coat_scarf
Snow,613,-0.6,1008.8,95.7,-2.5,1.6,3.3,64.9,1704141085,1704093404,winter_wet_gear
Clear,847,-11.4,990.8,40.1,-13.1,-9.3,4.6,4.8,1704130689,1704096427,extreme_cold_gear
Clear,882,36.2,1009.7,33.0,34.2,38.8,6.8,14.4,1704137004,1704092556,hot_summer
Drizzle,339,26.7,998.5,80.4,24.5,28.7,9.0,98.3,1704132658,1704097503,light_rain_jacket
Rain,548,13.8,1016.1,94.2,12.9,15.8,14.4,15.5,1704141184,1704092401,raincoat_umbrella
Clouds,876,11.0,980.3,49.4,8.5,13.8,22.1,74.9,1704130802,1704095570,windproof_jacket
Clear,810,-1.9,1035.7,71.2,-3.1,-0.9,10.5,28.0,1704127019,1704095745,warm_winter_coat
Rain,533,12.2,1019.5,93.4,10.3,15.0,6.4,17.7,1704125699,1704095584,raincoat_umbrella
Clear,860,35.7,1013.4,43.6,33.6,36.5,5.7,7.7,1704132668,1704094593,hot_summer
Clear,820,-8.9,990.6,41.7,-11.0,-8.2,3.2,10.4,1704130678,1704098090,warm_winter_coat
Clear,824,30.6,1017.3,32.6,28.0,33.2,4.6,15.2,1704125029,1704095448,hot_summer
Clear,864,-5.2,993.9,63.4,-5.8,-3.9,5.1,16.4,1704130845,1704094497,warm_winter_coat
Clouds,821,13.9,1019.8,65.2,12.4,15.3,9.0,38.2,1704133046,1704091342,light_jacket_jeans
Drizzle,354,-0.5,1001.3,77.1,-1.7,2.2,12.7,19.9,1704125083,1704097708,winter_wet_gear
Clear,862,33.2,1015.4,58.9,31.1,34.3,0.1,18.4,1704126445,1704096511,hot_summer
Clear,808,30.6,1014.4,59.5,27.9,33.4,1.5,6.5,1704131141,1704094399,hot_summer
Snow,638,9.3,1027.5,50.3,7.9,12.3,6.0,6.4,1704134361,1704091087,medium_coat_scarf
Drizzle,315,19.6,1036.2,74.0,18.0,21.5,4.0,57.6,1704140905,1704088861,light_rain_jacket
Drizzle,388,15.1,1004.5,54.8,13.8,15.9,4.0,40.9,1704142264,1704088847,light_jacket_jeans
Clear,848,35.5,1036.7,56.8,33.1,36.7,1.0,4.0,1704137759,1704098882,hot_summer
Snow,673,0.6,986.5,55.4,0.1,1.9,1.1,73.0,1704141680,1704093652,medium_coat_scarf
Drizzle,382,11.4,1010.2,61.9,10.6,13.1,11.4,96.7,1704136143,1704089473,light_jacket_jeans
Clear,881,29.0,1015.7,69.9,26.6,30.0,4.0,2.0,1704128492,1704098498,hot_summer
Clouds,817,12.6,992.9,58.7,10.3,15.0,15.3,81.4,1704128832,1704090131,windproof_jacket
Rain,584,9.2,1005.4,91.4,7.7,11.7,9.5,67.3,1704134531,1704096679,raincoat_umbrella
Clear,893,11.6,981.6,72.0,10.7,12.4,7.9,2.7,1704132973,1704091602,light_jacket_jeans
Clouds,852,15.3,1013.1,56.7,14.1,17.4,8.3,58.6,1704142765,1704097758,light_jacket_jeans
Snow,699,-21.1,1025.4,66.6,-22.3,-19.8,1.0,85.7,1704140206,1704089912,extreme_cold_gear
Rain,547,15.3,990.9,96.9,14.7,16.5,12.6,56.5,1704133019,1704097504,raincoat_umbrella
Snow,670,-6.0,983.8,66.0,-8.7,-3.8,9.7,37.6,1704128093,1704093319,warm_winter_coat
Snow,642,2.1,1003.9,64.1,-0.2,3.3,1.9,7.4,1704125043,1704094423,medium_coat_scarf
Clear,819,-12.7,1000.8,38.6,-13.9,-12.0,16.5,28.1,1704126899,1704098011,extreme_cold_gear
Snow,675,-9.6,1009.5,71.0,-11.5,-8.2,11.1,76.9,1704138454,1704091447,warm_winter_coat
Clear,893,6.4,1005.1,50.3,4.9,9.0,3.7,19.6,1704131048,1704095959,medium_coat_scarf
Clouds,899,25.9,1032.7,54.5,23.9,26.5,6.1,95.5,1704137505,1704099267,tshirt_shorts
Clouds,832,10.8,980.9,60.5,8.8,11.5,19.0,67.0,1704134197,1704096873,windproof_jacket
Drizzle,375,17.3,998.6,70.3,15.8,19.0,3.5,22.1,1704138381,1704094273,light_jacket_jeans
Clouds,867,12.2,983.1,74.8,10.1,14.4,2.4,60.8,1704139307,1704092816,light_jacket_jeans
Rain,599,19.6,980.8,74.4,18.0,20.8,2.3,48.8,1704131963,1704099492,light_rain_jacket
Clouds,873,18.5,1015.3,78.6,16.2,19.7,6.0,25.8,1704128712,1704097916,light_jacket_jeans
Clear,837,39.0,1004.8,33.6,36.8,39.6,5.2,12.2,1704138696,1704095212,hot_summer
Clear,816,25.9,1009.8,62.3,23.9,28.2,6.6,1.0,1704138431,1704093300,tshirt_shorts
Clear,887,15.1,1033.3,63.6,13.2,17.5,3.6,29.7,1704137417,1704098077,light_jacket_jeans
Clear,836,38.8,1019.5,43.8,36.3,40.7,5.9,27.9,1704140970,1704095895,hot_summer
Clear,827,28.3,995.5,63.1,27.3,28.9,6.3,21.3,1704128015,1704090972,hot_summer
Drizzle,362,-1.0,989.2,99.6,-2.3,0.4,8.8,60.8,1704126431,1704096660,winter_wet_gear
Drizzle,397,25.0,991.2,76.1,23.0,27.1,6.9,13.2,1704131143,1704090491,light_rain_jacket
Drizzle,387,22.6,1027.5,78.6,20.0,25.4,8.8,33.2,1704127666,1704094766,light_rain_jacket
Rain,526,20.9,986.6,71.3,18.1,23.7,6.0,68.1,1704134434,1704095356,light_rain_jacket
Clear,800,-9.5,1010.3,42.8,-12.0,-8.4,2.9,8.5,1704128586,1704096578,warm_winter_coat
Rain,565,18.5,999.0,81.8,16.2,21.3,8.2,52.9,1704127630,1704089909,light_rain_jacket
Snow,662,-8.5,1024.5,84.8,-11.1,-6.8,7.9,19.9,1704134984,1704098562,winter_wet_gear
Clear,860,22.0,983.3,57.2,21.2,24.3,4.9,28.6,1704125261,1704094267,tshirt_shorts
Rain,512,27.8,992.1,73.2,26.3,29.9,5.9,70.2,1704134961,1704092454,light_rain_jacket
Drizzle,345,-4.8,1021.1,79.6,-7.0,-3.9,9.3,6.0,1704138098,1704092032,winter_wet_gear
Clouds,813,24.8,1008.8,64.0,23.2,27.0,1.8,65.8,1704130804,1704093672,tshirt_shorts
Clouds,851,16.9,1014.1,60.6,16.3,18.6,14.1,82.1,1704128618,1704093078,windproof_jacket
Rain,594,12.2,1014.8,82.1,11.2,13.7,14.9,56.6,1704138525,1704090138,raincoat_umbrella
Clouds,883,27.3,1012.4,61.6,25.7,29.8,2.0,18.3,1704127476,1704093788,tshirt_shorts
Clouds,848,14.6,994.9,57.7,13.6,16.8,13.9,93.0,1704126951,1704099218,windproof_jacket
Clear,816,21.1,1010.6,65.1,18.4,22.8,1.9,15.9,1704128957,1704091817,tshirt_shorts
Drizzle,311,17.7,1008.1,73.3,16.1,19.2,7.0,49.7,1704134313,1704094196,light_jacket_jeans
Clear,865,14.1,998.0,58.8,12.3,16.6,9.6,24.2,1704133944,1704091779,light_jacket_jeans
Clear,841,13.3,980.2,54.2,12.5,13.8,6.7,12.1,1704141292,1704097704,light_jacket_jeans
Clouds,876,17.2,1023.9,46.1,14.3,18.2,17.4,70.5,1704130601,1704088978,windproof_jacket
Rain,534,26.5,982.0,85.7,23.6,28.2,7.0,75.0,1704142385,1704090512,light_rain_jacket
Drizzle,358,28.0,1009.4,81.4,26.1,30.7,9.5,78.2,1704137324,1704093645,light_rain_jacket
Snow,622,6.9,1019.9,73.7,4.2,9.1,4.6,95.6,1704140566,1704098985,medium_coat_scarf
Clear,814,-1.6,1008.1,48.9,-3.8,-0.0,3.3,28.9,1704134821,1704089025,warm_winter_coat
Clear,843,5.5,982.6,71.6,4.9,8.3,4.7,26.6,1704138032,1704089368,medium_coat_scarf
Clouds,868,13.0,1009.7,55.8,10.6,14.4,7.0,17.5,1704130775,1704090812,light_jacket_jeans
Clouds,842,28.0,1001.3,47.2,26.3,28.9,4.1,79.1,1704131943,1704096781,tshirt_shorts
Clear,853,30.9,994.9,68.7,28.2,33.8,7.7,10.4,1704130577,1704093589,hot_summer
Clouds,836,13.4,1033.2,47.0,10.5,15.1,18.7,86.7,1704136784,1704093234,windproof_jacket
Clear,819,-3.5,1033.0,58.3,-4.7,-2.4,3.4,8.3,1704133775,1704089833,warm_winter_coat
Clear,812,30.9,997.3,34.6,30.0,32.6,4.9,17.4,1704125732,1704094551,hot_summer
Snow,665,-2.7,988.0,63.3,-5.1,0.1,10.5,60.6,1704129113,1704089889,warm_winter_coat
Clear,883,10.3,986.4,81.2,7.8,12.8,9.2,1.6,1704130227,1704090101,light_jacket_jeans
Clouds,870,8.1,989.0,59.9,6.3,9.8,15.5,32.0,1704133708,1704092765,windproof_jacket
Clear,807,-10.6,980.1,74.9,-12.6,-9.3,18.9,10.0,1704137669,1704095889,extreme_cold_gear
Clear,888,0.3,1015.8,75.1,-0.4,1.4,9.3,26.5,1704138717,1704092226,medium_coat_scarf
Clear,823,-23.2,1021.5,41.8,-25.2,-21.6,10.4,26.3,1704133745,1704095627,extreme_cold_gear
Snow,657,-5.9,982.1,88.3,-8.8,-4.0,12.7,98.7,1704134711,1704093993,winter_wet_gear
Drizzle,366,23.1,1015.2,89.8,20.3,25.0,8.0,50.0,1704140444,1704094014,light_rain_jacket
Drizzle,375,24.0,1005.1,89.9,23.2,25.5,2.4,97.7,1704127212,1704091770,light_rain_jacket
Rain,530,5.0,1022.4,76.9,3.3,6.4,8.6,58.1,1704131573,1704092147,raincoat_umbrella
Rain,580,26.7,1027.1,90.1,24.7,27.7,6.0,76.6,1704127753,1704092558,light_rain_jacket
Clouds,804,19.7,1030.5,57.1,18.3,21.4,9.0,54.0,1704132011,1704094332,light_jacket_jeans
Snow,624,-5.7,994.3,88.2,-6.5,-4.4,7.4,12.5,1704137091,1704093148,winter_wet_gear
Clouds,811,19.7,998.2,77.4,17.6,20.6,4.2,9.8,1704140786,1704091579,light_jacket_jeans
Drizzle,351,22.1,1008.6,72.8,20.2,22.7,8.9,98.7,1704137725,1704094110,light_rain_jacket
Rain,594,16.8,990.7,79.3,14.7,17.6,10.5,94.7,1704136742,1704090819,raincoat_umbrella
Snow,693,-0.8,1007.1,89.5,-2.1,0.1,4.0,42.3,1704134799,1704091647,winter_wet_gear
Clouds,822,20.0,1023.2,47.5,18.8,22.4,0.0,42.6,1704142355,1704097790,tshirt_shorts
Clear,893,29.8,985.0,47.6,27.3,31.6,4.9,26.5,1704132319,1704099244,hot_summer
Clear,820,27.2,1000.4,57.7,25.6,28.1,6.6,9.7,1704131076,1704097776,tshirt_shorts
Clear,831,-3.2,999.2,46.0,-5.6,-2.6,8.5,1.3,1704130855,1704091220,warm_winter_coat
Rain,596,17.6,1002.4,80.9,15.9,19.2,7.7,89.9,1704125680,1704097634,raincoat_umbrella
Clouds,842,24.1,995.8,63.0,22.2,24.7,4.3,76.1,1704140728,1704092777,tshirt_shorts
Clear,896,14.2,1034.1,82.5,11.3,16.9,7.7,27.1,1704141612,1704088835,light_jacket_jeans
Snow,641,-18.1,1031.7,77.6,-20.2,-15.4,15.7,22.9,1704140590,1704089540,extreme_cold_gear
Clouds,890,20.2,1017.5,70.6,19.2,20.9,5.8,5.2,1704136093,1704091920,tshirt_shorts
Snow,684,-7.0,1024.2,93.1,-9.4,-4.3,2.8,50.5,1704126205,1704097091,winter_wet_gear
Clouds,878,29.4,1000.5,61.3,26.5,31.2,8.5,33.5,1704128754,1704090319,tshirt_shorts
Drizzle,359,26.1,985.3,75.9,25.6,28.1,3.8,15.0,1704127492,1704098562,light_rain_jacket
Clear,826,17.8,1017.0,83.7,15.6,19.5,7.0,10.0,1704140198,1704093526,light_jacket_jeans
Snow,657,-16.6,1015.8,43.0,-18.5,-15.3,11.9,84.5,1704126730,1704094445,extreme_cold_gear
Clouds,850,18.2,1025.8,69.2,17.6,19.3,10.7,86.9,1704132757,1704089772,light_jacket_jeans
Clouds,801,3.1,1014.3,51.3,1.8,4.2,1.9,53.0,1704130929,1704096461,medium_coat_scarf
Clear,890,37.0,1001.3,32.8,34.8,39.2,0.6,28.3,1704135485,1704092708,hot_summer
Snow,698,-17.8,1022.5,64.7,-20.4,-16.4,18.2,48.4,1704139991,1704098039,extreme_cold_gear
Clear,838,-23.3,1015.3,75.1,-25.8,-22.7,12.5,28.4,1704129259,1704090142,extreme_cold_gear
Rain,571,14.6,985.6,83.4,14.0,16.3,12.3,77.9,1704126356,1704098103,raincoat_umbrella
Clear,874,11.0,990.0,75.1,9.8,13.0,5.0,4.4,1704125171,1704092670,light_jacket_jeans
Clouds,828,0.8,1013.7,52.0,-0.5,3.3,5.4,25.8,1704130654,1704098187,medium_coat_scarf
Clouds,861,16.1,1000.1,48.1,14.5,17.3,13.2,29.2,1704141135,1704092469,windproof_jacket
Clear,838,23.3,981.4,62.6,20.8,25.7,7.8,29.1,1704131803,1704097012,tshirt_shorts
Clouds,873,20.2,1039.3,71.4,17.8,21.3,0.7,67.5,1704125577,1704096077,tshirt_shorts
Snow,655,1.5,1017.4,54.9,0.4,3.0,9.9,17.4,1704126751,1704089403,medium_coat_scarf
Snow,656,-15.9,997.3,73.7,-18.3,-13.1,8.4,44.6,1704134313,1704089508,extreme_cold_gear
Clouds,864,4.8,1039.4,65.6,3.5,7.2,4.7,80.2,1704140460,1704093519,medium_coat_scarf
Clouds,839,14.6,985.2,58.5,13.0,16.3,16.8,2.1,1704132259,1704097684,windproof_jacket
Clear,884,32.2,1019.8,66.0,30.3,35.0,0.2,28.9,1704132338,1704089364,hot_summer
Drizzle,304,-2.5,986.4,84.6,-4.7,-0.5,4.8,86.2,1704141269,1704097187,winter_wet_gear
Snow,610,0.7,1033.3,66.6,-1.6,2.6,6.3,6.8,1704126991,1704090687,medium_coat_scarf
Snow,626,-15.2,1004.4,35.5,-17.0,-12.7,12.6,31.9,1704137444,1704093255,extreme_cold_gear
Clear,813,30.9,1024.7,47.9,29.3,33.6,2.6,29.1,1704127630,1704094911,hot_summer
Clouds,824,9.9,994.2,65.1,7.6,11.2,24.3,68.6,1704126555,1704093930,windproof_jacket
Drizzle,367,24.8,1026.2,87.5,22.9,26.1,2.2,49.4,1704137586,1704093345,light_rain_jacket
Clear,893,13.0,1015.4,61.2,12.4,13.8,11.6,23.6,1704136023,1704097596,light_jacket_jeans
Clear,808,37.6,1026.0,69.9,35.9,39.7,2.8,12.1,1704142513,1704098235,hot_summer
Drizzle,342,-5.0,985.3,80.8,-5.9,-2.8,14.0,42.9,1704140505,1704096413,winter_wet_gear
Rain,568,22.2,1006.9,82.4,21.2,24.1,8.7,54.7,1704126577,1704092562,light_rain_jacket
Drizzle,318,-5.5,1019.9,92.6,-6.1,-3.8,7.2,17.5,1704136855,1704093917,winter_wet_gear
Drizzle,387,-8.9,1038.0,86.0,-11.3,-7.8,14.5,70.9,1704135685,1704092846,winter_wet_gear
Clear,807,-4.8,1031.0,43.6,-7.0,-2.5,10.6,4.7,1704127553,1704093084,warm_winter_coat
Clear,831,36.0,1012.8,42.5,33.0,38.4,4.2,5.5,1704140906,1704098946,hot_summer
Drizzle,355,23.4,1009.2,72.1,21.1,24.7,8.4,15.8,1704133099,1704090036,light_rain_jacket
Clear,870,-19.9,1018.4,42.5,-20.4,-17.3,17.5,14.7,1704134365,1704093777,extreme_cold_gear
Clouds,834,12.9,990.4,51.3,11.4,14.5,16.4,33.4,1704132964,1704096060,windproof_jacket
Clouds,811,28.9,1004.1,59.8,28.3,29.5,8.2,10.2,1704130870,1704092905,tshirt_shorts
Clear,825,10.6,988.4,75.1,7.7,12.8,3.0,4.8,1704134798,1704095878,light_jacket_jeans
Drizzle,363,-0.5,1021.5,98.6,-2.0,2.1,3.8,6.7,1704125405,1704093778,winter_wet_gear
Rain,550,12.1,1010.8,88.3,11.1,13.3,5.6,25.5,1704135062,1704088829,raincoat_umbrella
Rain,546,15.9,981.0,90.9,15.1,17.2,8.4,6.0,1704132469,1704090070,raincoat_umbrella
Clear,824,7.0,1030.8,51.5,4.2,8.2,2.1,0.9,1704134962,1704095262,medium_coat_scarf
Clouds,880,10.0,1033.5,75.5,9.4,11.3,3.1,58.7,1704126379,1704089077,medium_coat_scarf
Rain,540,24.9,1028.6,92.7,24.4,26.3,9.6,87.9,1704128847,1704089228,light_rain_jacket
Clouds,853,24.0,1012.7,75.8,21.3,24.9,5.0,95.6,1704142283,1704093910,tshirt_shorts
Clear,838,28.4,1000.5,69.9,26.4,30.9,2.0,29.0,1704128580,1704091657,tshirt_shorts
Clear,859,-25.5,1019.7,36.3,-27.1,-24.2,6.5,11.5,1704135351,1704099540,extreme_cold_gear
Rain,504,6.2,1015.9,85.6,4.1,8.4,4.0,2.7,1704127950,1704094061,raincoat_umbrella
Clear,825,-24.7,1027.5,73.2,-27.4,-22.6,19.2,17.1,1704139685,1704096353,extreme_cold_gear
Clouds,887,24.4,989.5,47.1,23.4,25.7,6.6,90.4,1704133052,1704097989,tshirt_shorts
Drizzle,388,26.2,1039.2,83.8,23.7,27.1,6.9,58.3,1704138499,1704097540,light_rain_jacket
Drizzle,391,11.8,1013.8,56.1,8.8,13.3,8.2,17.6,1704126970,1704089848,light_jacket_jeans
Drizzle,328,18.6,982.6,51.0,16.4,19.4,11.4,61.5,1704138928,1704089318,light_jacket_jeans
Clouds,828,5.4,984.3,69.1,4.1,7.1,3.9,27.5,1704134178,1704093054,medium_coat_scarf
Clear,861,3.7,997.9,64.0,1.0,4.3,5.3,27.4,1704126138,1704095820,medium_coat_scarf
Snow,615,-5.3,1008.8,71.2,-7.0,-3.9,6.6,92.7,1704142390,1704095081,warm_winter_coat
Clouds,881,12.9,1024.0,64.9,11.6,14.3,13.7,94.3,1704136346,1704089702,windproof_jacket
Clear,830,7.6,1023.4,53.4,5.0,9.3,7.2,19.9,1704135050,1704098488,medium_coat_scarf
Clear,827,37.9,1037.9,45.2,36.1,39.1,6.2,6.1,1704135196,1704097362,hot_summer
Drizzle,351,-5.6,988.5,89.7,-8.1,-4.5,13.2,24.4,1704134534,1704098581,winter_wet_gear
Clear,841,-1.6,1039.0,61.2,-3.3,-0.7,9.9,2.5,1704133792,1704093824,warm_winter_coat
Clear,837,4.4,980.8,60.4,3.2,7.1,6.9,26.4,1704138773,1704093707,medium_coat_scarf
Rain,565,8.5,1015.0,81.0,5.8,10.5,8.9,12.3,1704142571,1704095250,raincoat_umbrella
Snow,628,5.0,1002.0,61.3,3.8,5.7,2.3,7.5,1704136880,1704096926,medium_coat_scarf
Clouds,898,9.4,983.8,57.6,6.7,12.3,14.7,88.6,1704130092,1704093919,windproof_jacket
Clear,850,34.6,1002.4,33.5,32.3,36.3,3.3,7.8,1704128763,1704089675,hot_summer
Clear,833,-7.0,996.3,60.2,-8.0,-5.4,8.7,28.7,1704140549,1704090742,warm_winter_coat
Clear,872,1.1,1025.5,70.9,-0.0,3.5,6.8,2.2,1704141194,1704092802,medium_coat_scarf
Clouds,873,27.8,1030.0,54.2,27.3,29.2,5.7,68.8,1704128993,1704090360,tshirt_shorts
Clouds,849,22.4,1017.9,51.4,21.2,25.1,1.1,24.2,1704131858,1704093844,tshirt_shorts
Clear,885,-27.3,1003.7,75.0,-28.8,-25.9,9.5,12.8,1704133943,1704097556,extreme_cold_gear
Snow,601,-22.9,1027.4,46.5,-24.3,-21.3,0.6,66.0,1704130995,1704097375,extreme_cold_gear
Rain,584,22.1,1024.3,78.7,20.7,24.6,8.2,69.6,1704137201,1704099143,light_rain_jacket
Drizzle,366,-9.0,1034.9,99.0,-9.8,-6.3,4.8,98.7,1704139522,1704095721,winter_wet_gear
Rain,504,12.6,1029.2,84.6,11.8,14.7,4.9,57.6,1704139404,1704093390,raincoat_umbrella
Clear,843,-12.1,1000.0,55.3,-13.1,-9.2,15.0,11.5,1704131762,1704089267,extreme_cold_gear
Clouds,837,10.0,997.9,57.1,7.1,10.8,5.9,85.1,1704139408,1704095286,medium_coat_scarf
Clear,802,-14.1,1009.8,75.3,-16.0,-13.6,5.3,10.1,1704142332,1704091410,extreme_cold_gear
Snow,637,-2.2,1003.9,62.3,-4.0,-0.8,3.0,51.3,1704136913,1704094442,warm_winter_coat
Rain,550,8.5,1009.0,75.6,7.9,9.5,7.8,16.9,1704126280,1704096134,raincoat_umbrella
Drizzle,378,-0.7,999.8,95.9,-2.8,1.5,5.5,18.5,1704138068,1704093075,winter_wet_gear
Clear,846,-12.7,1038.8,48.0,-14.6,-10.0,8.9,6.5,1704125074,1704092200,extreme_cold_gear
Drizzle,384,23.5,1004.2,84.9,22.5,26.5,4.0,62.0,1704134743,1704091855,light_rain_jacket
Clouds,806,0.1,1025.1,76.4,-1.8,3.0,5.6,17.2,1704131025,1704091114,medium_coat_scarf
Clouds,862,14.1,1039.4,71.8,12.4,16.4,10.8,80.8,1704133175,1704097911,light_jacket_jeans
Clear,863,37.1,980.8,30.9,35.7,39.1,6.5,19.7,1704130964,1704096317,hot_summer
Clear,816,25.9,1001.8,57.7,24.1,27.2,4.5,0.5,1704130342,1704088814,tshirt_shorts
Drizzle,360,25.2,997.3,73.6,23.7,25.9,5.5,98.7,1704130584,1704093241,light_rain_jacket
Drizzle,368,18.8,1034.7,80.1,16.5,19.5,2.9,33.0,1704137030,1704090186,light_rain_jacket
Clouds,876,10.1,1007.4,40.9,7.5,11.7,15.5,78.8,1704142680,1704097398,windproof_jacket
Clear,829,7.3,1002.7,74.5,5.1,9.4,5.2,19.0,1704141743,1704091778,medium_coat_scarf
Clear,807,38.1,1027.5,49.4,37.2,40.8,2.7,13.5,1704133193,1704098331,hot_summer
Clouds,849,16.0,1039.0,82.5,14.9,18.1,6.5,29.6,1704136074,1704092884,light_jacket_jeans
Snow,645,-7.8,1023.0,95.4,-9.0,-4.8,14.6,78.7,1704138315,1704090705,winter_wet_gear
Drizzle,371,-5.8,1023.6,89.3,-8.8,-3.7,5.7,4.7,1704137714,1704090407,winter_wet_gear
Clear,893,32.2,1038.5,53.3,30.0,34.1,0.6,29.6,1704139448,1704092142,hot_summer
Clear,896,38.0,1021.5,69.7,35.0,41.0,1.3,20.2,1704129185,1704096216,hot_summer
Clear,813,38.2,1027.0,30.9,36.5,39.7,7.2,23.4,1704125982,1704092071,hot_summer
Drizzle,362,18.2,1022.8,72.6,15.8,20.0,3.8,89.4,1704138388,1704089935,light_rain_jacket
Clouds,840,21.7,1004.1,56.1,19.9,24.5,3.4,76.1,1704132282,1704091971,tshirt_shorts
Clouds,832,8.7,980.7,43.5,6.2,10.6,23.4,69.3,1704136540,1704096692,windproof_jacket
Rain,513,13.7,989.7,86.5,12.1,15.0,12.5,38.1,1704126205,1704092809,raincoat_umbrella
Clouds,832,14.7,1002.6,65.7,13.7,16.7,13.1,1.3,1704136190,1704098364,windproof_jacket
Clear,837,18.5,987.9,50.4,16.0,20.2,8.4,24.7,1704136220,1704091097,light_jacket_jeans
Clouds,823,1.4,993.6,59.2,0.3,2.9,9.9,75.3,1704125311,1704098311,medium_coat_scarf
Drizzle,349,27.6,1037.8,89.3,25.3,29.8,3.9,14.0,1704131670,1704097671,light_rain_jacket
Snow,620,-28.1,1018.7,79.1,-28.6,-26.5,10.8,91.2,1704124838,1704094917,extreme_cold_gear
Clear,826,4.1,1015.8,77.6,3.6,6.1,4.6,20.8,1704135492,1704094394,medium_coat_scarf
Clear,807,-7.8,996.0,43.4,-8.5,-6.0,6.4,14.1,1704126588,1704090204,warm_winter_coat
Drizzle,337,18.2,983.3,69.0,15.5,20.7,7.1,57.4,1704127678,1704097292,light_jacket_jeans
Drizzle,372,10.4,1023.6,66.3,7.7,11.2,10.2,48.9,1704140035,1704098627,light_jacket_jeans
Clear,825,30.3,1005.1,62.8,29.2,32.7,5.2,13.7,1704130575,1704094339,hot_summer
Clear,880,5.3,984.6,71.5,2.8,7.1,2.4,26.0,1704137747,1704095953,medium_coat_scarf
Clouds,831,5.6,988.3,66.4,4.1,6.4,4.8,92.9,1704127546,1704089200,medium_coat_scarf
Snow,624,4.3,1037.7,51.1,2.8,5.0,7.1,42.2,1704141524,1704098416,medium_coat_scarf
Rain,552,18.0,1000.1,78.1,16.3,21.0,7.6,86.5,1704140116,1704096760,raincoat_umbrella
Snow,650,-13.9,1032.5,60.9,-16.6,-12.9,12.6,56.5,1704125404,1704094374,extreme_cold_gear
Rain,560,20.9,1025.1,71.8,20.0,23.7,7.1,95.5,1704129043,1704094006,light_rain_jacket
Snow,668,-16.1,1015.4,52.1,-18.9,-15.5,4.3,83.7,1704135679,1704093322,extreme_cold_gear
Snow,634,-0.1,1014.3,51.3,-2.1,0.4,1.7,86.8,1704137838,1704088927,warm_winter_coat
Clear,802,-6.2,1039.0,68.3,-7.5,-3.8,2.5,1.8,1704133446,1704092661,warm_winter_coat
Snow,647,3.4,984.7,78.2,1.1,6.1,6.0,6.7,1704129794,1704096309,medium_coat_scarf
Clear,854,38.4,1005.7,53.7,36.1,40.8,1.0,4.8,1704133910,1704089942,hot_summer
Clouds,869,14.3,993.3,67.6,11.5,15.2,22.6,79.9,1704125249,1704099369,windproof_jacket
Clear,800,28.9,1025.9,57.4,28.0,31.0,4.0,14.6,1704140503,1704090661,hot_summer
Rain,519,6.5,984.4,86.4,4.7,7.1,8.1,41.1,1704142066,1704094306,raincoat_umbrella
Clear,893,28.5,997.8,51.8,25.8,31.4,0.1,8.4,1704133283,1704089560,tshirt_shorts
Snow,674,-5.4,982.6,88.2,-8.3,-4.4,14.8,64.8,1704131333,1704091089,winter_wet_gear
Clear,810,-15.5,1027.3,55.6,-17.5,-14.5,19.2,17.6,1704134866,1704098451,extreme_cold_gear
Snow,610,-1.5,988.0,55.9,-2.7,-0.7,6.3,57.0,1704125611,1704093921,warm_winter_coat
Clear,818,8.3,1005.4,50.7,7.2,9.5,3.0,1.4,1704131939,1704091117,medium_coat_scarf
Snow,662,6.8,1031.1,51.0,5.4,8.9,2.2,31.3,1704126279,1704095199,medium_coat_scarf
Clouds,862,3.0,1002.0,52.9,0.0,5.4,6.7,27.3,1704125700,1704094042,medium_coat_scarf
Snow,646,-8.0,1019.0,70.0,-9.3,-5.6,10.1,6.3,1704136033,1704091484,warm_winter_coat
Clear,868,-9.4,1000.7,55.9,-11.8,-7.9,8.8,27.3,1704125581,1704090785,warm_winter_coat
Clear,877,39.0,985.1,36.7,38.0,40.5,1.0,27.3,1704135582,1704093647,hot_summer
Clouds,820,8.4,1039.1,73.9,7.0,10.8,4.8,82.5,1704136688,1704093471,medium_coat_scarf
Clouds,868,27.9,1016.9,53.4,26.6,29.7,8.3,69.7,1704135403,1704095647,tshirt_shorts
Rain,578,6.0,1005.0,95.1,5.2,8.7,12.7,26.0,1704129593,1704098276,raincoat_umbrella
Snow,626,0.2,1035.5,54.1,-2.3,2.9,3.9,0.2,1704126279,1704097559,medium_coat_scarf
Clouds,816,12.7,993.9,65.6,11.2,14.6,14.1,51.2,1704141307,1704098745,windproof_jacket
Rain,549,18.6,1001.5,86.8,17.2,21.2,4.5,40.6,1704134664,1704099017,light_rain_jacket
Snow,638,-7.8,1023.4,48.5,-8.9,-5.7,11.4,9.0,1704129331,1704091861,warm_winter_coat
Clouds,833,16.4,1016.9,54.8,14.0,18.5,17.3,65.8,1704136942,1704096853,windproof_jacket
Rain,538,23.7,1013.9,92.8,22.6,24.4,7.1,48.0,1704134903,1704093577,light_rain_jacket
Rain,586,16.4,1015.0,87.7,15.7,18.7,8.5,89.0,1704128640,1704098809,raincoat_umbrella
Clouds,846,14.3,987.7,74.2,12.8,15.0,6.5,88.0,1704136452,1704094517,light_jacket_jeans
Rain,575,24.2,1039.6,81.4,22.3,26.8,7.7,24.6,1704128463,1704088982,light_rain_jacket
Rain,598,6.7,990.1,78.8,5.1,8.5,6.0,67.4,1704140302,1704089311,raincoat_umbrella
Clear,858,3.3,1005.4,51.4,2.0,5.7,1.7,24.8,1704131887,1704089402,medium_coat_scarf
Clear,874,28.4,1031.9,56.1,25.5,29.3,2.9,14.2,1704138778,1704098181,hot_summer
Snow,626,-6.4,1010.0,51.3,-8.8,-4.8,4.9,84.5,1704140177,1704091847,warm_winter_coat
Clouds,864,15.0,1013.2,69.6,13.6,15.7,22.7,8.5,1704129458,1704092161,windproof_jacket
Clear,818,17.8,1028.6,68.4,16.5,18.7,4.8,5.6,1704137152,1704096081,light_jacket_jeans
Snow,681,-8.9,1016.0,46.1,-11.3,-6.4,11.5,47.4,1704138136,1704089990,warm_winter_coat
Rain,567,17.5,984.7,87.2,14.8,20.0,5.1,70.0,1704127344,1704095881,raincoat_umbrella
Clouds,802,14.0,1009.5,45.1,11.2,14.9,14.3,95.2,1704135398,1704091907,windproof_jacket
Clouds,871,11.1,1024.2,55.3,10.5,13.8,14.8,35.8,1704135934,1704098993,windproof_jacket
Drizzle,398,22.4,1010.5,82.2,20.2,23.0,4.3,15.1,1704128545,1704091344,light_rain_jacket
Snow,673,-0.0,1024.2,53.5,-0.6,2.1,5.3,64.4,1704142546,1704096571,warm_winter_coat
Clouds,880,9.0,1010.7,42.3,7.1,9.7,19.7,35.9,1704130086,1704098995,windproof_jacket
Clouds,815,22.8,1011.9,45.7,21.3,24.7,0.0,10.7,1704127954,1704091777,tshirt_shorts
Snow,651,-3.3,992.0,73.5,-5.1,-0.5,6.2,84.2,1704132550,1704096582,warm_winter_coat
Snow,686,7.3,1034.0,56.8,5.3,8.9,1.8,90.2,1704132146,1704094769,medium_coat_scarf
Snow,608,-8.4,994.0,98.9,-11.0,-5.4,2.1,67.6,1704130328,1704090671,winter_wet_gear
Snow,678,7.2,1028.2,79.3,4.4,7.8,3.8,9.3,1704130332,1704097309,medium_coat_scarf
Clear,804,-17.1,997.3,35.1,-19.9,-14.5,18.9,24.4,1704142321,1704094814,extreme_cold_gear
Clear,826,9.2,1033.2,50.5,7.2,11.6,3.5,14.4,1704128673,1704090398,medium_coat_scarf
Clouds,810,12.2,985.3,41.5,9.5,13.7,24.0,58.0,1704139268,1704097441,windproof_jacket
Clouds,804,9.1,1037.2,45.3,7.6,10.2,18.5,57.8,1704136651,1704090915,windproof_jacket
Snow,626,5.3,1023.9,66.7,4.5,6.6,6.8,7.8,1704130399,1704093961,medium_coat_scarf
Clouds,899,29.3,985.4,50.6,28.5,30.2,1.5,56.3,1704129869,1704092040,tshirt_shorts
Rain,582,8.0,1029.0,94.1,6.4,10.6,12.2,84.1,1704133270,1704094480,raincoat_umbrella
Clear,864,10.5,1005.4,52.8,8.1,11.5,2.6,1.3,1704133555,1704098943,light_jacket_jeans
Clouds,828,8.3,1002.0,69.5,7.7,9.4,15.1,27.5,1704131897,1704089860,windproof_jacket
Snow,672,9.6,1015.4,55.8,7.7,11.3,1.3,32.9,1704140121,1704093737,medium_coat_scarf
Clouds,829,14.3,1037.9,59.2,13.5,16.7,15.3,82.4,1704138305,1704092613,windproof_jacket
Clear,866,-4.9,1032.7,58.1,-7.8,-3.9,8.9,18.1,1704128789,1704098782,warm_winter_coat
Drizzle,349,-8.4,990.0,83.8,-10.5,-7.1,2.5,73.1,1704139728,1704094752,winter_wet_gear
Drizzle,314,-1.7,1005.8,76.9,-3.1,1.1,9.2,34.0,1704132983,1704091695,winter_wet_gear
Clouds,852,28.5,993.9,57.1,26.6,31.0,5.5,74.4,1704128670,1704097231,tshirt_shorts
Clouds,870,11.9,1013.5,45.1,9.6,14.7,12.9,9.8,1704133276,1704090550,windproof_jacket
Clear,885,31.8,987.7,33.7,30.2,33.1,3.4,28.4,1704133763,1704097076,hot_summer
Snow,685,-7.1,1012.6,85.5,-8.4,-6.6,9.5,36.7,1704128962,1704098316,winter_wet_gear
Clear,828,28.4,1031.3,53.3,27.8,31.0,8.0,15.6,1704126868,1704095268,hot_summer
Clear,890,-2.0,994.8,60.2,-2.9,-1.1,11.7,0.4,1704126193,1704093519,warm_winter_coat
Rain,582,15.1,1007.7,84.2,14.2,17.4,6.9,54.3,1704129803,1704098335,raincoat_umbrella
Clouds,878,15.5,1005.2,64.1,14.7,17.9,19.8,62.9,1704142021,1704094640,windproof_jacket
Clouds,805,17.8,1006.1,69.1,15.9,18.4,23.9,16.7,1704124845,1704090919,windproof_jacket
Rain,579,21.5,1037.6,91.5,18.8,23.6,7.3,86.5,1704138428,1704097798,light_rain_jacket
Clear,881,-3.6,1026.6,73.9,-5.0,-1.7,10.6,20.6,1704132291,1704089395,warm_winter_coat
Clear,836,35.1,1009.1,51.6,33.3,37.7,7.8,1.9,1704132546,1704099565,hot_summer
Snow,618,-23.2,1036.1,53.0,-23.7,-22.6,8.1,82.0,1704135786,1704089549,extreme_cold_gear
Clouds,857,10.0,980.6,76.8,8.0,11.6,9.4,37.0,1704132458,1704097202,light_jacket_jeans
Rain,533,24.7,996.6,92.6,22.0,26.7,4.2,64.1,1704128812,1704099352,light_rain_jacket
Clouds,884,1.1,1025.0,57.7,-1.4,3.3,2.5,69.8,1704142414,1704090190,medium_coat_scarf
Snow,662,-4.5,1028.0,66.8,-7.4,-2.4,10.4,30.8,1704125566,1704092293,warm_winter_coat
Clouds,816,13.9,1029.9,69.7,13.1,15.3,12.3,79.2,1704134132,1704098355,windproof_jacket
Clouds,802,16.4,1015.0,65.8,14.3,18.9,20.2,42.7,1704125438,1704096768,windproof_jacket
Snow,641,-15.8,988.3,62.2,-17.8,-14.7,10.2,37.3,1704129017,1704095688,extreme_cold_gear
Snow,623,-3.9,1007.3,52.1,-6.9,-1.4,3.2,65.7,1704138178,1704093490,warm_winter_coat
Snow,616,-8.4,1015.5,67.8,-9.2,-6.4,2.0,79.8,1704135730,1704093388,warm_winter_coat
Clear,810,29.5,985.5,51.3,27.2,32.4,3.8,3.4,1704137685,1704095396,tshirt_shorts
Rain,500,25.9,1015.2,91.4,25.3,28.4,3.3,91.5,1704136853,1704091459,light_rain_jacket
Drizzle,325,16.5,1023.0,64.1,15.3,17.8,6.7,87.6,1704135213,1704098851,light_jacket_jeans
Drizzle,336,-1.0,1033.5,75.7,-3.1,-0.3,12.1,61.3,1704140990,1704091077,winter_wet_gear
Clear,801,39.0,992.5,31.6,36.3,40.7,2.3,7.1,1704138490,1704093836,hot_summer
Clear,874,34.0,1018.9,57.6,33.1,36.1,5.6,8.3,1704128028,1704095272,hot_summer
Snow,642,-13.5,1021.6,37.4,-14.5,-10.6,18.4,10.9,1704132962,1704094281,extreme_cold_gear
Snow,625,-29.2,988.6,31.5,-30.9,-27.4,17.6,25.4,1704141171,1704090118,extreme_cold_gear
Clouds,836,23.8,1039.7,48.1,22.0,25.8,6.4,1.2,1704133908,1704098673,tshirt_shorts
Clear,803,-19.9,990.3,50.5,-21.7,-19.3,8.5,7.7,1704128586,1704092608,extreme_cold_gear
Clouds,818,14.2,991.5,66.1,13.2,14.9,15.6,69.7,1704138631,1704089843,windproof_jacket
Clear,828,-19.4,1000.7,68.2,-21.5,-18.5,2.8,5.8,1704128540,1704097235,extreme_cold_gear
Clouds,856,9.3,1003.2,69.6,7.6,11.5,5.4,62.4,1704135013,1704095471,medium_coat_scarf
Rain,587,5.8,1022.0,79.9,5.0,6.7,13.8,79.0,1704140229,1704090012,raincoat_umbrella
Clouds,898,9.8,1035.2,64.2,8.8,10.4,12.2,50.0,1704129200,1704094843,windproof_jacket
Snow,685,-1.7,1011.1,41.6,-3.7,0.4,1.0,82.7,1704142414,1704090305,warm_winter_coat
Drizzle,340,-2.8,1013.6,87.6,-5.4,-2.2,10.0,0.5,1704126798,1704093231,winter_wet_gear
Drizzle,358,16.9,1004.8,74.9,15.1,18.6,5.8,37.4,1704137334,1704098407,light_jacket_jeans
Clear,819,25.5,1008.9,66.4,24.0,26.5,3.2,18.5,1704134006,1704099185,tshirt_shorts
Rain,561,25.8,997.1,91.7,25.3,28.6,5.9,77.2,1704134606,1704098147,light_rain_jacket
Snow,659,-6.4,1020.0,65.9,-7.9,-4.2,4.1,15.9,1704125146,1704093766,warm_winter_coat
Clear,814,-8.4,1030.8,43.8,-9.5,-5.7,9.6,23.8,1704130955,1704089576,warm_winter_coat
Snow,654,-8.3,983.2,82.2,-9.5,-6.3,3.3,87.2,1704142394,1704098064,winter_wet_gear
Clouds,873,13.2,1036.6,79.6,11.4,15.6,7.3,7.9,1704125217,1704095281,light_jacket_jeans
Clear,813,35.5,998.7,43.2,33.2,37.6,0.5,9.8,1704133299,1704098381,hot_summer
Clouds,867,27.6,1011.0,61.8,26.9,29.3,6.5,99.2,1704127676,1704089787,tshirt_shorts
Clouds,888,16.8,994.3,66.4,14.4,19.6,17.3,25.7,1704125070,1704089580,windproof_jacket
Clear,829,28.1,986.5,38.8,25.6,30.0,0.3,10.2,1704130082,1704094336,hot_summer
Snow,694,-9.4,1023.6,56.5,-11.5,-6.6,4.1,11.1,1704132976,1704093701,warm_winter_coat
Rain,565,26.4,1016.8,75.4,25.0,28.6,5.4,66.8,1704135001,1704095181,light_rain_jacket
Rain,517,16.5,996.5,78.2,15.2,19.0,9.9,52.8,1704138166,1704098425,raincoat_umbrella
Clear,861,-9.0,996.0,40.0,-11.8,-6.4,11.3,19.9,1704139234,1704090123,warm_winter_coat
Clear,838,21.0,992.3,44.1,18.2,23.9,7.0,26.8,1704129693,1704098942,tshirt_shorts
Clear,833,38.4,1009.7,59.9,36.2,39.4,6.9,3.9,1704125970,1704093565,hot_summer
Clouds,860,15.2,983.2,73.5,12.4,17.0,2.7,58.6,1704139397,1704098280,light_jacket_jeans
Snow,603,-3.2,1035.8,68.8,-6.1,-2.7,4.7,33.9,1704139018,1704095649,warm_winter_coat
Clear,811,5.2,984.9,78.7,4.7,6.7,9.6,8.9,1704133283,1704095951,medium_coat_scarf
Rain,567,21.7,1029.0,75.7,18.8,22.3,6.1,57.6,1704137245,1704099582,light_rain_jacket
Snow,654,-4.2,1021.0,57.7,-7.0,-1.9,10.0,82.1,1704128630,1704093070,warm_winter_coat
Snow,631,-7.0,999.0,45.7,-8.2,-6.0,11.3,74.2,1704125800,1704097466,warm_winter_coat
Clouds,891,4.4,1032.7,50.1,2.8,6.9,7.6,48.4,1704142339,1704098355,medium_coat_scarf
Rain,549,19.2,985.4,77.9,16.3,20.4,5.6,87.8,1704131328,1704092078,raincoat_umbrella
Clouds,821,13.5,1006.2,66.2,12.9,16.0,17.6,37.9,1704134359,1704093733,windproof_jacket
Clouds,881,9.2,1033.8,54.3,7.9,12.0,20.8,38.2,1704133432,1704089313,windproof_jacket
Clear,882,32.6,1017.7,61.0,31.7,35.4,2.7,5.8,1704140774,1704098710,hot_summer
Snow,611,-4.6,1009.3,49.6,-6.7,-2.1,3.3,50.7,1704139133,1704098892,warm_winter_coat
Drizzle,340,14.2,1017.9,75.6,12.6,15.0,9.2,79.6,1704129570,1704094837,light_jacket_jeans
Rain,552,17.7,981.1,99.5,16.7,19.1,4.4,79.0,1704141298,1704093057,raincoat_umbrella
Snow,625,7.0,1015.5,61.7,5.9,8.8,6.2,71.1,1704129879,1704093410,medium_coat_scarf
Snow,689,-12.3,1021.5,54.1,-13.6,-11.4,10.4,70.1,1704137346,1704093448,extreme_cold_gear
Clouds,893,17.6,1004.5,47.1,16.4,19.3,19.1,54.2,1704126261,1704095547,windproof_jacket
Clear,896,35.4,1011.1,36.3,33.3,36.5,7.7,2.2,1704139520,1704097479,hot_summer
Snow,641,-7.8,1037.2,55.3,-10.7,-5.8,6.2,56.9,1704131718,1704090365,warm_winter_coat
Snow,616,-1.8,997.6,89.0,-4.5,0.5,9.1,67.5,1704131109,1704095414,winter_wet_gear
Rain,575,18.6,1036.4,91.4,16.2,21.6,2.1,86.3,1704136348,1704089381,light_rain_jacket
Clouds,895,26.1,996.7,59.4,24.2,27.6,1.1,89.0,1704137654,1704089584,tshirt_shorts
Snow,666,-8.6,990.2,63.6,-9.4,-7.5,3.1,2.4,1704130698,1704091200,warm_winter_coat
Snow,641,-25.3,1034.1,38.3,-27.7,-22.8,15.1,91.2,1704138044,1704095953,extreme_cold_gear
Snow,652,-8.1,984.9,79.0,-9.9,-7.0,10.9,44.0,1704133632,1704090195,winter_wet_gear
Drizzle,388,10.6,998.9,73.5,8.2,12.7,4.4,19.6,1704136823,1704095407,light_jacket_jeans
Rain,518,11.4,1039.8,96.1,9.9,12.2,6.1,35.5,1704129182,1704096146,raincoat_umbrella
Drizzle,335,-1.8,1024.3,93.5,-3.6,0.8,2.5,2.3,1704139943,1704097759,winter_wet_gear
Rain,520,16.1,1018.3,78.5,15.3,16.8,7.2,49.6,1704127607,1704097239,raincoat_umbrella
Snow,646,-24.6,1037.6,58.0,-27.4,-23.7,15.1,30.1,1704139064,1704089243,extreme_cold_gear
Rain,539,24.3,991.1,86.2,23.6,26.9,9.4,27.5,1704141127,1704093646,light_rain_jacket
Rain,509,10.4,1029.4,82.3,7.5,12.5,5.6,20.9,1704134772,1704098488,raincoat_umbrella
Clear,893,20.2,988.5,42.0,19.6,21.0,9.5,21.3,1704133167,1704094295,tshirt_shorts
Clear,823,6.3,1021.9,50.8,4.7,8.5,4.4,14.3,1704141161,1704091885,medium_coat_scarf
Rain,566,26.7,980.5,74.8,26.0,28.1,2.6,21.5,1704133438,1704093553,light_rain_jacket
Clouds,856,15.8,998.9,65.1,13.2,18.5,13.8,42.5,1704137155,1704091876,windproof_jacket
Clouds,866,10.0,1035.6,49.8,7.7,10.6,14.3,75.8,1704135158,1704094445,windproof_jacket
Clouds,811,27.2,998.6,53.9,24.8,29.2,5.9,99.9,1704135926,1704093371,tshirt_shorts
Clear,843,0.9,1005.4,71.4,-1.6,3.8,7.7,8.6,1704136220,1704099490,medium_coat_scarf
Clear,808,-26.5,989.6,37.3,-27.3,-23.8,2.8,11.2,1704133885,1704094177,extreme_cold_gear
Drizzle,317,19.9,1014.9,52.0,16.9,20.7,9.2,50.1,1704137242,1704098476,light_jacket_jeans
Clear,871,39.6,1025.5,60.0,39.1,40.9,1.0,0.7,1704138667,1704094077,hot_summer
Drizzle,378,19.7,1034.4,83.6,16.8,22.5,4.8,95.0,1704137510,1704099447,light_rain_jacket
Clear,889,38.2,999.0,51.9,36.4,38.9,1.6,8.5,1704139428,1704090512,hot_summer
Clear,879,39.6,1005.5,37.0,38.5,42.2,4.8,13.4,1704134581,1704094040,hot_summer
Clear,826,-2.1,985.8,54.8,-4.0,0.5,2.1,7.1,1704138229,1704094564,warm_winter_coat
Clear,808,27.0,1001.3,79.8,25.8,28.0,0.1,8.4,1704126325,1704096458,tshirt_shorts
Clear,849,28.3,1032.4,56.8,26.9,29.4,5.8,25.9,1704132595,1704097171,tshirt_shorts
Clear,820,33.1,985.3,54.6,31.3,34.2,0.7,5.2,1704132005,1704091859,hot_summer
Snow,654,8.9,999.5,77.3,6.0,11.8,1.1,39.2,1704125624,1704095585,medium_coat_scarf
Rain,525,12.2,984.3,93.5,9.9,12.8,9.2,44.0,1704131470,1704089446,raincoat_umbrella
Snow,686,-11.9,996.1,48.0,-14.7,-8.9,14.2,68.2,1704141764,1704096680,extreme_cold_gear
Snow,628,-1.9,1022.0,94.2,-3.0,-1.1,4.8,63.8,1704142280,1704096917,winter_wet_gear
Clear,855,8.0,985.6,79.3,6.0,8.6,1.6,13.5,1704137460,1704090510,medium_coat_scarf
Snow,697,-13.2,993.9,39.4,-15.9,-11.8,9.4,12.4,1704131551,1704096191,extreme_cold_gear
Rain,573,7.7,1014.7,77.2,5.1,10.2,13.3,25.9,1704136394,1704089890,raincoat_umbrella
Clouds,834,11.4,990.4,41.2,9.7,13.8,15.7,45.7,1704133135,1704094224,windproof_jacket
Clouds,883,8.8,1010.5,42.6,6.6,10.9,18.4,58.0,1704136383,1704093476,windproof_jacket
Clouds,834,12.8,1017.3,59.5,11.9,14.3,12.2,65.3,1704140715,1704099214,windproof_jacket
Clear,861,-29.8,1008.1,69.2,-30.9,-27.3,11.4,4.4,1704134292,1704090409,extreme_cold_gear
Drizzle,380,-4.3,1015.6,86.9,-6.9,-2.3,4.0,17.4,1704132443,1704098210,winter_wet_gear
Clouds,860,14.5,1013.8,41.0,11.6,17.3,24.5,56.3,1704141559,1704091179,windproof_jacket
Drizzle,393,26.2,1005.8,93.7,25.3,27.4,3.7,9.8,1704136809,1704099077,light_rain_jacket
Drizzle,379,19.9,987.1,59.5,16.9,21.1,8.6,60.2,1704142756,1704097959,light_jacket_jeans
Clear,891,4.2,1014.1,78.3,2.9,6.4,3.6,15.6,1704135209,1704094215,medium_coat_scarf
Clouds,886,23.2,1030.7,47.8,21.9,24.3,8.1,25.9,1704133847,1704098610,tshirt_shorts
Rain,530,6.1,982.5,87.7,3.9,8.7,13.6,21.2,1704138931,1704097519,raincoat_umbrella
Clear,807,-5.9,980.5,50.1,-8.8,-3.6,2.1,1.4,1704126866,1704098949,warm_winter_coat
Rain,522,17.7,1020.9,82.2,15.6,18.4,5.9,19.5,1704134041,1704095497,raincoat_umbrella
Snow,682,-20.1,1025.5,78.7,-22.4,-18.2,14.0,19.9,1704138887,1704093161,extreme_cold_gear
Clouds,805,28.7,1030.5,79.9,27.7,29.5,2.4,82.3,1704130128,1704099377,tshirt_shorts
Clouds,853,9.2,1013.3,54.2,7.5,10.4,19.0,65.2,1704136635,1704098054,windproof_jacket
Clear,891,-5.0,991.8,48.0,-7.8,-3.3,7.6,1.7,1704135765,1704094288,warm_winter_coat
Drizzle,310,-3.2,1024.9,77.9,-4.1,-1.5,6.4,75.0,1704142202,1704097518,winter_wet_gear
Snow,601,-7.5,1012.5,98.7,-8.9,-6.3,10.9,98.3,1704138315,1704092467,winter_wet_gear
Clear,884,-27.2,985.7,72.1,-29.9,-25.3,2.1,28.0,1704134627,1704089946,extreme_cold_gear
Rain,557,24.3,994.7,76.8,22.7,24.9,6.4,58.9,1704129743,1704096727,light_rain_jacket
Clouds,865,3.3,1037.8,71.2,1.9,5.5,6.2,43.6,1704135929,1704093249,medium_coat_scarf
Clear,867,23.1,1033.1,51.9,20.9,25.6,3.1,21.7,1704135924,1704091576,tshirt_shorts
Snow,615,-17.5,1028.3,72.5,-20.3,-15.7,1.1,97.8,1704138671,1704098092,extreme_cold_gear
Clouds,808,19.9,985.8,62.2,19.1,21.1,11.7,73.2,1704135470,1704094965,light_jacket_jeans
Snow,649,-17.9,1033.0,72.3,-18.9,-15.9,15.9,15.9,1704126732,1704096615,extreme_cold_gear
Clouds,856,5.7,1004.2,74.2,4.4,8.3,6.1,32.1,1704139620,1704097710,medium_coat_scarf
Clear,896,22.4,1010.5,67.2,20.2,23.9,2.3,26.6,1704133003,1704092822,tshirt_shorts
Rain,543,18.8,1025.8,85.8,17.7,21.7,3.4,19.0,1704133779,1704089938,light_rain_jacket
Clouds,883,26.7,1008.0,78.0,26.0,27.9,4.9,65.5,1704136858,1704098724,tshirt_shorts
Snow,630,-7.6,993.8,65.6,-8.4,-6.1,8.2,27.0,1704127424,1704092888,warm_winter_coat
Clear,840,10.3,1001.4,60.2,8.2,11.4,8.1,23.3,1704136122,1704090376,light_jacket_jeans
Clear,888,30.1,996.2,43.8,27.4,31.1,0.5,23.1,1704133265,1704093806,hot_summer
Clear,819,-6.9,1037.5,70.6,-8.2,-4.0,9.7,13.8,1704124963,1704092923,warm_winter_coat
Snow,614,6.7,1006.6,77.2,4.1,8.7,1.6,14.9,1704125935,1704098300,medium_coat_scarf
Clouds,808,12.4,1000.8,42.6,10.7,14.3,19.2,2.8,1704138579,1704091474,windproof_jacket
Clear,865,2.8,1026.6,62.9,0.0,5.4,1.5,2.7,1704141151,1704099287,medium_coat_scarf
Drizzle,330,-4.8,1023.5,96.9,-6.6,-3.5,3.3,24.5,1704132016,1704096493,winter_wet_gear
Clouds,823,11.6,1036.7,49.4,10.7,13.1,22.4,74.8,1704141124,1704097001,windproof_jacket
Snow,653,-1.8,1007.5,92.9,-4.6,0.2,2.4,7.8,1704134890,1704090490,winter_wet_gear
Rain,548,21.0,992.8,86.0,18.2,22.6,9.7,65.4,1704136803,1704092221,light_rain_jacket
Clear,833,-5.6,988.1,56.5,-6.9,-2.9,11.4,22.1,1704142627,1704089387,warm_winter_coat
Clear,854,-10.4,1035.2,34.7,-11.8,-7.9,15.8,9.5,1704141700,1704099099,extreme_cold_gear
Clouds,895,8.5,995.5,43.7,6.2,11.4,15.9,72.8,1704141692,1704092152,windproof_jacket
Snow,665,9.0,1034.6,71.8,6.4,10.4,4.2,66.5,1704127791,1704088823,medium_coat_scarf
Rain,584,20.9,1028.3,85.0,18.1,22.7,5.5,55.9,1704134169,1704098384,light_rain_jacket
Rain,500,26.4,1010.6,77.1,25.4,28.0,2.2,85.6,1704125040,1704091569,light_rain_jacket
Clear,814,-8.7,1030.7,53.6,-10.5,-6.4,11.2,1.4,1704137805,1704091779,warm_winter_coat
Clouds,826,17.8,997.5,59.5,16.4,19.7,3.5,50.8,1704133975,1704089377,light_jacket_jeans
Clouds,881,27.0,984.3,63.5,25.1,28.4,8.3,69.1,1704135974,1704092474,tshirt_shorts
Clouds,802,23.2,1007.2,71.9,20.9,24.4,4.3,51.3,1704134809,1704090113,tshirt_shorts
Rain,558,11.5,1016.4,85.3,10.7,12.6,10.2,1.5,1704135181,1704096122,raincoat_umbrella
Snow,641,-0.9,1014.9,58.7,-3.9,1.5,6.4,21.5,1704129698,1704091378,warm_winter_coat
Rain,524,26.7,1020.8,85.2,23.9,28.3,9.1,51.2,1704127851,1704094206,light_rain_jacket
Clear,886,-8.4,987.4,46.7,-10.2,-6.1,4.0,2.8,1704134820,1704095606,warm_winter_coat
Clouds,841,12.8,1022.5,63.1,12.0,13.6,16.9,40.3,1704125385,1704090085,windproof_jacket
Snow,686,-1.4,1012.8,68.7,-2.4,0.2,7.7,95.1,1704132334,1704089066,warm_winter_coat
Clouds,878,14.2,1026.1,51.0,11.4,16.7,20.9,18.7,1704141160,1704095569,windproof_jacket
Snow,687,-4.4,994.9,89.1,-6.2,-3.4,12.3,91.6,1704141420,1704093263,winter_wet_gear
Snow,698,-28.7,1013.0,77.9,-30.1,-26.6,1.4,31.2,1704127814,1704095105,extreme_cold_gear
Clouds,840,10.4,1019.5,57.0,9.4,12.4,13.0,67.2,1704133403,1704095355,windproof_jacket
Clear,867,16.9,1016.3,79.3,16.4,17.6,11.6,15.8,1704125785,1704090485,light_jacket_jeans
Clear,830,31.8,1016.9,66.3,31.2,33.2,1.5,12.2,1704137149,1704091664,hot_summer
Drizzle,325,12.2,986.4,77.0,10.7,14.6,6.6,27.3,1704136671,1704089588,light_jacket_jeans
Clouds,893,8.8,1025.2,60.0,7.6,10.6,18.4,19.1,1704131754,1704094002,windproof_jacket
Clouds,829,14.0,1011.5,63.3,13.5,17.0,16.5,14.7,1704129820,1704092037,windproof_jacket
Snow,630,-1.8,1010.8,98.6,-4.3,-1.0,11.7,51.1,1704130983,1704090455,winter_wet_gear
Clear,884,-17.5,1018.4,44.6,-18.8,-15.0,2.4,6.4,1704134481,1704091175,extreme_cold_gear
Clear,850,35.5,984.9,40.9,34.2,38.0,3.9,13.8,1704132334,1704089415,hot_summer
Snow,693,-3.0,988.3,41.4,-5.8,-0.2,7.1,67.1,1704134388,1704094499,warm_winter_coat
Clear,887,-20.8,1034.7,64.4,-22.7,-20.1,5.9,25.5,1704132280,1704095099,extreme_cold_gear
Clouds,852,13.3,1016.7,60.2,12.5,14.8,13.6,59.8,1704125101,1704096955,windproof_jacket
Clear,822,27.7,984.9,70.6,26.1,29.2,2.9,0.3,1704133256,1704099474,tshirt_shorts
Snow,612,-17.0,1023.1,60.9,-18.3,-16.4,4.8,28.0,1704129978,1704094743,extreme_cold_gear
Drizzle,381,-7.6,1012.0,98.4,-10.1,-6.2,10.7,10.4,1704127831,1704098526,winter_wet_gear
Drizzle,336,26.9,1007.3,94.5,25.3,28.2,5.5,14.4,1704128127,1704099539,light_rain_jacket
Clouds,899,8.3,1032.0,42.7,6.3,10.9,19.7,44.9,1704136577,1704092653,windproof_jacket
Clouds,833,18.9,983.5,73.7,17.0,21.6,8.5,81.8,1704142027,1704099325,light_jacket_jeans
Rain,586,20.5,1039.0,74.2,18.1,23.1,3.6,59.5,1704137473,1704096010,light_rain_jacket
Rain,551,15.0,1024.5,82.5,14.3,15.6,12.9,70.4,1704141806,1704096309,raincoat_umbrella
Rain,535,18.1,983.4,92.6,15.6,19.2,11.2,11.0,1704127415,1704092640,raincoat_umbrella
Snow,622,-4.3,1010.0,51.2,-7.1,-3.0,10.7,80.2,1704137873,1704098307,warm_winter_coat
Clear,840,7.4,1023.4,79.1,6.0,10.0,9.0,0.6,1704128572,1704095853,medium_coat_scarf
Clear,899,12.4,1024.5,80.6,9.9,14.9,9.3,29.9,1704127520,1704099075,light_jacket_jeans
Rain,559,27.8,983.8,88.5,25.2,30.6,5.6,11.6,1704141187,1704089138,light_rain_jacket
Rain,504,25.0,991.4,83.8,23.7,26.8,6.5,82.7,1704137325,1704091495,light_rain_jacket
Clouds,898,25.7,1012.2,54.0,23.9,27.8,7.1,46.9,1704130001,1704095928,tshirt_shorts
Clouds,886,15.4,996.8,52.4,12.8,18.4,13.5,50.5,1704131112,1704095684,windproof_jacket
Clouds,812,22.4,1017.1,46.7,21.1,24.7,9.7,98.1,1704129501,1704091204,tshirt_shorts
Clear,852,18.1,1002.1,62.9,16.0,21.0,11.9,10.5,1704137529,1704099343,light_jacket_jeans
Drizzle,328,12.3,998.6,50.7,10.6,14.4,6.2,31.9,1704141670,1704095457,light_jacket_jeans
Drizzle,322,13.3,980.7,74.5,12.3,15.0,11.2,87.0,1704139630,1704098005,light_jacket_jeans
Drizzle,382,20.9,997.7,89.6,18.7,22.0,4.5,19.3,1704139418,1704093820,light_rain_jacket
Snow,608,-3.9,982.4,86.8,-6.2,-1.2,12.8,91.2,1704126326,1704088982,winter_wet_gear
Clear,840,-1.8,1024.9,62.3,-4.6,-0.7,6.9,4.6,1704139468,1704091637,warm_winter_coat
Clear,819,35.0,1022.8,30.3,34.4,37.4,6.1,11.0,1704129122,1704099115,hot_summer
Clear,802,-9.3,1032.0,56.1,-12.0,-8.4,10.7,28.9,1704135892,1704088838,warm_winter_coat
Snow,600,-5.5,986.4,71.8,-6.3,-3.9,1.2,64.5,1704140284,1704094284,warm_winter_coat
Clear,864,31.4,1023.0,68.5,29.3,34.4,0.1,21.2,1704130919,1704092168,hot_summer
Rain,509,22.9,1017.5,88.4,20.3,25.9,4.8,2.3,1704131278,1704099110,light_rain_jacket
Snow,602,-9.6,984.9,49.3,-10.1,-7.5,10.2,34.4,1704131718,1704098981,warm_winter_coat
Clear,830,32.4,1019.8,34.0,31.2,34.1,2.5,20.0,1704128586,1704090889,hot_summer
Rain,503,19.7,997.1,88.3,18.5,21.3,9.2,99.7,1704131086,1704088831,raincoat_umbrella
Rain,569,16.7,1022.7,82.5,13.8,17.8,3.5,73.4,1704141272,1704089693,raincoat_umbrella
Snow,606,-7.1,1012.2,85.8,-8.1,-4.2,13.2,47.2,1704139489,1704098611,winter_wet_gear
Snow,663,-1.3,1035.3,75.4,-4.1,-0.8,8.6,26.1,1704133382,1704089652,winter_wet_gear
Clear,831,36.3,991.1,40.9,34.7,38.9,1.5,10.3,1704138028,1704090094,hot_summer
Clear,826,8.1,987.9,53.3,7.3,11.0,3.4,26.9,1704136712,1704089986,medium_coat_scarf
Drizzle,359,-6.3,1015.4,97.4,-7.3,-5.0,12.1,31.5,1704141184,1704098838,winter_wet_gear
Drizzle,325,19.2,999.7,63.6,16.2,19.7,7.0,66.3,1704124870,1704098518,light_jacket_jeans
Snow,638,-5.2,1030.5,80.4,-7.2,-2.9,7.8,71.4,1704127533,1704097809,winter_wet_gear
Rain,559,6.6,1022.8,95.5,6.1,7.5,5.5,17.9,1704126719,1704092871,raincoat_umbrella
Rain,527,18.1,1003.4,93.6,16.7,18.6,6.7,4.5,1704141926,1704092302,light_rain_jacket
Clouds,843,14.3,1024.2,63.1,12.1,16.0,23.5,57.6,1704140679,1704091250,windproof_jacket
Clouds,801,9.2,996.4,40.7,8.3,9.9,23.2,50.3,1704127049,1704096844,windproof_jacket
Clear,803,-6.4,1006.2,71.3,-8.5,-3.8,8.4,26.2,1704139176,1704093311,warm_winter_coat
Clouds,885,22.6,1000.6,55.0,21.1,23.2,5.0,24.2,1704127877,1704097142,tshirt_shorts
Rain,543,12.5,1030.5,94.2,9.6,15.0,10.6,48.6,1704131662,1704093134,raincoat_umbrella
Rain,553,25.0,998.7,86.3,22.2,26.5,2.5,56.7,1704138302,1704094251,light_rain_jacket
Drizzle,325,-1.1,1029.4,80.3,-3.8,0.2,11.9,79.3,1704129832,1704099447,winter_wet_gear
Rain,509,20.6,1003.3,80.4,18.2,21.2,5.6,31.1,1704127349,1704091970,light_rain_jacket
Rain,561,26.5,1028.2,81.1,25.5,29.3,3.9,54.5,1704131406,1704099039,light_rain_jacket
Clear,833,12.8,1030.6,70.8,12.0,14.8,5.6,21.5,1704129390,1704090020,light_jacket_jeans
Rain,553,27.1,1034.7,86.0,24.2,27.7,9.4,6.3,1704134641,1704098796,light_rain_jacket
Clouds,823,17.2,999.0,68.5,15.3,19.7,12.1,83.7,1704132767,1704098015,windproof_jacket
Clouds,812,13.0,1005.2,77.1,12.3,14.8,10.5,66.8,1704125325,1704089285,light_jacket_jeans
Snow,601,4.9,982.2,63.6,4.1,5.9,5.2,36.8,1704129512,1704099190,medium_coat_scarf
Clouds,869,25.1,1005.4,40.4,24.1,27.0,6.7,51.1,1704126122,1704099374,tshirt_shorts
Clear,886,35.7,1026.7,31.5,34.3,36.9,5.0,15.0,1704137270,1704095742,hot_summer
Snow,615,0.4,1007.3,70.2,-1.3,1.5,3.2,65.6,1704138561,1704098308,medium_coat_scarf
Clear,832,-16.4,986.4,78.2,-17.8,-15.8,18.0,14.2,1704127470,1704093842,extreme_cold_gear
Rain,562,21.1,1008.2,86.7,20.4,22.2,2.3,23.7,1704134721,1704096602,light_rain_jacket
Snow,656,-0.9,992.2,78.6,-2.4,0.4,5.9,56.6,1704136754,1704097093,winter_wet_gear
Clouds,883,11.1,986.6,81.5,9.5,12.4,10.9,79.7,1704135857,1704096782,light_jacket_jeans
Clouds,895,9.5,994.7,58.8,7.8,11.2,12.2,59.1,1704129022,1704095934,windproof_jacket
Snow,607,-15.3,988.9,34.7,-16.3,-14.4,10.5,26.1,1704130168,1704099510,extreme_cold_gear
Snow,675,-11.5,1018.7,35.3,-13.4,-10.1,14.4,78.3,1704141818,1704091763,extreme_cold_gear
Drizzle,303,10.5,998.1,68.8,8.3,12.4,4.3,24.5,1704134277,1704089642,light_jacket_jeans
Clouds,851,1.1,999.9,57.8,-1.3,3.6,8.0,69.0,1704135557,1704098232,medium_coat_scarf
Clear,870,-0.2,984.8,48.7,-1.6,2.0,8.7,18.0,1704130181,1704093475,warm_winter_coat
Clear,853,12.6,1010.0,65.5,9.8,13.5,8.4,27.1,1704133470,1704098011,light_jacket_jeans
Clear,812,3.3,993.6,74.4,2.0,5.0,9.7,3.9,1704142268,1704092050,medium_coat_scarf
Drizzle,364,20.0,1007.5,87.1,19.5,20.8,2.9,63.6,1704131544,1704089785,light_rain_jacket
Clouds,870,12.3,1007.8,69.1,9.7,15.0,23.5,94.3,1704140237,1704096176,windproof_jacket
Clear,842,-5.3,1015.1,51.8,-6.8,-3.7,7.3,10.0,1704138491,1704092857,warm_winter_coat
Clouds,862,4.4,996.7,64.5,3.2,7.0,5.4,11.5,1704140103,1704094665,medium_coat_scarf
Clouds,884,16.3,1039.1,54.3,14.0,17.9,7.1,23.5,1704128487,1704095846,light_jacket_jeans
Snow,686,6.9,989.3,72.7,6.3,8.3,2.1,72.5,1704135138,1704098715,medium_coat_scarf
Drizzle,314,17.7,982.6,67.3,16.2,19.3,11.9,23.4,1704134880,1704098750,light_jacket_jeans
Rain,513,25.0,1018.7,84.0,22.4,26.0,8.4,88.7,1704125971,1704091388,light_rain_jacket
Snow,623,-10.8,982.5,41.2,-12.1,-9.1,15.7,0.2,1704131608,1704094700,extreme_cold_gear
Drizzle,351,16.7,988.4,72.7,13.7,19.3,10.1,78.3,1704136718,1704096919,light_jacket_jeans
Clear,836,-4.7,1009.8,74.6,-6.5,-3.9,9.3,4.2,1704128941,1704098575,warm_winter_coat
Rain,597,10.8,983.2,88.3,9.1,12.0,10.8,29.3,1704126360,1704089328,raincoat_umbrella
Clouds,894,27.4,993.0,76.1,25.3,30.2,0.1,82.7,1704135545,1704089417,tshirt_shorts
Clouds,850,8.9,1024.7,47.0,6.4,11.8,14.4,78.0,1704133760,1704098349,windproof_jacket
Rain,554,6.0,1036.8,99.7,4.6,6.8,10.5,10.4,1704140646,1704097823,raincoat_umbrella
Drizzle,302,-2.7,1006.5,80.8,-5.1,0.1,10.3,79.9,1704138378,1704092867,winter_wet_gear
Clear,827,-8.5,993.5,67.7,-10.6,-7.0,1.7,7.6,1704132891,1704090949,warm_winter_coat
Clear,808,31.6,1001.3,49.0,31.0,33.6,1.3,12.0,1704127531,1704098350,hot_summer
Clouds,846,8.9,1021.8,58.6,7.6,11.6,23.4,51.1,1704140197,1704093366,windproof_jacket
Rain,573,13.9,1025.6,97.6,12.8,16.1,5.4,68.5,1704141331,1704098783,raincoat_umbrella
Snow,646,-0.7,1021.2,52.2,-2.3,0.8,7.9,99.6,1704126572,1704089712,warm_winter_coat
Rain,583,16.2,989.8,83.6,14.4,18.6,13.8,31.6,1704128592,1704096887,raincoat_umbrella
Clear,877,34.4,990.0,52.6,32.3,37.3,4.8,11.4,1704141406,1704096658,hot_summer
Rain,596,18.1,1003.3,76.6,17.3,20.3,9.3,70.6,1704137711,1704089590,light_rain_jacket
Clear,858,-6.5,1000.5,46.5,-8.8,-4.2,6.5,1.2,1704139934,1704095483,warm_winter_coat
Clear,885,39.5,983.7,45.1,38.7,40.6,2.7,14.6,1704139358,1704092222,hot_summer
Clouds,897,21.3,1008.2,45.5,18.9,23.3,7.5,78.3,1704125130,1704096212,tshirt_shorts
Clouds,886,25.4,1024.5,48.2,24.1,28.4,7.0,25.9,1704138494,1704092842,tshirt_shorts
Clear,892,-17.6,1010.8,55.4,-19.6,-14.7,7.4,25.6,1704132740,1704090339,extreme_cold_gear
Clear,809,22.4,993.3,68.9,21.0,24.9,7.6,15.0,1704133367,1704095522,tshirt_shorts
Clear,809,-28.2,1034.6,54.3,-30.4,-26.2,17.2,16.3,1704126658,1704097556,extreme_cold_gear
Clear,829,25.8,1029.3,67.6,25.1,28.2,1.1,13.1,1704126606,1704092871,tshirt_shorts
Clouds,884,16.5,992.6,70.5,13.7,18.9,3.6,26.0,1704129337,1704094770,light_jacket_jeans
Rain,535,25.1,1030.6,89.6,22.8,27.1,8.8,37.9,1704132028,1704089052,light_rain_jacket
Snow,698,-8.0,1007.2,90.0,-10.2,-5.4,3.9,46.2,1704125541,1704092261,winter_wet_gear
Drizzle,375,-1.8,1036.6,80.2,-3.9,-0.7,2.5,63.7,1704137509,1704090303,winter_wet_gear
Clear,894,-24.1,988.9,39.8,-25.3,-22.4,17.4,16.1,1704138436,1704090607,extreme_cold_gear
Rain,526,19.9,989.9,82.2,18.0,22.3,4.5,61.0,1704128766,1704098228,light_rain_jacket
Clear,872,37.8,1010.8,31.5,36.1,40.0,7.0,11.9,1704140487,1704088937,hot_summer
Drizzle,396,-7.8,999.3,99.2,-8.6,-5.4,14.6,77.6,1704130004,1704091892,winter_wet_gear
Clouds,878,12.8,1017.1,65.0,12.0,15.8,18.8,41.3,1704130856,1704094540,windproof_jacket
Snow,628,-25.1,1020.5,74.9,-25.9,-22.5,11.7,55.7,1704130055,1704090782,extreme_cold_gear
Clear,879,31.6,985.6,37.5,30.9,33.2,2.4,4.3,1704127344,1704097392,hot_summer
Clouds,881,17.7,991.7,57.5,16.1,18.6,23.3,81.0,1704138516,1704097021,windproof_jacket
Clear,829,2.3,987.8,70.2,0.9,3.9,6.7,21.7,1704137555,1704090148,medium_coat_scarf
Snow,699,-4.9,1010.9,44.0,-7.1,-3.7,8.6,46.0,1704127728,1704092464,warm_winter_coat
Clear,859,-6.1,1020.5,59.4,-6.9,-5.1,4.3,12.6,1704137302,1704095373,warm_winter_coat
Clear,845,2.8,1018.1,60.1,1.4,4.7,9.2,0.5,1704126569,1704090398,medium_coat_scarf
Clouds,884,13.8,1037.1,57.9,12.2,16.0,22.2,35.6,1704140834,1704099246,windproof_jacket
Clear,896,-5.0,1007.8,54.5,-5.8,-3.8,5.9,29.9,1704134595,1704091076,warm_winter_coat
Clear,842,-13.4,1013.5,45.9,-15.0,-12.4,11.3,3.2,1704141789,1704092398,extreme_cold_gear
Clear,864,29.3,1003.6,62.9,27.8,30.1,1.7,9.5,1704139229,1704094238,hot_summer
Clouds,825,11.8,1027.0,56.4,11.1,14.3,13.0,98.5,1704128355,1704091410,windproof_jacket
Rain,575,27.6,981.4,88.2,24.6,30.3,2.5,48.0,1704136023,1704098877,light_rain_jacket
Drizzle,326,25.1,998.8,81.0,24.5,27.4,7.1,83.6,1704136435,1704097749,light_rain_jacket
Clear,835,31.7,1006.4,33.9,29.9,32.2,5.5,3.7,1704129458,1704098620,hot_summer
Rain,571,18.0,998.2,83.0,15.8,18.9,4.1,71.5,1704136695,1704090007,raincoat_umbrella
Drizzle,315,19.7,1033.2,75.4,18.9,20.2,7.2,38.5,1704128986,1704093183,light_rain_jacket
Rain,582,9.0,1019.9,98.4,6.4,11.3,11.2,42.6,1704135592,1704091858,raincoat_umbrella
Clear,872,15.2,1018.6,50.8,14.6,15.8,11.4,2.7,1704135852,1704095381,light_jacket_jeans
Rain,558,6.5,982.1,80.9,5.2,7.7,7.3,14.2,1704139978,1704097444,raincoat_umbrella
Clouds,898,13.9,1001.5,51.4,12.6,14.5,18.1,41.1,1704127933,1704089203,windproof_jacket
Clear,894,-1.6,1002.9,61.8,-2.4,-0.1,8.1,23.3,1704126877,1704089309,warm_winter_coat
Clear,849,4.2,995.0,62.9,2.5,5.0,3.1,23.6,1704128844,1704089295,medium_coat_scarf
Clouds,888,0.8,1024.2,65.3,-0.9,2.2,7.0,83.8,1704125040,1704096188,medium_coat_scarf
Clouds,879,20.9,1027.2,67.8,19.3,22.3,1.7,25.0,1704127077,1704098075,tshirt_shorts
Clear,894,30.5,1026.1,35.2,28.6,31.1,1.6,12.8,1704132824,1704089171,hot_summer
Rain,578,6.0,1009.5,91.4,3.2,8.4,11.1,68.7,1704132875,1704099181,raincoat_umbrella
Clouds,895,13.0,988.0,45.8,10.6,15.4,21.7,17.8,1704130079,1704097340,windproof_jacket
Clear,850,39.6,1036.3,32.9,37.5,41.3,0.4,15.9,1704138625,1704089811,hot_summer
Rain,551,27.4,1006.8,73.2,25.3,29.8,7.9,40.7,1704129423,1704098865,light_rain_jacket
Snow,672,-19.6,988.4,32.6,-20.8,-18.8,17.7,27.6,1704142260,1704098754,extreme_cold_gear
Clear,887,7.1,981.0,50.1,4.9,9.5,3.6,8.8,1704141179,1704097484,medium_coat_scarf
Clouds,850,9.1,1022.1,78.9,7.7,10.0,3.9,56.0,1704141500,1704092762,medium_coat_scarf
Clear,892,-15.8,997.1,43.8,-17.1,-14.3,19.7,24.9,1704134837,1704095978,extreme_cold_gear
Clouds,814,11.9,1003.0,62.9,9.5,12.9,12.9,23.5,1704139539,1704093745,windproof_jacket
Snow,655,-0.1,1002.4,90.3,-3.0,2.3,10.4,1.1,1704125336,1704096312,winter_wet_gear
Clear,840,1.7,1039.0,57.5,-0.5,4.5,7.9,25.3,1704124973,1704091880,medium_coat_scarf
Clouds,893,19.9,1025.3,71.4,19.0,22.3,8.1,23.2,1704127231,1704092524,light_jacket_jeans
Clouds,844,9.2,983.2,42.2,8.3,11.0,16.9,62.5,1704139699,1704089913,windproof_jacket
Clear,872,-3.0,1022.9,59.9,-5.5,-2.0,6.6,1.7,1704133562,1704093960,warm_winter_coat
Clear,852,17.9,983.6,65.2,16.5,20.6,2.2,20.3,1704125190,1704096730,light_jacket_jeans
Rain,526,18.5,1035.4,76.3,17.2,21.1,3.4,85.2,1704128392,1704091086,light_rain_jacket
Snow,606,9.6,1012.3,75.1,7.1,10.8,6.5,72.4,1704127232,1704096003,medium_coat_scarf
Snow,628,-9.3,1016.9,75.4,-10.0,-8.0,9.8,52.5,1704137486,1704092677,winter_wet_gear
Clear,838,23.0,1033.8,53.0,22.2,25.9,1.8,22.3,1704140109,1704096694,tshirt_shorts
Rain,582,22.0,997.3,86.8,20.0,22.9,6.5,22.7,1704130530,1704090303,light_rain_jacket
Clear,835,29.9,1002.6,51.9,29.3,31.1,0.7,12.4,1704141965,1704099121,hot_summer
Clouds,841,12.6,1028.2,82.5,10.6,14.4,8.7,4.9,1704129523,1704091964,light_jacket_jeans
Rain,594,22.9,1004.1,77.4,22.0,25.3,4.5,28.6,1704139771,1704093068,light_rain_jacket
Rain,526,23.0,1031.7,85.9,21.3,24.4,3.5,36.3,1704141013,1704098432,light_rain_jacket
Snow,668,-0.4,1025.2,55.4,-2.5,1.3,7.7,74.2,1704137933,1704095021,warm_winter_coat
Clear,848,-4.5,1007.2,46.0,-7.0,-3.6,10.1,4.6,1704132752,1704099254,warm_winter_coat
Clear,880,-5.8,1011.2,68.1,-6.8,-3.6,5.1,3.4,1704136436,1704097748,warm_winter_coat
Drizzle,393,-7.7,987.5,78.6,-9.0,-5.2,14.3,93.1,1704134146,1704099059,winter_wet_gear
Clear,803,37.6,1034.6,39.9,35.8,39.8,7.2,28.3,1704127158,1704097207,hot_summer
Clouds,865,27.5,1011.3,55.9,25.4,28.4,2.1,92.1,1704132489,1704096173,tshirt_shorts
Clear,854,37.3,1007.2,35.2,36.6,38.2,7.8,7.1,1704130866,1704094413,hot_summer
Snow,669,-8.0,983.6,50.0,-9.7,-6.7,6.0,88.4,1704130652,1704093962,warm_winter_coat
Rain,535,18.2,983.4,82.0,15.7,19.0,9.1,24.1,1704141792,1704091583,raincoat_umbrella
Clear,858,29.5,997.4,68.6,28.8,30.3,3.3,15.7,1704138745,1704090699,tshirt_shorts
Clouds,889,8.9,990.7,42.6,6.3,10.2,20.9,91.7,1704125571,1704098399,windproof_jacket
Clear,864,-9.4,991.9,63.9,-11.9,-7.2,8.6,28.7,1704132213,1704096946,warm_winter_coat
Rain,571,14.5,982.8,82.9,12.9,15.9,11.8,21.7,1704142694,1704090214,raincoat_umbrella
Clear,838,17.5,1014.2,67.3,15.7,20.2,3.3,14.8,1704132963,1704098464,light_jacket_jeans
Clear,880,20.8,1023.2,58.8,19.8,23.0,9.3,2.3,1704125392,1704098462,tshirt_shorts
Rain,508,20.0,1014.6,77.7,18.0,22.1,8.6,10.9,1704140273,1704098356,light_rain_jacket
Clear,800,39.1,1034.8,32.2,37.2,40.2,3.9,18.3,1704140136,1704092507,hot_summer
Snow,660,6.3,1022.2,54.5,4.1,7.1,9.7,75.6,1704136525,1704093825,medium_coat_scarf
Rain,516,21.8,1015.4,81.7,20.6,24.1,4.1,78.5,1704134260,1704096057,light_rain_jacket
Clear,804,23.5,981.0,60.9,22.6,24.2,3.6,16.9,1704124971,1704096959,tshirt_shorts
Drizzle,313,-1.9,1009.0,82.4,-4.7,-1.2,2.0,99.0,1704130402,1704090828,winter_wet_gear
Rain,579,8.8,1036.6,97.8,5.8,10.6,4.1,45.9,1704124927,1704096980,raincoat_umbrella
Rain,569,17.4,988.7,97.7,14.6,19.1,4.4,8.3,1704130587,1704089494,raincoat_umbrella
Snow,616,-25.7,1012.2,78.6,-26.4,-22.8,4.6,32.9,1704136406,1704092842,extreme_cold_gear
Snow,623,4.7,1024.0,58.6,2.7,7.3,3.3,27.6,1704127808,1704097839,medium_coat_scarf
Drizzle,395,15.8,1001.0,69.0,13.8,17.6,10.7,42.3,1704125527,1704096565,light_jacket_jeans
Clear,868,29.0,984.3,69.7,27.8,31.1,1.0,26.4,1704131846,1704092353,hot_summer
Clear,838,29.8,1007.6,32.5,26.8,30.5,6.2,1.7,1704142506,1704096306,hot_summer
Snow,671,-26.9,995.8,42.2,-29.1,-25.2,0.1,31.7,1704126362,1704097902,extreme_cold_gear
Rain,588,22.3,1016.4,85.3,19.7,24.8,6.9,55.9,1704136245,1704093305,light_rain_jacket
Clear,860,32.7,1032.1,68.1,31.3,33.4,2.6,26.4,1704130407,1704096625,hot_summer
Clear,807,-18.9,1002.2,33.7,-20.5,-16.7,4.0,8.0,1704138735,1704094628,extreme_cold_gear
Clear,878,36.4,1003.5,38.7,33.6,38.9,2.9,29.3,1704126024,1704091409,hot_summer
Clear,843,31.5,1000.9,60.9,31.0,32.8,4.1,11.2,1704142335,1704095781,hot_summer
Rain,555,7.7,982.5,94.0,6.6,8.6,5.2,61.9,1704130053,1704099401,raincoat_umbrella
Snow,619,-10.9,986.9,48.6,-11.7,-8.1,10.3,96.0,1704141157,1704090863,extreme_cold_gear
Clouds,835,21.9,1008.1,53.8,21.1,22.7,3.5,33.4,1704133264,1704089161,tshirt_shorts
Rain,533,16.8,1035.9,85.9,16.2,19.2,9.1,37.8,1704139467,1704094990,raincoat_umbrella
Clouds,836,20.7,1003.2,55.6,18.7,23.4,7.4,33.0,1704131738,1704089313,tshirt_shorts
Clouds,805,10.4,980.6,55.5,9.0,11.5,2.7,30.6,1704134337,1704089497,light_jacket_jeans
Snow,694,-28.7,1022.0,54.8,-30.3,-26.0,10.5,1.1,1704136903,1704089071,extreme_cold_gear
Snow,691,-6.3,1009.0,67.1,-7.3,-5.1,9.3,40.4,1704139428,1704092457,warm_winter_coat
Snow,632,-7.7,983.1,93.9,-10.5,-4.9,10.9,72.5,1704138958,1704096200,winter_wet_gear
Snow,648,-7.9,1038.3,69.7,-9.1,-5.7,10.7,12.0,1704138323,1704098036,warm_winter_coat
Clouds,804,16.0,1037.3,43.9,15.1,17.9,13.0,48.9,1704133157,1704091642,windproof_jacket
Snow,684,-3.8,1036.6,64.3,-4.4,-0.8,11.1,84.0,1704137281,1704096399,warm_winter_coat
Clear,833,-16.2,1005.1,33.2,-18.6,-14.8,17.8,5.4,1704138174,1704094265,extreme_cold_gear
Snow,667,-6.2,1004.1,51.3,-8.7,-3.8,6.6,78.8,1704132132,1704092789,warm_winter_coat
Drizzle,353,25.2,1023.4,86.1,22.9,27.2,5.2,9.8,1704125963,1704095604,light_rain_jacket
Snow,659,-11.5,1027.5,56.5,-13.1,-9.0,5.6,27.2,1704135706,1704098859,extreme_cold_gear
Snow,664,-3.1,1001.9,68.4,-5.2,-1.3,5.8,32.9,1704126613,1704093901,warm_winter_coat
Clouds,835,11.9,998.4,65.1,10.6,13.3,14.0,26.1,1704141766,1704091438,windproof_jacket
Clear,860,31.1,995.4,59.2,30.1,33.0,7.9,19.6,1704142296,1704093810,hot_summer
Rain,544,5.9,1016.9,83.9,4.9,8.0,12.3,36.3,1704136432,1704098385,raincoat_umbrella
Drizzle,354,20.5,1031.2,82.2,17.7,23.3,7.8,8.6,1704133915,1704088885,light_rain_jacket
Snow,620,-3.7,1026.3,89.0,-5.9,-1.7,8.9,23.3,1704128733,1704092461,winter_wet_gear
Rain,522,16.3,1007.6,91.4,13.8,17.7,15.0,70.6,1704142245,1704093737,raincoat_umbrella
Clouds,898,25.8,1039.6,57.5,24.1,28.7,0.2,54.4,1704128206,1704090483,tshirt_shorts
Clear,826,0.2,982.6,51.9,-1.1,2.8,8.7,20.4,1704141960,1704097951,medium_coat_scarf
Clouds,876,24.1,991.9,49.3,23.2,26.2,5.3,50.8,1704126787,1704096942,tshirt_shorts
Rain,580,10.0,1006.2,90.7,7.4,10.6,4.6,20.4,1704136164,1704092644,raincoat_umbrella
Snow,666,-8.3,1019.1,89.8,-9.2,-6.1,5.7,13.5,1704129244,1704099314,winter_wet_gear
Snow,603,-10.4,1017.3,64.4,-13.3,-8.6,13.3,55.5,1704138099,1704095963,extreme_cold_gear
Snow,642,-21.8,1004.8,48.7,-24.0,-20.6,9.6,38.6,1704130352,1704098980,extreme_cold_gear
Clouds,851,13.9,999.7,40.2,11.1,16.5,15.8,54.7,1704134149,1704091307,windproof_jacket
Clouds,812,17.2,1014.3,61.7,14.5,19.9,17.6,69.0,1704139392,1704098854,windproof_jacket
Clear,862,24.9,990.0,54.2,22.9,27.0,8.9,4.5,1704131832,1704090901,tshirt_shorts
Clear,821,7.9,997.9,71.5,5.5,10.4,2.9,24.2,1704142252,1704092280,medium_coat_scarf
Clear,825,-20.6,981.1,36.9,-21.5,-19.6,0.4,1.0,1704136178,1704091469,extreme_cold_gear
Rain,540,9.8,1008.7,99.4,8.2,10.4,11.7,75.1,1704136053,1704094666,raincoat_umbrella
Clouds,886,11.8,981.4,49.7,10.3,14.0,23.1,62.5,1704129095,1704090937,windproof_jacket
Clear,801,-18.0,1038.9,66.8,-18.5,-17.1,11.8,14.8,1704133251,1704099212,extreme_cold_gear
Clouds,882,9.5,1007.8,69.9,6.9,12.1,21.5,63.0,1704133643,1704092306,windproof_jacket
Snow,651,9.2,1033.0,77.2,7.4,11.3,9.0,51.0,1704139886,1704098476,medium_coat_scarf
Drizzle,372,20.5,1012.7,92.1,19.4,21.3,4.7,83.2,1704137484,1704099042,light_rain_jacket
Snow,668,-4.3,985.6,86.5,-4.9,-2.0,3.1,54.5,1704135553,1704099532,winter_wet_gear
Clear,884,33.4,995.0,46.3,30.7,35.0,5.5,19.2,1704142676,1704098638,hot_summer
Clouds,801,14.9,1018.2,74.4,13.9,17.3,2.1,54.2,1704129783,1704092077,light_jacket_jeans
Clouds,805,12.6,1038.3,51.5,11.6,14.2,24.2,65.1,1704138443,1704094162,windproof_jacket
Clouds,803,16.1,1007.0,45.2,13.5,17.1,20.2,77.3,1704128218,1704096113,windproof_jacket
Clear,871,17.3,992.1,73.5,15.1,18.2,6.7,26.7,1704138145,1704096411,light_jacket_jeans
Clear,836,19.5,1015.8,52.5,17.0,21.5,6.9,7.4,1704135750,1704088995,light_jacket_jeans
Clear,831,28.2,990.7,34.2,27.1,29.0,6.4,19.6,1704137800,1704091426,hot_summer
Clear,864,-26.3,988.9,39.9,-27.0,-23.6,19.7,27.2,1704135756,1704094274,extreme_cold_gear
Drizzle,383,17.9,1027.1,55.6,16.9,20.0,4.5,43.4,1704127051,1704096713,light_jacket_jeans
Snow,696,-2.1,1012.0,78.2,-2.9,-0.2,4.6,88.1,1704138180,1704096933,winter_wet_gear
Clouds,880,14.1,1032.4,60.4,13.2,15.2,23.3,86.1,1704131257,1704094225,windproof_jacket
Clear,833,-14.3,982.7,63.2,-16.8,-13.8,2.5,21.4,1704139025,1704090419,extreme_cold_gear
Rain,554,23.4,1001.5,71.1,22.4,24.6,7.5,93.6,1704133392,1704094252,light_rain_jacket
Clouds,843,28.1,1006.1,57.1,25.7,29.0,7.0,41.8,1704128835,1704092456,tshirt_shorts
Clear,814,6.9,1014.4,62.1,4.8,7.9,9.9,20.1,1704128695,1704094071,medium_coat_scarf
Snow,613,6.4,1000.8,77.1,5.4,8.7,7.8,60.4,1704139764,1704089283,medium_coat_scarf
Clouds,808,16.9,1014.8,43.9,14.3,19.8,12.7,94.6,1704132672,1704096938,windproof_jacket
Clear,859,21.3,1033.6,79.0,19.5,23.4,8.7,26.6,1704125721,1704094689,tshirt_shorts
Drizzle,349,11.6,1031.3,74.8,9.0,12.8,7.4,8.1,1704125522,1704095872,light_jacket_jeans
Rain,562,16.3,1025.5,82.9,14.6,18.2,14.7,5.8,1704133760,1704096309,raincoat_umbrella
Clear,831,-4.9,1026.3,59.3,-7.3,-2.6,10.0,23.0,1704140424,1704096118,warm_winter_coat
Snow,648,-9.7,1008.0,54.5,-10.6,-9.2,11.0,55.0,1704130888,1704099528,warm_winter_coat
Rain,553,16.3,1029.6,98.0,14.8,17.6,5.6,90.6,1704136097,1704099081,raincoat_umbrella
Clouds,809,16.9,1038.6,55.2,16.0,19.4,20.9,78.3,1704128987,1704096882,windproof_jacket
Drizzle,302,18.2,1005.1,93.7,15.2,20.0,9.2,65.3,1704140165,1704089846,light_rain_jacket
Clear,850,11.5,1023.1,84.2,10.2,13.1,4.4,4.3,1704132899,1704090876,light_jacket_jeans
Clear,866,-21.2,1019.4,72.1,-23.1,-18.8,14.5,29.1,1704125627,1704097976,extreme_cold_gear
Drizzle,390,-9.2,1021.7,77.6,-11.8,-7.9,7.7,39.7,1704124949,1704089292,winter_wet_gear
Snow,605,-23.4,985.9,61.2,-25.3,-22.6,8.7,64.8,1704129293,1704089564,extreme_cold_gear
Clear,807,34.4,1005.3,35.7,32.7,36.4,0.1,8.9,1704127014,1704089272,hot_summer
Clouds,832,13.8,1011.7,62.7,12.8,16.8,15.3,31.4,1704132822,1704098655,windproof_jacket
Rain,575,23.5,1037.8,91.7,21.5,24.1,3.0,92.2,1704128026,1704093705,light_rain_jacket
Clouds,854,9.0,1021.2,61.9,8.4,10.6,8.2,76.2,1704133618,1704098056,medium_coat_scarf
Snow,664,-0.6,1023.6,83.6,-2.1,0.4,6.1,65.4,1704132544,1704095479,winter_wet_gear
Snow,618,-7.9,981.6,98.8,-10.9,-6.5,7.4,51.5,1704136383,1704090325,winter_wet_gear
Clear,887,29.8,1001.6,72.2,28.0,30.4,8.6,9.7,1704127388,1704099009,tshirt_shorts
Clouds,864,14.6,1007.8,69.6,11.6,15.9,12.4,98.8,1704135361,1704088800,windproof_jacket
Clouds,829,19.1,1023.7,50.6,18.6,19.8,5.7,42.7,1704142167,1704095805,light_jacket_jeans
Snow,669,6.1,1000.6,52.9,3.1,7.8,8.5,65.9,1704128695,1704091122,medium_coat_scarf
Drizzle,303,26.2,1028.6,87.3,24.7,27.5,2.9,93.5,1704142016,1704094442,light_rain_jacket
Clouds,891,25.0,1007.3,58.5,24.4,25.9,6.4,45.8,1704139607,1704094075,tshirt_shorts
Drizzle,352,15.6,1019.7,54.3,14.4,17.9,5.2,15.7,1704126438,1704095828,light_jacket_jeans
Snow,699,-8.5,983.2,92.0,-11.4,-6.1,11.2,28.2,1704134534,1704089390,winter_wet_gear
Clouds,830,22.7,1002.8,41.7,20.6,24.3,3.6,80.5,1704125750,1704095842,tshirt_shorts
Clear,842,27.8,1013.2,67.4,25.5,29.0,6.8,16.9,1704140489,1704092609,tshirt_shorts
Clear,862,12.5,1025.1,58.4,10.4,14.1,7.1,13.4,1704139600,1704095392,light_jacket_jeans
Drizzle,364,-0.4,1013.0,99.3,-0.9,1.5,9.6,90.3,1704142226,1704089066,winter_wet_gear
Clouds,838,27.3,995.7,63.1,25.8,28.5,2.4,49.1,1704133466,1704097521,tshirt_shorts
Snow,669,-26.5,1018.7,33.8,-27.1,-25.6,9.6,75.4,1704134260,1704095509,extreme_cold_gear
Clouds,850,1.5,1011.5,65.3,0.1,3.0,8.1,35.7,1704137950,1704089015,medium_coat_scarf
Clear,881,-6.3,1005.3,56.4,-9.1,-4.1,6.7,3.2,1704135052,1704093872,warm_winter_coat
Clouds,888,16.6,1034.0,69.6,14.3,17.5,6.6,22.0,1704140471,1704095449,light_jacket_jeans
Clear,849,32.0,1003.4,39.9,29.8,33.0,7.9,22.0,1704129863,1704091381,hot_summer
Clear,890,16.1,996.7,70.3,14.1,19.0,12.0,23.4,1704142773,1704097740,light_jacket_jeans
Clouds,858,9.4,983.0,60.2,8.1,10.1,14.4,82.5,1704138523,1704097806,windproof_jacket
Clear,895,-24.0,988.1,69.3,-25.1,-22.8,15.5,27.1,1704142180,1704091131,extreme_cold_gear
Drizzle,394,-0.4,989.8,91.7,-2.4,1.7,9.0,62.5,1704137693,1704098436,winter_wet_gear
Clouds,815,4.4,998.8,57.0,2.0,6.6,9.2,99.8,1704132873,1704088933,medium_coat_scarf
Clouds,834,22.0,1020.9,53.0,19.5,23.4,0.1,26.9,1704142182,1704093983,tshirt_shorts
Snow,695,-2.6,985.0,44.7,-4.3,0.2,4.2,61.6,1704138801,1704096797,warm_winter_coat
Clear,897,39.5,1021.3,61.5,38.3,42.1,2.5,13.1,1704141031,1704089215,hot_summer
Clear,836,-4.0,1036.8,48.1,-5.0,-3.2,7.5,27.6,1704139713,1704089260,warm_winter_coat
Clouds,801,10.7,1012.4,57.6,9.7,11.9,9.6,32.8,1704127988,1704093436,light_jacket_jeans
Drizzle,363,-1.9,1037.4,82.3,-3.5,-0.2,3.0,55.7,1704140309,1704096040,winter_wet_gear
Drizzle,308,16.7,1039.6,75.7,15.6,17.9,4.7,18.3,1704142589,1704099333,light_jacket_jeans
Clouds,874,14.3,1008.5,58.1,12.2,16.8,19.5,85.2,1704125698,1704090047,windproof_jacket
Snow,655,-10.0,999.8,88.3,-12.4,-7.5,11.5,90.1,1704128109,1704089029,winter_wet_gear
Clouds,833,16.9,1017.0,67.5,14.0,18.6,16.2,49.2,1704128388,1704099167,windproof_jacket
Clear,800,35.5,987.3,45.3,33.1,37.6,1.6,18.5,1704125555,1704094527,hot_summer
Rain,533,18.4,1037.9,93.8,15.9,19.1,11.6,86.4,1704134821,1704091381,raincoat_umbrella
Clouds,869,10.4,1021.6,58.9,9.1,11.3,17.4,49.3,1704136228,1704092483,windproof_jacket
Rain,573,24.3,992.3,74.7,23.2,24.9,5.9,18.2,1704130321,1704096534,light_rain_jacket
Drizzle,324,18.7,1039.0,91.6,16.0,20.7,6.9,85.0,1704141241,1704089674,light_rain_jacket
Clouds,827,20.8,1031.7,73.7,20.3,22.3,0.1,45.1,1704136039,1704090817,tshirt_shorts
Drizzle,385,23.2,1035.2,74.5,22.0,24.3,7.5,2.0,1704128858,1704089869,light_rain_jacket
Drizzle,370,21.9,996.7,76.5,19.1,24.5,6.3,87.0,1704142618,1704093104,light_rain_jacket
Clear,869,0.2,1015.0,78.9,-0.4,1.4,3.0,29.1,1704138526,1704095375,medium_coat_scarf
Clear,819,-28.8,995.8,53.5,-29.4,-27.7,3.7,10.6,1704130936,1704097188,extreme_cold_gear
Drizzle,344,21.3,1002.5,91.8,18.5,23.0,5.2,64.1,1704133023,1704096605,light_rain_jacket
Snow,635,-9.8,996.6,79.7,-12.4,-9.2,11.3,42.0,1704128921,1704089045,winter_wet_gear
Clear,891,37.0,1030.3,42.5,34.3,38.1,2.4,2.2,1704141647,1704095204,hot_summer
Clouds,855,16.7,1000.0,49.7,14.4,18.0,24.1,61.0,1704133259,1704092603,windproof_jacket
Clear,895,37.1,1014.1,58.5,35.6,40.1,1.7,26.0,1704127370,1704093683,hot_summer
Rain,598,10.2,1031.9,84.2,9.6,11.7,8.5,14.0,1704137176,1704089400,raincoat_umbrella
Clouds,893,29.2,1011.2,74.1,26.3,32.1,5.8,93.1,1704127690,1704090154,tshirt_shorts
Clear,899,-0.3,1014.0,61.5,-1.5,0.4,9.8,10.2,1704127384,1704094659,warm_winter_coat
Snow,681,-7.3,1020.2,50.2,-8.6,-6.0,6.1,70.6,1704134554,1704094060,warm_winter_coat
Rain,561,9.0,1020.3,84.7,8.0,10.0,7.4,9.0,1704128536,1704089970,raincoat_umbrella
Clear,873,21.4,983.9,62.1,20.6,22.1,2.7,1.5,1704133540,1704097014,tshirt_shorts
Snow,645,8.1,993.5,69.0,7.1,10.8,5.2,69.2,1704131996,1704092623,medium_coat_scarf
Clear,806,23.4,1035.8,41.2,22.7,26.1,4.0,18.8,1704129187,1704091703,tshirt_shorts
Rain,587,21.8,1009.3,75.0,20.9,22.8,8.5,56.8,1704134061,1704090159,light_rain_jacket
Rain,512,16.9,992.9,90.5,14.9,18.7,5.3,26.2,1704137293,1704091757,raincoat_umbrella
Rain,509,6.5,1009.6,86.7,4.0,8.7,11.0,67.4,1704140164,1704095454,raincoat_umbrella
Clouds,825,28.3,1039.4,40.8,25.4,29.3,1.1,28.0,1704138351,1704092699,tshirt_shorts
Snow,649,-4.8,987.9,47.2,-6.9,-3.2,5.5,61.7,1704140096,1704092468,warm_winter_coat
Clear,838,27.2,1008.8,47.5,24.6,29.5,7.4,13.6,1704130131,1704089155,tshirt_shorts
Clear,818,29.0,1027.5,67.5,26.5,31.7,6.6,6.0,1704141940,1704091922,hot_summer
Rain,539,13.7,1016.2,97.4,13.2,14.3,9.7,34.6,1704126646,1704098393,raincoat_umbrella
Clouds,868,9.9,980.0,55.7,8.7,10.8,22.4,70.2,1704142202,1704091761,windproof_jacket
Drizzle,301,27.4,1003.1,70.7,25.7,29.3,8.3,58.6,1704140160,1704094148,light_rain_jacket
Drizzle,330,20.5,1033.2,86.4,18.4,22.3,5.1,55.8,1704125941,1704098364,light_rain_jacket
Drizzle,333,-4.6,1011.7,90.2,-7.3,-3.6,7.1,54.0,1704128596,1704091463,winter_wet_gear
Clear,846,-7.2,1003.0,46.0,-10.1,-5.5,8.7,16.9,1704132480,1704090445,warm_winter_coat
Snow,691,-23.2,988.1,59.6,-23.8,-20.5,5.2,52.1,1704142762,1704097193,extreme_cold_gear
Drizzle,375,20.9,982.6,81.2,19.9,23.3,7.9,78.1,1704130912,1704095555,light_rain_jacket
Snow,696,1.8,991.4,78.2,0.4,4.2,6.2,84.5,1704137657,1704095749,medium_coat_scarf
Clear,811,24.0,1030.3,60.3,22.2,26.2,8.1,27.3,1704134975,1704090007,tshirt_shorts
Clear,886,-1.9,986.9,62.2,-3.2,0.2,2.4,28.1,1704134817,1704089193,warm_winter_coat
Rain,513,18.4,1037.4,80.7,16.0,19.2,6.7,32.6,1704128816,1704093482,light_rain_jacket
Snow,643,-17.7,1003.5,48.2,-19.0,-16.0,6.3,65.3,1704129080,1704096997,extreme_cold_gear
Clear,847,23.3,1040.0,56.5,22.3,24.2,6.0,14.8,1704134858,1704089257,tshirt_shorts
Rain,542,23.2,1004.4,83.8,21.7,25.5,2.7,52.0,1704133084,1704097130,light_rain_jacket
Clear,856,-18.4,983.3,64.0,-20.7,-17.3,11.1,8.2,1704134423,1704093719,extreme_cold_gear
Rain,523,15.1,999.4,88.0,13.0,16.2,11.3,14.9,1704133649,1704093728,raincoat_umbrella
Clear,864,13.2,1007.3,83.3,11.7,14.3,8.5,14.0,1704134302,1704092975,light_jacket_jeans
Snow,665,-17.1,1033.6,32.2,-18.4,-15.4,19.0,29.8,1704130038,1704095486,extreme_cold_gear
Rain,581,21.3,1013.8,89.4,20.4,22.0,2.6,10.0,1704125667,1704098538,light_rain_jacket
Rain,559,15.4,997.8,81.8,14.2,17.4,8.5,15.0,1704131343,1704097720,raincoat_umbrella
Snow,684,3.7,1003.9,66.3,3.0,5.4,5.1,71.9,1704126323,1704091631,medium_coat_scarf
Clear,860,29.3,1005.1,54.5,27.2,31.8,8.4,13.2,1704135476,1704089164,tshirt_shorts
Clouds,865,8.7,996.5,56.5,7.8,11.6,17.6,79.3,1704126928,1704089060,windproof_jacket
Rain,598,14.1,1033.8,79.7,13.2,14.7,3.7,53.4,1704133284,1704090094,raincoat_umbrella
Clear,852,21.9,1033.0,62.4,20.3,23.8,8.7,2.1,1704138577,1704090388,tshirt_shorts
Snow,608,6.0,1008.1,76.0,3.6,7.1,6.8,95.8,1704138477,1704092978,medium_coat_scarf
Clouds,893,2.3,982.1,74.3,1.1,4.0,1.5,2.7,1704142741,1704089960,medium_coat_scarf
Snow,656,-7.8,992.4,44.2,-9.3,-5.7,3.6,98.5,1704132813,1704096317,warm_winter_coat
Clouds,888,27.2,1022.8,54.9,26.5,28.1,6.8,93.5,1704140423,1704089540,tshirt_shorts
Clear,886,2.5,1002.3,55.8,1.4,3.0,4.4,3.5,1704139135,1704092590,medium_coat_scarf
Rain,514,27.4,987.5,73.6,26.1,28.7,9.1,65.1,1704128868,1704099581,light_rain_jacket
Snow,621,-4.4,1037.2,98.6,-6.6,-1.9,3.0,46.5,1704125609,1704090436,winter_wet_gear
Clear,821,-3.5,981.3,41.9,-4.5,-0.5,11.2,0.2,1704140541,1704089583,warm_winter_coat
Clouds,862,16.3,1017.7,66.6,13.9,16.8,5.5,5.3,1704133871,1704092114,light_jacket_jeans
Clear,898,32.5,1010.2,34.1,31.4,33.8,5.8,21.3,1704125263,1704092409,hot_summer
Clear,869,-6.1,1030.1,49.2,-7.2,-4.2,11.3,5.3,1704128650,1704093266,warm_winter_coat
Clear,893,20.4,997.8,79.9,18.9,21.7,8.7,7.7,1704130528,1704092821,tshirt_shorts
Clear,894,-6.1,1023.8,50.3,-8.7,-3.3,6.4,1.4,1704141281,1704097235,warm_winter_coat
Snow,609,-6.9,986.6,59.6,-7.6,-3.9,4.6,23.2,1704134349,1704091345,warm_winter_coat
Drizzle,360,21.5,999.8,75.0,18.9,24.4,5.4,53.5,1704126717,1704091515,light_rain_jacket
Rain,519,26.9,986.5,87.7,26.3,28.1,2.1,98.3,1704128118,1704094723,light_rain_jacket
Clear,802,39.0,1007.6,40.1,36.7,41.5,6.0,25.3,1704127993,1704095886,hot_summer
Clouds,819,10.4,1031.7,62.1,8.3,11.5,22.9,27.0,1704140769,1704095525,windproof_jacket
Snow,605,0.8,1032.2,51.7,-0.8,2.2,2.6,35.6,1704129470,1704096515,medium_coat_scarf
Snow,635,-19.1,1023.1,49.6,-20.2,-16.2,1.8,72.3,1704139295,1704097200,extreme_cold_gear
Snow,605,3.2,992.1,71.8,1.2,3.7,5.3,54.7,1704129163,1704091000,medium_coat_scarf
Clear,819,30.4,1014.6,30.9,28.4,32.9,6.9,26.7,1704138297,1704093440,hot_summer
Clear,811,-7.4,1030.5,68.6,-9.9,-5.8,9.3,19.5,1704125360,1704096123,warm_winter_coat
Clear,820,22.5,999.6,52.2,21.6,24.9,7.7,7.3,1704132967,1704090200,tshirt_shorts
Rain,590,16.2,1024.3,91.2,14.9,17.4,12.2,47.6,1704142067,1704096137,raincoat_umbrella
Snow,679,-9.8,986.9,88.7,-10.9,-9.2,2.7,69.1,1704128555,1704090573,winter_wet_gear
Rain,525,20.8,994.0,73.9,18.7,23.3,8.0,24.5,1704140729,1704095089,light_rain_jacket
Snow,684,-28.0,981.6,38.4,-30.0,-27.1,9.3,93.9,1704131573,1704093296,extreme_cold_gear
Drizzle,387,-1.2,1031.1,75.3,-3.6,0.2,13.9,12.4,1704126034,1704093981,winter_wet_gear
Drizzle,382,10.4,1003.5,67.6,9.3,12.7,2.6,89.7,1704125608,1704092065,light_jacket_jeans
Snow,659,-4.1,992.6,89.2,-5.9,-2.9,6.9,51.9,1704128500,1704089352,winter_wet_gear
Drizzle,331,14.5,1010.7,81.9,12.0,16.0,6.9,41.7,1704140316,1704091708,light_jacket_jeans
Snow,614,-6.4,1012.9,50.7,-7.7,-4.2,10.0,16.3,1704137376,1704090454,warm_winter_coat
Rain,585,18.7,995.3,76.8,16.7,20.9,12.1,17.5,1704125505,1704093063,raincoat_umbrella
Snow,629,-1.8,1024.5,79.3,-4.7,-0.0,10.9,90.1,1704133870,1704093483,winter_wet_gear
Clouds,826,7.3,1021.7,59.5,5.3,9.4,3.2,48.0,1704135835,1704094833,medium_coat_scarf
Rain,530,16.3,997.3,76.5,14.9,17.5,7.1,10.4,1704140699,1704095652,raincoat_umbrella
Clouds,853,0.9,1009.2,59.7,-1.2,2.6,9.7,47.4,1704127311,1704092639,medium_coat_scarf
Rain,565,12.7,1018.8,92.0,11.1,13.7,8.0,25.8,1704135393,1704089212,raincoat_umbrella
Rain,575,21.9,1011.7,84.7,20.4,23.0,5.6,82.7,1704141675,1704094959,light_rain_jacket
Clear,891,30.5,996.1,39.2,29.6,31.4,3.8,3.0,1704138467,1704099309,hot_summer
Clouds,825,7.6,1013.3,71.7,4.9,8.8,9.0,27.9,1704128227,1704095880,medium_coat_scarf
Drizzle,323,18.3,1033.5,80.5,15.5,20.4,7.3,93.8,1704124842,1704096171,light_rain_jacket
Rain,584,23.4,1019.8,89.0,20.9,24.3,8.9,98.0,1704141058,1704094280,light_rain_jacket
Snow,691,-28.8,1021.1,31.7,-30.7,-28.2,4.4,96.2,1704141761,1704091586,extreme_cold_gear
Clouds,887,16.4,1037.0,72.9,14.5,17.7,2.8,10.7,1704135783,1704093442,light_jacket_jeans
Clear,868,11.0,985.9,60.2,10.2,12.0,8.6,16.8,1704126010,1704090659,light_jacket_jeans
Rain,511,19.6,1012.9,76.0,17.1,21.0,3.9,29.0,1704141873,1704095937,light_rain_jacket
Clear,876,18.6,984.6,80.0,16.5,20.9,11.5,16.1,1704138660,1704095753,light_jacket_jeans
Drizzle,315,-8.9,982.2,80.7,-11.8,-8.0,11.8,98.8,1704128470,1704093132,winter_wet_gear
Clear,879,29.8,995.5,67.1,26.8,31.5,3.9,13.8,1704136201,1704092350,hot_summer
Clear,860,16.8,1018.6,82.7,15.4,17.7,9.8,3.5,1704138293,1704098317,light_jacket_jeans
Rain,554,19.2,982.1,75.1,18.2,19.8,7.9,11.2,1704129865,1704089830,light_rain_jacket
Clear,828,-5.8,987.4,51.5,-8.2,-3.5,6.8,11.9,1704133213,1704097136,warm_winter_coat
Snow,646,-0.0,1021.9,97.2,-1.4,1.4,5.5,38.7,1704134483,1704095703,winter_wet_gear
Drizzle,386,-8.5,1001.8,76.3,-9.2,-6.3,9.6,20.7,1704141133,1704091731,winter_wet_gear
Clouds,891,6.5,989.5,68.6,5.5,8.0,9.3,17.0,1704140666,1704098241,medium_coat_scarf
Clouds,848,16.0,1031.8,44.5,15.3,16.6,20.6,32.3,1704124875,1704089988,windproof_jacket
Clouds,845,8.7,1000.0,60.8,7.9,9.9,18.6,23.5,1704133396,1704093751,windproof_jacket
Clear,814,-14.9,1036.9,46.0,-17.2,-13.0,7.8,13.8,1704130512,1704097050,extreme_cold_gear
Clear,843,31.2,1039.5,62.1,28.7,32.7,0.4,3.9,1704140651,1704094115,hot_summer
Snow,645,-1.7,986.4,92.9,-3.9,0.2,2.4,7.6,1704126389,1704092675,winter_wet_gear
Clear,823,-0.7,1025.3,51.9,-3.4,1.7,9.4,27.9,1704129141,1704095674,warm_winter_coat
Clear,872,9.8,1036.2,74.0,8.1,11.8,4.1,30.0,1704125583,1704088864,medium_coat_scarf
Snow,647,-7.2,984.5,44.1,-9.8,-6.5,1.3,54.3,1704124891,1704090022,warm_winter_coat
Clouds,823,1.8,1021.2,55.3,-0.0,3.1,5.7,2.2,1704133239,1704096974,medium_coat_scarf
Snow,611,-7.2,1033.8,45.6,-8.6,-4.8,5.7,25.6,1704139651,1704089688,warm_winter_coat
Clear,872,27.3,1004.4,56.4,25.5,29.2,3.6,12.3,1704127226,1704094169,tshirt_shorts
Snow,661,-27.2,982.0,33.7,-30.0,-25.6,16.7,68.8,1704128729,1704089538,extreme_cold_gear
Clear,815,-4.2,1025.6,70.3,-5.2,-3.0,10.9,17.9,1704127308,1704095309,warm_winter_coat
Clear,812,31.9,1016.6,55.8,30.7,33.7,6.8,25.6,1704125009,1704093665,hot_summer
Clouds,813,13.1,1026.1,46.8,10.7,15.0,15.1,1.9,1704142751,1704098911,windproof_jacket
Clear,867,36.2,1032.1,49.9,35.6,39.0,4.9,17.1,1704136977,1704096246,hot_summer
Drizzle,308,25.1,984.5,91.8,22.4,26.9,6.7,67.9,1704142645,1704094131,light_rain_jacket
Clear,811,2.4,1022.7,52.6,1.9,4.3,4.6,8.6,1704131843,1704096272,medium_coat_scarf
Clear,842,-11.5,992.6,50.3,-12.9,-10.4,4.4,20.6,1704132385,1704096293,extreme_cold_gear
Snow,640,-1.8,992.5,56.6,-3.8,-0.5,7.9,41.6,1704139333,1704092430,warm_winter_coat
Rain,570,9.1,987.8,80.0,6.9,11.4,5.4,61.1,1704141952,1704094549,raincoat_umbrella
Clouds,857,28.1,1036.0,76.2,25.5,28.9,0.2,81.0,1704142078,1704096778,tshirt_shorts
Rain,534,7.9,997.2,98.4,6.5,8.8,10.0,70.5,1704136369,1704091362,raincoat_umbrella
Snow,635,-3.5,997.8,61.6,-5.6,-1.9,5.1,30.8,1704124906,1704090250,warm_winter_coat
Rain,515,8.1,1033.3,99.3,7.4,9.8,4.6,70.4,1704141578,1704094404,raincoat_umbrella
Clouds,810,22.1,1033.9,78.0,20.3,23.7,0.6,30.4,1704131246,1704090655,tshirt_shorts
Rain,520,5.9,996.5,86.4,4.6,7.3,6.5,22.2,1704142417,1704092134,raincoat_umbrella
Snow,678,-3.7,1013.7,79.2,-4.6,-0.8,3.6,5.9,1704135842,1704096843,winter_wet_gear
Clear,859,33.2,1026.3,59.9,32.2,35.1,6.6,1.2,1704139829,1704098896,hot_summer
Clear,868,-11.5,1023.8,40.5,-14.4,-8.6,8.8,20.3,1704138341,1704094963,extreme_cold_gear
Clear,889,-7.9,1012.0,58.6,-9.5,-5.5,9.2,14.4,1704138301,1704096936,warm_winter_coat
Rain,520,23.4,1039.9,94.3,21.4,24.9,9.5,10.1,1704130357,1704094552,light_rain_jacket
Snow,674,9.8,1030.5,75.9,9.0,11.0,1.8,63.5,1704139261,1704096243,medium_coat_scarf
Clear,801,-19.2,1033.3,54.4,-21.6,-16.9,11.5,19.5,1704139504,1704098773,extreme_cold_gear
Snow,629,-3.1,998.9,65.4,-3.8,-0.9,9.4,99.4,1704128837,1704099284,warm_winter_coat
Drizzle,352,15.6,1002.1,62.8,14.6,16.5,2.4,49.9,1704135346,1704094290,light_jacket_jeans
Clear,811,-3.4,982.0,43.6,-4.7,-2.1,11.1,29.2,1704137309,1704093617,warm_winter_coat
Drizzle,378,-6.6,1025.2,91.0,-7.4,-5.9,11.0,86.1,1704132643,1704097307,winter_wet_gear
Drizzle,347,-3.4,998.9,79.5,-4.0,-2.6,3.1,81.4,1704125469,1704089946,winter_wet_gear
Drizzle,334,24.8,988.6,72.4,22.0,27.3,2.9,64.5,1704135206,1704099416,light_rain_jacket
Snow,647,-5.9,1028.7,94.4,-7.6,-5.0,9.1,8.5,1704127548,1704097335,winter_wet_gear
Rain,514,13.9,1006.0,79.9,11.4,14.9,14.1,16.7,1704134931,1704090350,raincoat_umbrella
Rain,517,18.6,1022.4,84.8,15.8,19.2,9.8,95.3,1704125684,1704091480,raincoat_umbrella
Clear,803,22.5,1014.5,49.4,19.9,23.4,1.9,9.8,1704125045,1704093817,tshirt_shorts
Clouds,858,24.2,991.5,73.6,22.4,25.7,5.9,58.1,1704132300,1704090092,tshirt_shorts
Clear,805,-2.3,1021.9,63.6,-3.6,0.2,5.8,0.4,1704140773,1704097041,warm_winter_coat
Clouds,847,26.8,1031.7,78.5,24.5,27.9,3.0,93.4,1704125444,1704092407,tshirt_shorts
Clouds,827,16.7,1032.4,63.1,14.5,17.6,12.0,7.9,1704138475,1704089472,windproof_jacket
Rain,577,16.3,1026.4,75.9,14.3,16.9,7.7,90.5,1704126136,1704093083,raincoat_umbrella
Drizzle,313,14.6,1037.0,68.0,13.4,16.4,7.2,64.9,1704136315,1704095574,light_jacket_jeans
Clear,880,33.2,1006.4,42.5,31.1,34.2,4.0,3.2,1704136503,1704095491,hot_summer
Clear,891,-13.2,1033.3,39.7,-15.1,-12.3,13.2,27.1,1704138026,1704095919,extreme_cold_gear
Drizzle,303,14.0,1021.0,82.6,11.1,15.0,2.4,85.1,1704125584,1704094538,light_jacket_jeans
Drizzle,373,16.9,1015.9,57.7,15.4,17.7,5.9,37.4,1704138308,1704098960,light_jacket_jeans
Clear,826,-0.6,1037.2,47.5,-3.1,0.6,10.4,25.6,1704138486,1704093196,warm_winter_coat
Drizzle,328,12.8,1025.8,57.7,10.6,13.3,5.8,71.4,1704128819,1704090335,light_jacket_jeans
Clear,886,-19.1,1027.2,47.4,-21.8,-17.7,14.9,12.9,1704136501,1704097034,extreme_cold_gear
Drizzle,356,-8.5,1022.9,83.7,-9.2,-7.7,11.5,3.7,1704125790,1704094934,winter_wet_gear
Snow,674,8.5,1013.9,61.0,7.6,11.4,3.6,27.2,1704133300,1704094106,medium_coat_scarf
Rain,562,16.3,1003.1,80.6,14.4,17.6,4.2,91.8,1704127177,1704092295,raincoat_umbrella
Clouds,868,10.9,990.7,40.2,8.1,13.4,22.0,5.2,1704138784,1704089908,windproof_jacket
Clear,816,24.3,1013.9,61.6,23.7,27.0,4.5,14.1,1704135400,1704093599,tshirt_shorts
Snow,667,9.0,1025.2,55.0,6.2,9.5,7.6,15.4,1704125186,1704093493,medium_coat_scarf
Rain,522,24.6,984.9,78.0,23.3,26.9,3.8,5.8,1704130186,1704091020,light_rain_jacket
Drizzle,316,21.9,1039.1,85.7,19.4,22.8,3.5,79.6,1704135336,1704088991,light_rain_jacket
Clear,887,10.4,1012.8,53.6,7.8,12.0,2.9,6.5,1704136551,1704096311,light_jacket_jeans
Clear,885,3.5,1016.4,60.7,1.1,6.1,8.0,10.9,1704125238,1704091338,medium_coat_scarf
Clear,843,28.6,1016.9,38.4,27.1,30.7,4.5,1.2,1704136286,1704096339,hot_summer
Clouds,840,21.6,1014.9,41.9,20.7,22.4,2.0,78.6,1704130292,1704096892,tshirt_shorts
Snow,625,-1.0,1026.6,83.2,-2.8,0.4,9.3,25.3,1704126494,1704092884,winter_wet_gear
Rain,596,18.9,987.7,75.5,17.8,21.1,4.7,70.6,1704140964,1704095269,light_rain_jacket
Clouds,802,13.0,983.7,47.7,10.3,14.7,24.4,27.5,1704136530,1704095280,windproof_jacket
Clear,820,35.4,997.1,37.5,33.4,38.1,0.2,13.3,1704127059,1704090919,hot_summer
Clear,853,4.6,993.1,65.6,2.1,5.9,1.4,24.2,1704128102,1704093780,medium_coat_scarf
Drizzle,317,21.7,1015.3,72.7,20.1,23.5,2.4,80.2,1704138054,1704091723,light_rain_jacket
Drizzle,322,23.7,1033.4,78.6,21.3,25.9,5.1,58.8,1704139050,1704094513,light_rain_jacket
Drizzle,302,21.9,1010.9,75.3,20.3,24.3,4.7,59.9,1704136770,1704095112,light_rain_jacket
Clear,831,35.2,998.1,36.6,33.2,36.2,5.9,13.9,1704130247,1704096809,hot_summer
Snow,645,-2.1,985.5,72.8,-5.0,0.8,7.3,50.2,1704137389,1704099526,warm_winter_coat
